human_uniprot,virus_uniprot,label
P00403,P06460,1
Q99828,P36801,1
Q8N6Y0,P10217,1
Q96C01,P06464,1
E7EMB3,P24830,1
Q9UHF1,P03230,1
Q8NDZ6,YP_009227203,1
Q9UHV2,P03126,1
Q30KQ2,O40939,1
P62508,P0C763,1
P03886,Q32ZE1-PRO_0000435839,1
P14866,P03470,1
Q9ULX6,P12504,1
Q06787,YP_009227203,1
P05141,P15659,1
P61619,P29990-PRO_0000037929,1
Q5HYJ3,P03430,1
P38646,Q20MH0,1
Q96DT7,YP_009227205,1
P04844,P0C739,1
P00367,P0DOE9,1
P19387,YP_009227202,1
Q8WV28,P03211,1
Q13409,P0DOE9,1
O43294,P0CK48,1
Q9H8X9,P29996,1
P12956,P03427,1
Q15025-1,O41969,1
P31689,P0DOE9,1
P17936,P06465,1
Q04837,B4URF7,1
P12931,P04604,1
P61353,P03427,1
P52294,NP_740697,1
O95793,Q0HD54,1
P61978,Q20MH0,1
Q9P013,Q20MH3,1
Q9Y6C9,P03246,1
P31946,Q1K9H5,1
O75955,P04578,1
P22087,Q99IB8-PRO_0000045603,1
P78371,P03427,1
O00505,P03427,1
Q8WUM4,Q88019,1
Q14533,P06422,1
Q9BRJ6,Q05127,1
Q15561,P06930,1
Q9Y5M8,K9UT94,1
P46459,P03427,1
P20700,P03452,1
P24534,P03430,1
P49336,P68336,1
P62158,P06921,1
Q9BUF5,P05777,1
Q15038,Q2Q067,1
P01579,P24770,1
Q9Y5J9,P04578-PRO_0000038428,1
Q53GQ0,P69901,1
Q9GZU8,Q58HT7-PRO_0000268116,1
O00339,Q80HW9,1
Q9Y4E8,Q80907,1
O43521,P17361,1
P15514,P06921,1
Q13123,P36817,1
O76071,P03468,1
Q6NYC1,P17383,1
Q15208,P03430,1
P98175,P03454,1
Q96BQ5,A0A024B7W1-PRO_0000443029,1
Q9HC16,Q784Z8,1
Q8WXF7,YP_009227196,1
Q9UHD9,P17385,1
Q8TB52,P03427,1
P37802,YP_009227202,1
P62269,P03470,1
Q9Y224,Q67020,1
Q9BS26,P04578-PRO_0000038427,1
P13489,P03225,1
P12277,P0C1C6,1
Q9Y6C9,P05780,1
O94782,P17382,1
O94826,P03452,1
P06733,P36778,1
P17252,P03206,1
P54577,P19712-PRO_0000038050,1
P61289,P03225,1
Q9Y244,H9XIJ5,1
P62241,P36801,1
P23284,NP_751926,1
O14656,YP_009227200,1
P62266,P04620,1
P10620,P06460,1
P62873,P03468,1
O15260,P0CK49,1
P26373,P03470,1
Q9BRQ6,Q77M19,1
O75928,P03113,1
Q15758,Q9WMX2-PRO_0000037547,1
Q9BPW8,P06821,1
O95905,YP_009227196,1
Q86VP1,P04015,1
P61163,Q1K9H5,1
Q15326,P03211,1
P14923,P03470,1
O75955,YP_009227204,1
Q06830,P05777,1
O14735,I6T1Z2,1
Q9H173,Q20MH8,1
P63010,NP_579895,1
Q5JVF3,Q9WPI5,1
Q86VP1,P03126,1
P53801,B8ZX49,1
O00571,P15682,1
Q12905,Q6QDQ4,1
P46782,P15659,1
O96008,P29991-PRO_0000037944,1
P07355,P16727,1
P78316,P15659,1
P0C0S5,P15682,1
O14745,P12497-PRO_0000042399,1
Q9NWW5,Q77M19,1
E9PI68,P06932,1
P11387,P03120,1
P19801,A0A2Z5X739,1
P35998,P06463,1
P36542,P0C739,1
P18085,P05777,1
P14927,Q32ZE1-PRO_0000435839,1
Q86WV6,Q99IB8-PRO_0000045601,1
Q9BXS5,P04601,1
P06400,Q8JSK4,1
P10599,P03454,1
P55209,P05780,1
Q9BRK5,Q20MH8,1
P06733,P03496,1
Q16650,P29990-PRO_0000037929,1
Q9Y6N5,P05777,1
O00560,B4URE7,1
Q8NCP5,B4URE7,1
O60341,P29991-PRO_0000308465,1
Q9NX74,O92551,1
Q9H8M9,P03182,1
Q8N4Q1,Q1I2B2,1
P98179,P68318,1
O00220,P03126,1
Q92783,YP_009227200,1
P30049,Q20MH4,1
P17980,P13285,1
Q8WWC4,Q1K9H5,1
Q9BVG9,YP_009227196,1
Q9NXV2,P03470,1
Q96GA3,P0DKB0,1
P11473,Q98184,1
O43889,P0C739,1
Q96PZ2,P03070,1
Q16352,B4URF7,1
G5E975,Q69022,1
Q7Z739,E5LBS6,1
A0A087WYL7,P68336,1
P82933,P03433,1
O00571,P05777,1
O15381,C5E522,1
Q9UBU6,O36551,1
Q96N66,P06460,1
Q96QE5,P06921,1
Q96GC9,YP_009227196,1
P30519,Q66479-PRO_0000039497,1
P50479,P06932,1
P56192,P0CK48,1
P62829,Q8AZK7,1
Q9Y2R9,P17383,1
Q9HC62,P03070,1
P29401,Q8JSN5,1
P28300,P0C739,1
Q8NI60,B4URF7,1
Q13445,A0A024B7W1-PRO_0000443029,1
Q9BRP8,Q9WMX2-PRO_0000037541,1
P33897,P69901,1
Q9NZL4,Q2PRM9,1
P49207,Q1HVF7,1
Q01813,P03468,1
P62244,YP_009227196,1
P49756,Q69117,1
P33993,P06463,1
Q99549,P06430,1
P45984,P03495,1
Q2NL82,YP_009227196,1
Q02543,P03454,1
P08697,NP_803144,1
Q96EY1,P04488,1
Q9P253,YP_009227199,1
Q8N2W9,P24830,1
O75427,P29996,1
P48444,P68978,1
Q8WWI5,P06930,1
Q5H9R7,P05780,1
P0C0S5,P03454,1
P19224,Q69027,1
Q8IXM3,P03433,1
Q99622,Q32ZE1-PRO_0000435842,1
O96024,P03087,1
P26373,P05777,1
O00571,P12792,1
P04844,P0CK56,1
P12956,YP_009227196,1
Q5VVQ6,YP_009227202,1
P07237,YP_009227204,1
Q7Z739,P17388,1
P30153,P0CK48,1
P46781,Q8AZK7,1
P62847,P15682,1
Q8TF01,A0A024B7W1-PRO_0000443032,1
Q8NBJ9,P06927,1
Q96CP6,P69901,1
O00499,P27958-PRO_0000037576,1
P40937,C5E519,1
Q9BZX2,P05780,1
Q53EL6,Q32ZE1-PRO_0000435842,1
P61956,P06930,1
Q96BI3,P06428,1
Q99650,K9UT94,1
P04637,P27958-PRO_0000037566,1
Q9Y2D8,P03410,1
P38159,Q6QDQ4,1
Q9Y3B6,P06463,1
Q9UKB1,Q9WB91,1
Q8NHL6,Q8BEL4,1
P40616,P05780,1
P26045,P06930,1
Q8N9T8,YP_009227205,1
P62263,EBI-6857440,1
Q16795,P03468,1
Q96AA3,YP_009227203,1
Q16656,P06429,1
Q13011,P03428,1
Q9H4G4,P03246,1
Q96HC4,P0CK56,1
Q14257,P88970,1
Q9H078,P05777,1
P08670,Q77M19,1
Q96N66,P03070,1
Q9Y5Q9,YP_009227196,1
Q7L7L0,P0C1C7,1
P61353,P15659,1
O75844,YP_009227204,1
Q8NC51,P03182,1
P18085,P03454,1
O95470,P06927,1
Q8TF42,P13285,1
Q9H920,A0A024B7W1-PRO_0000443029,1
Q5SY16,YP_009227196,1
O15162,P10218,1
O00487,Q2MG95,1
Q8WUY1,YP_009227203,1
Q7L5N7,P36801,1
P12004,Q2PRM9,1
O60716,P03508,1
Q9BRP8,P06935-PRO_0000037743,1
B4E3S0,P03508,1
Q9Y2R5,P17388,1
P20618,P06930,1
Q9Y692,O92551,1
P40939,P29990-PRO_0000037929,1
P53701,Q1K9H5,1
P52907,Q8AZK7,1
P52292,P0DOE9,1
O43264,Q99IB8-PRO_0000045597,1
P42677,A0A0C7TUY8,1
P62807,P05777,1
P27348,P0C1C7,1
Q8TCG1,P05780,1
Q92973,P03468,1
P0DMV8,P03421,1
Q99873,P03493,1
P0DMV8,P05777,1
P07437,P15059,1
P14373,P03188,1
Q9GZP9,P27915-PRO_0000037999,1
P25398,EBI-6857440,1
Q9HDC9,P05777,1
Q9Y230,P06821,1
Q96DZ1,O36551,1
P00167,Q9WMX2-PRO_0000037550,1
Q5JTW2,C5E526,1
Q53H12,P03433,1
Q96PK6,P03508,1
P00403,P06792,1
Q86YD1,P0DOE9,1
Q9BXK5,P06423,1
P07237,P0CK56,1
Q5SSJ5,I6TAH8,1
Q92973,P04012,1
Q99615,P15659,1
P62195,P03070,1
Q9BZF3,Q76RG8,1
P50991,P03129,1
Q8IXM3,Q2I360,1
Q96EQ0,Q1K9H5,1
Q9NR30,P15659,1
P46776,P68466,1
P27824,O40918,1
P46779,YP_009227203,1
Q9HAN9,P04620,1
P13501,Q2F862,1
P40227,Q00335,1
P31943,P05777,1
B8ZZN6,P19893,1
Q14697,Q1K9H5,1
Q16576,P03470,1
P20700,P03496,1
P46779,P03454,1
P05534,P04601,1
P35268,P03433,1
Q6P1J9,P06935-PRO_0000037753,1
P62081,Q58HT7-PRO_0000268103,1
Q9BXK5,P24830,1
B4E2Q0,P06788,1
Q71UM5,P06463,1
Q9UH99,YP_009227203,1
Q8TEV9,YP_009227196,1
Q8N4L8,P14079,1
Q8N5G2,YP_009227196,1
P28300,P06932,1
Q96AD5,P06821,1
Q8IUF8,P03410,1
P29122-1,O41947,1
Q8NE71,P03430,1
Q96B26,Q20MD1,1
Q9HC07,P0CK49,1
Q9BVP2,C5E526,1
P35613,P0C739,1
O95817,P29991-PRO_0000308465,1
Q96HE7,P04578,1
E9PE17,P03433,1
Q8N2X6,P03129,1
Q15012,P69901,1
P20963,P04601,1
Q15782,P04578,1
A0A0U1RQC9,NP_751919,1
Q9NXS2,P06821,1
Q71U36,Q00335,1
Q9NVI7,P05777,1
P32519,P06430,1
P25705,P04487,1
Q8NBJ7,P04578-PRO_0000038427,1
P24941,P06788,1
O95831,P0CK56,1
Q9H4A6,A0A024B7W1-PRO_0000443029,1
P35637,P03427,1
Q06787,P06429,1
P05455,NP_740325,1
Q9H490,P06460,1
P61513,Q9WMX2-PRO_0000037547,1
Q96EE3,E5LBS6,1
P25788,P0C732,1
A2BF26,P24830,1
D3DNK7,P15659,1
Q01130,Q77M19,1
O94766,Q77UU3,1
P23396,P15659,1
Q15773,P05780,1
P17480,P15682,1
P22087,Q05127,1
P63010,YP_009227196,1
P36952,P36801,1
Q5C9Z4,Q1K9H5,1
Q9GZR7,P03427,1
Q9NZT1,Q1K9G9,1
P30041,P03496,1
Q02878,P03129,1
Q14116,Q9IW12,1
Q66K89,Q64770,1
O15260,P04578-PRO_0000038428,1
Q9NVV0,YP_009227200,1
P07339,P04578,1
P17980,P06463,1
O95235,P03120,1
P62736,B9VXK6,1
Q6UB35,P03177,1
Q8NHQ1,Q67296,1
Q6UX53,NP_751926,1
Q9NZJ7,P05780,1
P10599,P03430,1
P40938,Q1K9H5,1
P61201,P29991-PRO_0000037946,1
Q99661,P23372,1
O00308,P14076,1
Q14103,P03430,1
Q96NL6,P29991-PRO_0000037941,1
O14735,P03118,1
P17275,E7DBL9,1
P02511,P05780,1
Q8N5K1,YP_009227204,1
Q15005,YP_009227196,1
Q16630,P04620,1
Q52LJ0,YP_009227199,1
O60832,P03508,1
F5GXF0,NP_751921,1
P62888,P04487,1
Q12981,YP_009227203,1
P56385,Q20MH4,1
Q01581,YP_009227202,1
P07900,Q1K9H5,1
Q9UL15,P03070,1
A6NIZ1,P29991-PRO_0000037944,1
P25789,Q2MG95,1
P63244,P15682,1
P61073,P03377-PRO_0000038388,1
P38936,P06428,1
Q9Y6H1,P36801,1
Q8NHQ9,P03070,1
P08238,P14335-PRO_0000037710,1
Q99962,P10228,1
P31151,Q80HW9,1
O95870,P04578,1
Q9H5Z1,A0A024B7W1-PRO_0000443032,1
P35548,O56232,1
Q86WN1,P03211,1
Q12933,P89055,1
Q9Y265,P12792,1
P18615,P16749,1
Q92665,P03431,1
P61353,P03470,1
P20339,Q99IB8-PRO_0000045601,1
P29762,P27958-PRO_0000037576,1
Q99729,P19712-PRO_0000038050,1
Q9HA64,O40945,1
P67809,P03454,1
P38435,Q1K9H5,1
Q9UKV5,YP_009227198,1
O00429,F5HFG5,1
Q9UBB4,Q20MH8,1
P17844,P29991-PRO_0000308465,1
Q15005,YP_009227203,1
Q13077,Q20MD1,1
Q9BRK4,P0C722,1
F8VVA7,P04305,1
P46776,P15682,1
P11166,P03182,1
Q14318,NP_751927,1
Q8IWA0,YP_009227196,1
Q9UJY1,Q8AZK7,1
Q96EY1,P05777,1
Q9BQ04,P03470,1
Q96HA8,P06428,1
Q9GZV8,P06486,1
Q13425,P03126,1
P02533,P15682,1
Q96N66,Q69117,1
Q9H307,Q05323,1
Q9NRR5,P17385,1
P63151,P14254,1
Q9Y6D9,P03410,1
Q96EY4,YP_009227196,1
Q9UHG3,P69901,1
P08579,P03508,1
Q6PML9,YP_009227204,1
Q92973,P06460,1
P35606,P88988,1
O60678,Q76S40,1
P28300,P06463,1
O60831,P0CK58,1
Q8N1B4,P24830,1
Q16611,Q9J5G4,1
P53999,P04326,1
P28300,P03220,1
Q3ZAQ7,YP_009227203,1
Q8N668,A5Z256,1
Q9UNE7,Q9DUG7,1
O95400,I6T1Z2,1
Q8NBM4,P13285,1
Q9Y2D8,P03495,1
P06737,P03427,1
Q9H840,Q20MH8,1
Q9GZT9,P03070,1
Q9BWM7,P0CK56,1
P20290,YP_009227196,1
P08574,Q9WMX2-PRO_0000037541,1
P27824,P0DOE9,1
Q9Y3T6,P14357,1
Q6IAL9,P29996,1
A0A1W2PR46,NP_803144,1
P62195,P03468,1
P27824,Q99IB8-PRO_0000045596,1
Q8N6N3,P05780,1
Q9Y2X3,P03485,1
Q9Y6N5,P03470,1
Q5TA45,Q0A2H0,1
Q9NZI8,O56264,1
P34741,Q77Q82,1
P43246,Q9Q2G4,1
P10074,P06430,1
Q71UM5,P06788,1
P62316,Q8AZK7,1
Q9H3K2,P29996,1
P61254,Q77M19,1
Q8TE76,P06428,1
Q6ZWT7,YP_009227203,1
Q15007,P10240,1
O60831,P15659,1
P60903,Q69028,1
Q8IWX8,P03129,1
Q09161,P03470,1
P63104,Q77M19,1
Q9P2K5,YP_009227196,1
Q9Y2S7,P06422,1
Q9UH62,P05780,1
Q9C026,P03129,1
P36897,NP_751919,1
Q9Y5M8,P24835,1
P31431,P06930,1
Q9BYJ9,C5E526,1
Q13563,YP_009227200,1
Q8N448,P06430,1
P52597,P03427,1
Q13247,Q1K9H2,1
D6RFH4,P06821,1
O00425,Q1HVF7,1
P85037,P06464,1
P62913,P09992,1
Q70UQ0,P06461,1
Q00325,P03496,1
Q13185,Q82506,1
P15328,P10204,1
Q12834,P06423,1
Q93062,P03203,1
P51665,P05777,1
P83731,P04608,1
Q969X5,P06792,1
Q9Y624,P06427,1
Q13404,P08393,1
O60447,P03427,1
Q9H089,YP_009227205,1
Q14192,P0CK48,1
Q53GQ0,P06821,1
Q8N1B4,Q9WMX2-PRO_0000037551,1
P51153,P03452,1
Q12797,P03452,1
Q8TDD1,Q1K9H5,1
O95816,P06460,1
Q9HBH5,P06461,1
Q9Y3Z3,P03129,1
Q9H074,Q99IB8-PRO_0000045598,1
Q2TB90,P03428,1
P53618,P17385,1
Q86VQ0,P03427,1
Q15057,YP_009227203,1
Q96B36,E5LBS6,1
P02788,P27958-PRO_0000037569,1
P62995,P03430,1
P46782,P03070,1
P61758,Q9Q2G4,1
Q13064,P03188,1
O75534,P04591-PRO_0000038596,1
I3L0L0,P24835,1
P98173,D2XQB9,1
P06396,P14079,1
Q14BN4,P03427,1
O95471,P24830,1
Q9BSF4,P03468,1
O75907,YP_009227203,1
Q8WVM8,P06460,1
Q13586,P69901,1
Q6P9G4,P29996,1
Q9UKM7,P06428,1
Q8WWF3,P03087,1
Q9BVK6,YP_009227203,1
P12532,Q76353,1
O76071,P05777,1
Q04206,P10226,1
Q13227,P06921,1
O14967,P03452,1
P02647,NP_751926,1
Q9BVX2,D2XQB9,1
O95229,P03508,1
O60831,P06792,1
O00391,Q80HW9,1
Q8N1F7,P03468,1
P19525,Q2HR71,1
O15533,P0C739,1
P62993-1,P16749,1
P22392,Q76RH1,1
P11142,Q89733,1
P04844,P06792,1
O14503,P0C206,1
Q99650,P03427,1
Q92526,YP_009227199,1
Q7Z404,P03087,1
Q9BQB6,P06428,1
P23396,P04487,1
Q9Y2W1,P06428,1
Q5HYI8,P06460,1
Q8NEW0,YP_009227203,1
Q9NXV2,P03496,1
O14920,P24772,1
Q9UBM7,Q1K9H5,1
P07737,P03470,1
P07237,P03454,1
P61026,B9VXK6,1
Q8N720,P06463,1
P36507,P03126,1
B0QYN7,P03431,1
Q96QE5,P36780,1
Q59FI9,P19712-PRO_0000038050,1
Q9HBH0,P06821,1
Q8TCE9,P03129,1
Q8N0U8,P06460,1
Q9Y230,P30119,1
Q7L8L6,YP_009227202,1
C9JAW5,P03452,1
P49721,P03452,1
O15260,P0C739,1
P50402,P03246,1
Q8NDB6,H9XIJ5,1
P23921,YP_009227203,1
P39687,Q32ZE1-PRO_0000435842,1
P67775,Q1K9H5,1
Q5T9L3,P0C739,1
Q06210,P0CK49,1
Q9UPN7,Q20MH8,1
P07948,P22575,1
Q9P2E5,P04578,1
Q92562,Q32ZE1-PRO_0000435839,1
Q15758,P03452,1
Q04864,Q2KRY7,1
Q9UEW3,P03185,1
Q92982,P29996,1
Q13616,A0A288CFT1,1
Q9UBB9,P0CK48,1
Q13033,P03081,1
P29372,P04618,1
P17987,P69723,1
Q9NRP0,P0CK56,1
P02545,P03454,1
O95573,P03496,1
Q13555,YP_009227199,1
P38646,P05780,1
P05388,Q0HD54,1
O00217,P29990-PRO_0000037929,1
Q8WXF7,YP_009227203,1
A6NKF1,Q194T2,1
P50991,Q20MH0,1
P17066,Q77M19,1
Q9UBB4,P03452,1
P13073,P04578-PRO_0000038428,1
Q13435,P03470,1
Q13200,P04578,1
P62191,P15659,1
P60468,P36801,1
P35606,P69901,1
Q16891,P0CK49,1
Q4J6C6,Q6DP94,1
Q9NVI7,P0CK58,1
P21796,P15682,1
P08621,P03430,1
Q96A33,P03428,1
P63165,P0C206,1
Q6P1N9,P27958-PRO_0000037566,1
O75718,P03427,1
Q9UI14,NP_056903,1
O75444,P0C746,1
Q6PKC3,Q9WMX2-PRO_0000037548,1
O76031,Q8AZK7,1
Q13087,P04578,1
P01106,P04020,1
P30050,P27915-PRO_0000037999,1
Q13126,P03466,1
P07333,P06927,1
Q8TD22,Q32ZE1-PRO_0000435839,1
Q99436,B4URF7,1
Q8TC57,Q1K9H2,1
Q9H3P7,P03303-PRO_0000040032,1
Q9P0L0,Q9WMX2-PRO_0000037552,1
Q13162,YP_009227199,1
Q9NZL4,P03485,1
P10643,NP_751923,1
P09543,P0CK58,1
Q9UKU9,P04578,1
Q9NUH8,P29996,1
Q05639,P05777,1
Q9NXF7,A0A024B7W1-PRO_0000443032,1
P62805,Q05322,1
P36955,Q76R62,1
O15173,P06821,1
Q6NVV8,P03427,1
O00560,P0CK58,1
P04150,Q98184,1
Q96JB5,YP_009227196,1
Q96BS2,P15682,1
Q9NSC5,Q3KSS3,1
Q2TAA8,H9XIJ5,1
Q71UM5,P29990-PRO_0000037929,1
P46777,P06428,1
Q8IWT6,P69901,1
Q13769,YP_009227197,1
Q15233,P03454,1
P62333,P15682,1
P49137,P03427,1
P13995,Q77M19,1
P00414,P06932,1
Q8N6M0,P27958-PRO_0000037566,1
P53999,Q32ZE1-PRO_0000435842,1
Q8TCT9,YP_009227200,1
F8VX10,NP_803144,1
Q9Y4L1,P04578-PRO_0000038427,1
P67870,Q5MJ03,1
A6NI86,P29991-PRO_0000037946,1
P16070,P06792,1
B0QYN7,NP_739583,1
Q9NP72,P0C739,1
Q99615,P15682,1
Q7Z3B4,Q67020,1
Q9P035,C5E526,1
Q12899,Q77UV1,1
O95470,P06461,1
O75506,P15682,1
Q9H307,P03070,1
Q92982,P06428,1
O76031,Q77M19,1
O75534,P03470,1
Q9NQ29,P03430,1
Q15014,Q77UV9,1
O43759,O36551,1
P62753,P15682,1
Q15125,NP_751926,1
Q99627,P05780,1
P06733,P06463,1
Q53EU6,P29991-PRO_0000037944,1
Q9BVQ7,C5E527,1
P52292,P03107,1
Q96EK4,P06427,1
P51149,Q05322,1
Q9Y230,Q2MG96,1
P42677,P03454,1
P82912,P03466,1
P62841,Q05127,1
P51149,Q77M19,1
Q92558,O40939,1
Q92985,F5HDE4,1
Q9H7E9,P27958-PRO_0000037566,1
Q9P1Z3,P08393,1
O43294,P30119,1
P49588,YP_009227203,1
O60942,P29990-PRO_0000037929,1
P57088,Q9WMX2-PRO_0000037541,1
P61803,P06792,1
Q15084,P05777,1
P25685,Q8JSN5,1
Q9BRT8,P0C0U1,1
P05109,P03470,1
O14893,NP_705928,1
P49761,P03427,1
Q96I25,P04591,1
P14550,P06465,1
Q13263,P05777,1
P29966,P03220,1
Q9UFF9,P27958-PRO_0000037566,1
O43707,O41957,1
Q16799,Q66479-PRO_0000039499,1
Q14257,Q20MH0,1
P56134,P03452,1
Q9NSI2,YP_009227205,1
P46781,P03496,1
O95782,P03431,1
P08865,P05777,1
Q8N0V1,P10224,1
Q96T60,P04620,1
Q9H3P7,YP_009227196,1
P23246,P15682,1
P14854,P29991-PRO_0000037941,1
O95758,P03433,1
O00303,P03428,1
P23526,Q8JPQ9,1
P24534,P15659,1
P62191,Q58HT7-PRO_0000268116,1
P06744,YP_009227200,1
P00846,P29990-PRO_0000037929,1
Q9BUF5,Q8JPQ9,1
K7EJR3,P03468,1
O14641,P03495,1
P08708,P15659,1
P08240,A0A024B7W1-PRO_0000443029,1
Q9BUN8,YP_009227204,1
Q14145,P03431,1
P56182,P29991-PRO_0000037936,1
Q9H0M0,F5HE15,1
Q8WVR3,P06821,1
P14868,P04591-PRO_0000038593,1
Q14657,Q77M19,1
Q96AG4,P03468,1
Q9UDW1,P15659,1
P05109,P06929,1
Q16630,Q98143,1
P30536,P10204,1
Q96DV4,Q99IB8-PRO_0000045592,1
P21912,P24835,1
P41250,Q1K9H5,1
Q9C037,P03468,1
P03979,P04578,1
Q6ZNB6,YP_009227196,1
P13995,P04601,1
Q96JM7,P10239,1
P11142,P03454,1
P82675,P17383,1
P63092,P03496,1
Q9Y6M1,P03433,1
Q14165,P29990-PRO_0000037929,1
P40429,P15659,1
P11586,P29990-PRO_0000037929,1
P31947,P06428,1
Q9H773,P05777,1
Q03518,Q77CE4,1
O43674,P29991-PRO_0000037944,1
Q15599,P03246,1
Q13501,P29991-PRO_0000037945,1
Q9UET6,Q76RI2,1
P62195,YP_009227204,1
P09382,P06428,1
P50416,P69901,1
Q7L7L0,P04487,1
P03891,P06428,1
P62424,P19712-PRO_0000038050,1
Q15012,P13285,1
J3KTL2,P06921,1
Q96SI9,O92551,1
Q71RC2,YP_009227205,1
Q00577,P03070,1
Q9H0X9,C5E522,1
O15350,B4URF7,1
Q99816,P04591,1
O75604,P06428,1
P29084,YP_009227196,1
Q8IZP2,Q77M19,1
Q9H4B7,P29990-PRO_0000037929,1
Q9Y487,YP_009227203,1
Q99873,P03225,1
P53365,P36778,1
P06748,P03454,1
P80188,P36780,1
Q9NWS9,P10205,1
Q9H9J2,P29991-PRO_0000037936,1
Q99816,Q99IB8-PRO_0000045603,1
P49069,YP_009227196,1
Q96C00,Q80908,1
Q8N511,YP_009227200,1
O60291,P03126,1
Q13287,Q77UU1,1
Q9UQ80,P29991-PRO_0000037946,1
Q02878,Q20MH0,1
Q86XK2,P88968,1
Q9Y5L0,YP_009227198,1
P55060,Q77M19,1
Q13432,P10204,1
P05388,P03470,1
Q8TD31,P03120,1
P41743,P17387,1
P05546,P29991-PRO_0000037940,1
P82921,Q1K9H2,1
Q8N4V1,YP_009227196,1
P04733,P24835,1
P62081,P03129,1
Q96TC7,P69901,1
Q86UT6,P0DOE9,1
P27105,P06460,1
Q9NUQ2,A0A024B7W1-PRO_0000443029,1
O95470,B8ZX42,1
P14136,P03427,1
Q99729,P03470,1
Q02338,P05780,1
Q16623,Q66479-PRO_0000039499,1
P12235,P29990-PRO_0000037929,1
P28799,Q1HVG2,1
Q8TCT9,P0C739,1
Q9H1Q7,P14075,1
Q5QGZ9,P29996,1
Q9BUJ2,Q82506,1
O75925,YP_009227205,1
Q9Y2U8,YP_009227196,1
Q96F44,P06463,1
P18124,P03427,1
Q96TC7,P03129,1
P22309,P03468,1
P54920,P06477,1
Q15633,P03495,1
Q02878,P03430,1
P55209,P15659,1
Q13227,P06423,1
P78371,Q1K9H5,1
Q93062,Q8AZJ3,1
P62258,P03496,1
Q9Y394,P0C739,1
Q14677,I6T1Z2,1
Q8NHQ1,P03410,1
Q96QF0,P04015,1
P49585,P05780,1
O75531,P05777,1
Q9Y3I0,P04620,1
P49746,P04578,1
Q8N2W9,P03118,1
P62891,Q05127,1
P11684,P06930,1
P68363,P29990-PRO_0000037929,1
Q09161,P29991-PRO_0000037936,1
P08571,Q8JSN5,1
Q96LA8,Q2HRB6,1
P20618,B4URF7,1
O95816,Q2PRM9,1
Q13162,YP_009227198,1
P50570,B4URF0,1
P38646,Q9QLP4,1
O00264,P04578,1
Q14919,P27958-PRO_0000037566,1
Q9H8M7,O40945,1
Q9H845,B4URF7,1
Q96EK4,P36817,1
O15173,P03182,1
Q49AM1,P03087,1
P17066,YP_009227202,1
P11308,P04020,1
O95299,P29991-PRO_0000037944,1
Q9HCU5,P05919,1
P27348,P03496,1
P36507,O40948,1
P30101,P15682,1
Q9GZY6,P03087,1
P13667,D2XQB9,1
P04350,Q8JSN6,1
Q9NUQ9,P29991-PRO_0000037946,1
Q9HCD5,P03431,1
Q9Y262,P09992,1
P10276,Q1HVG1,1
P16520,P03496,1
Q99615,P12504,1
P06737,Q82506,1
P55036,P27958-PRO_0000037566,1
Q9Y3Z3,P03454,1
Q96S52,YP_009227196,1
P07437,Q9WMB5,1
Q53GQ0,P0DOE9,1
Q01813,P03182,1
Q15582,P06929,1
Q8N9W6,P10210,1
Q9Y3Z3,P05780,1
A5YP36,P03427,1
P33993,P03452,1
Q9Y6N5,P15659,1
A0A0U1RRL7,P03120,1
P16581,P29996,1
Q9UGP8,P0C739,1
P58340,P03427,1
Q00325,P05777,1
Q9NRF9,P06428,1
P41250,P03452,1
P08708,Q05322,1
P30519,P06460,1
Q00587,P06428,1
Q9HD45,P03468,1
O95674,P69901,1
Q9BUJ2,Q05323,1
Q8N4L4,Q82506,1
Q13123,P04618,1
Q9UBM7,YP_009227198,1
Q9UJ14,P06927,1
P19338,P90495,1
Q9NY26,Q9WMX2-PRO_0000037550,1
Q9BQB6,P13285,1
Q969X0,Q99IB8-PRO_0000045596,1
Q9H2C2,P06792,1
P51149,P29990-PRO_0000037929,1
Q14165,Q1K9H5,1
P61956,P03116,1
O14929,YP_009227201,1
Q9Y2X0,YP_009227204,1
Q8NBN3,P06460,1
Q93034,O41974,1
P34903,P10191,1
P48047,P03433,1
P31040,Q32ZE1-PRO_0000435839,1
P49459,P06464,1
A0A087WT59,Q76R62,1
Q5VV42,P0CK56,1
P24385,Q9QLP4,1
Q9Y6M1,P17388,1
P19793,NP_751919,1
Q14697,Q05320,1
Q13148,P06821,1
Q7Z434,P06460,1
O60701,P05777,1
Q9UJX4,O40939,1
Q9UKG4,P03087,1
P14625,O41957,1
O75787,YP_009227200,1
P61981,P17383,1
P54709,P0DOE9,1
P83731,P15682,1
Q02978,P69901,1
Q9P246,YP_009227197,1
P18031,P06927,1
P0C0S8,P03454,1
Q9UHV5,P36817,1
Q9NR12,P03070,1
P60709,Q9WMX2-PRO_0000037551,1
P08579,P19712-PRO_0000038050,1
O00459,Q01220,1
Q9Y2G8,P06792,1
P30837,P03496,1
Q9BVG9,YP_009227203,1
Q9H0D6,Q9WMX2-PRO_0000037548,1
P38432,Q04360,1
P62280,P15682,1
P62280,Q1K9H5,1
Q05516,P03410,1
P49755,P04578,1
Q9NQX7,P06460,1
O95639,A0A024B7W1-PRO_0000443032,1
P20340,P0DOE9,1
P16435,P29990-PRO_0000037929,1
Q07020,Q89733,1
P62877,Q72500,1
E7ETS9,P03468,1
Q6P996,P0CK58,1
Q9Y3C5,P23372,1
Q9H857,Q20MH8,1
P35711,P03410,1
Q7Z4I7,Q9WMX2-PRO_0000037551,1
O75438,P06792,1
P60660,P03470,1
P48061,O57300,1
P28838,P06427,1
Q9BVK6,P29991-PRO_0000037944,1
Q13200,Q99IB8-PRO_0000045596,1
O14684,P03468,1
P43487,P03470,1
Q6P996,P03081,1
Q15005,YP_009227198,1
Q9NYY3,P06428,1
P22059,YP_009227203,1
Q99567,YP_009227202,1
Q9Y5M8,P03081,1
Q8N163,Q05322,1
P09936,YP_009227203,1
Q53HV7,P69726,1
P68400,P03211,1
P50479,Q69117,1
Q9GZQ8,P05780,1
P27824,Q89027,1
O95159,Q32ZE1-PRO_0000435839,1
O75928,P03116,1
Q99576,P06428,1
Q13347,P15682,1
P61513,P04487,1
Q96TA2,C5E526,1
P13929,P21605,1
Q8N2K0,A0A0C7TUY8,1
P01375,Q9DHW0,1
P60468,P15659,1
Q8TB96,P03182,1
Q9H936,P29990-PRO_0000037929,1
Q9P0L0,P06792,1
O43852,P04578,1
P67775,P03468,1
Q9UHI6,YP_009227205,1
B4DGU4,P03508,1
Q8ND90,P0CK48,1
Q13438,Q2HRB6,1
Q9NP72,K9UT94,1
P06733,P36799,1
Q16656,Q1K9E3,1
Q01844,P10204,1
Q15070,P29991-PRO_0000037944,1
O75746,P06460,1
Q7L7L0,P23057,1
O60232,Q9Q2G4,1
O00571,YP_009227196,1
A6NMH8,Q76R62,1
P35249,P03470,1
P14555,P10204,1
Q8WWY3,P03427,1
P68400,Q1HVF7,1
O95881,YP_009227203,1
P63279,P03116,1
Q07021,P04608,1
P53618,P05777,1
Q9BVI4,P05777,1
P46777,P04487,1
P62993,P26662-PRO_0000037647,1
P23921,YP_009227199,1
Q9UKD2,P03430,1
Q13257,P05777,1
P25116,P06792,1
P14678,P05777,1
Q00403,Q80A33,1
P25787,P36780,1
P05141,P06429,1
Q15126,Q9WMX2-PRO_0000037551,1
O43707,P09992,1
P68363,P03427,1
Q00839,Q8AZK7,1
P43115,P29996,1
P50402,P30119,1
P60900,P03126,1
P32298,P03427,1
P19338,Q20MH0,1
P58876,P03495,1
P50281,P06792,1
Q13572,P36817,1
B4DZG7,P03468,1
O43791,P36780,1
P25398,P03470,1
Q99720,P29991-PRO_0000037944,1
Q3ZAQ7,YP_009227200,1
P07237,Q8AZK7,1
Q15942,P06463,1
Q9BVP2,Q05127,1
Q9BRB3,A5Z256,1
O60506,P29991-PRO_0000037936,1
Q02543,P15682,1
P22736,P03118,1
Q12800,P29882,1
Q96HV5,YP_009227203,1
P50502,YP_009227197,1
Q4ZIN3,P06927,1
Q9H553,A0A024B7W1-PRO_0000443029,1
P08571,P06788,1
O75843,P03139-1,1
Q9HDC9,P0CK56,1
P62952,P06930,1
Q9Y224,YP_009227196,1
Q15717,P03470,1
P27824,P05777,1
Q9Y5B6,P04620,1
Q9HBH5,P0C739,1
Q8N4L2,P03246,1
Q9NX40,P03182,1
Q6NXE6,I6T1Z2,1
O00571,Q1K9H5,1
Q9GZX6,D3JIT8,1
Q8TED1,P03182,1
Q04837,Q77M19,1
Q8IV08,P03470,1
Q9HDC5,YP_009227200,1
O95793,P17388,1
Q02878,P03470,1
Q02878,Q77M19,1
Q99436,P03454,1
P31689,K9UT94,1
Q8TDL5,P03470,1
P62857,P03427,1
P49711,YP_009227196,1
Q15022,P06430,1
P49757,P16749,1
Q00325,P05780,1
G3V483,P36778,1
P62854,P05777,1
Q92783,YP_009227197,1
Q8NFT8,Q66479-PRO_0000039499,1
P11021,P03120,1
O95816,Q8AZK7,1
P84077,P03470,1
Q9BTU6,P0C739,1
Q4ZIN3,YP_009227200,1
Q96EY1,Q8JPQ9,1
Q99460,P04578,1
Q9P258,P88959,1
Q9NRJ3,P24766,1
Q13287,P04015,1
Q9UHV2,A0A0C7TUY8,1
Q15629,O41956,1
Q9UKT9,P10240,1
P49770,P06821,1
O00193,A0A024B7W1-PRO_0000443032,1
P68371,P0DOE9,1
Q6NXG1,P36801,1
Q96CW1,B8ZX42,1
Q9Y5L4,Q77M19,1
P17152,P12520,1
Q9Y672,YP_009227203,1
Q16538,P03087,1
P22492,P17388,1
P00846,P06792,1
O75746,P29991-PRO_0000037943,1
A0A0U1RQC9,P04601,1
O95967,P03081,1
P28799,P03208,1
P62269,P05780,1
P46977,I6T1Z2,1
P01579,Q66793,1
P42766,YP_009227201,1
Q14257,P03470,1
P40855,YP_009227200,1
Q6UXN9,Q32ZE1-PRO_0000435842,1
Q96HB5,P06428,1
O14545,P30119,1
P57075,Q9WMX2-PRO_0000037551,1
Q07020,P15659,1
Q96MU7,Q05323,1
P62249,P03427,1
Q9BTV4,P04578,1
P62081,P05777,1
Q15233,YP_009227196,1
P17987,YP_009227199,1
Q8N5R6,P68331,1
P21291,P03470,1
P62917,P03454,1
Q96HS1,P17388,1
P50991,Q8JPQ9,1
P52815,P03427,1
Q96HS1,P03427,1
P46779,YP_009227200,1
Q9NXH8,P03070,1
P56182,YP_009227196,1
P24941,Q2PRM9,1
P82914,P03430,1
Q15038,P36817,1
P49662,P24835,1
Q96GC5,Q32ZE1-PRO_0000435829,1
Q8WXF1,P03508,1
P05455,P09992,1
P26373,P05780,1
Q96SB4,Q1HVF7,1
Q13547,Q1K9H5,1
Q13405,YP_009227196,1
P06733,P06427,1
P53634,Q1HVD6,1
Q9NUJ3,Q2MG95,1
Q9UHY1,P06790,1
Q92564,Q8JSN5,1
Q9H0F6,Q9WMX2-PRO_0000037551,1
P62136,P0C734,1
P34949,Q1K9H2,1
Q15020,Q99IB8-PRO_0000045592,1
Q9P2E5,Q2MG96,1
Q99832,YP_009227199,1
Q9UJX2,P17387,1
Q9BYD6,P29991-PRO_0000037936,1
P26440,P03427,1
P06753,P15682,1
P04406,P05777,1
P20226,P36780,1
Q15813,YP_009227199,1
F8W6G1,NP_739587,1
Q9NX47,A0A024B7W1-PRO_0000443029,1
P61221,P69722,1
P62701,P03470,1
P62081,Q20MH0,1
P31689,P0CK48,1
P06753,P03470,1
Q9NU19,P27958-PRO_0000037566,1
O95251,YP_009227205,1
Q15008,P05777,1
Q86VM9,Q05323,1
Q13888,P21698,1
Q9P0Z9,P29996,1
Q9NWB1,C5E526,1
Q8NBZ7,P03433,1
Q16633,P10212,1
P50281,P69901,1
Q01813,P0CK56,1
P31942,P03496,1
Q9UPN7,E5LBX0,1
Q8TC07,C5E526,1
Q9UHD8,P03070,1
P04637,P24830,1
O00264,Q9WMX2-PRO_0000037547,1
Q6P5R6,Q1K9H5,1
P63279,P03495,1
M0R0R2,P06428,1
Q15562,P06930,1
P23528,P15682,1
Q63ZY3,P0CK48,1
Q15904,YP_009227200,1
Q14498,P05777,1
H3BSR6,P24766,1
P13639,P03470,1
P50991,P69723,1
Q13765,P15682,1
F8VVM2,Q05322,1
P35998,P30119,1
P25788,Q69119,1
O60716,P03177,1
Q8NC56,P90495,1
Q8NEG0,P27958-PRO_0000037566,1
Q9H330,P29991-PRO_0000037944,1
O43592,Q77M19,1
Q8IXM3,P03431,1
P11940,P04620,1
Q8TF32,P06788,1
P52597,P05777,1
O95551,NP_941977,1
Q9UHD8,Q2MG95,1
Q63ZY3,Q69117,1
Q4ZIN3,P69901,1
P17844,P29991-PRO_0000037946,1
Q99832,Q05322,1
O15321,P06792,1
Q12904,P04591-PRO_0000038593,1
P57740,P03431,1
P05388,P03454,1
P61026,P03452,1
Q9H813,A0A024B7W1-PRO_0000443029,1
O75489,P06821,1
O00487,P13285,1
O43572,P06430,1
Q14103,P36801,1
P00846,P06460,1
P10746,P03433,1
Q9BWL3,YP_009227203,1
P14625,P17382,1
P62805,P15682,1
O00762,P06929,1
Q8WWH5,P36780,1
Q14764,B4URF7,1
P35221,P05777,1
O96019,P14079,1
P45880,Q99IB8-PRO_0000045596,1
O43447,P15682,1
P25788,P13285,1
P62304,P05777,1
Q16875,P03430,1
Q14790,P06790,1
Q9Y6M1,P03430,1
Q8NA61,Q6VGT1,1
P40429,P03454,1
Q9NR12,P69901,1
P46778,Q0HD54,1
Q9Y2W2,Q32ZE1-PRO_0000435842,1
Q9UHB9,P03120,1
P62906,P03470,1
B0QYN7,P03209,1
Q9UNM6,P03126,1
Q9UHX1,P17383,1
Q9Y2W1,P15682,1
P62826,P06821,1
P60602,P24830,1
Q99595,P05777,1
P31689,P03430,1
P39656,P06792,1
P42566,YP_009227200,1
P46781,P06428,1
P47756,P03428,1
P53007,B4URF7,1
P08574,P29990-PRO_0000037929,1
Q96CS3,P0DOE9,1
Q9H3U1,P05780,1
P29083,Q69022,1
Q13438,F5HE15,1
O60884,P03427,1
P15880,P03430,1
P08865,P15682,1
Q7Z4N8,B8ZX42,1
B4DG79,YP_009227202,1
O14929,P12520,1
P33992,P36817,1
P61009,P04578-PRO_0000038428,1
P62191,YP_009227197,1
O76021,P03433,1
P07437,Q8AZK7,1
O75506,P05777,1
Q96CV9,Q99IB8-PRO_0000045599,1
O43159,P88996,1
P55774,P06477,1
P50395,P14340-PRO_0000037966,1
Q9UL15,Q9DUG7,1
Q12805,P0C722,1
P62258,NP_751919,1
P50402,P03468,1
Q99832,P06929,1
Q06136,F5HFG5,1
Q8TBB1,Q1HVJ2,1
Q9Y6K0,Q77M19,1
J3KNC5,NP_803144,1
Q9UH99,F5HAW0,1
Q9BRX9,A0A024B7W1-PRO_0000443032,1
Q96EY1,Q9WMX2-PRO_0000037551,1
P51648,YP_009227203,1
Q96C10,Q997F2,1
F8W8H5,P06428,1
Q16630,Q9IBY5,1
Q3KQU3,Q69117,1
O95232,P15659,1
Q96N66,B8ZX49,1
P48029,YP_009227196,1
Q9Y289,B4URE7,1
P10644,P03428,1
P62241,Q82506,1
Q9H845,C5E519,1
P12236,Q8AZK7,1
Q16637-1,P04015,1
P62158,P06422,1
O14545,Q77M19,1
P60660,P05780,1
P19438,P03126,1
Q13435,P15682,1
Q12834,P06422,1
Q15427,P03470,1
Q9HCU5,P69901,1
P62913,P03454,1
O95379,Q194T2,1
Q9H1K1,P06788,1
P49411,P05780,1
O43175,P05777,1
Q13509,P03452,1
Q99942,P04578,1
P00915,P06429,1
P62913,P19712-PRO_0000038050,1
Q14974,EBI-6857440,1
Q16204,Q32ZE1-PRO_0000435842,1
P26196,Q77M19,1
P20700,P29991-PRO_0000037944,1
Q9P0U3,YP_009227196,1
Q9BTM1,P04620,1
Q9NRW1,P03427,1
Q9NQY0,P06429,1
O00629,O40917,1
O75448,P0DOE9,1
Q96KP1,O36551,1
P61326,Q1K9H2,1
O43791,Q77UU1,1
P07437,P14340-PRO_0000037966,1
Q9H0A8,P10217,1
P08621,P09992,1
Q4G0J3,P23372,1
Q9NQ29,P03427,1
O94842,P06430,1
P0DI83,P06460,1
O00567,P03433,1
Q9Y6X2,P03496,1
O43824,P24835,1
P19338,Q05127,1
P04637,P15682,1
Q14254,B4URE7,1
Q8TCT9,P04578,1
P47869,P06465,1
Q9NVH1,Q77M19,1
Q99741,P04608,1
Q71U36,P90495,1
Q9UNL2,P69901,1
Q8WY48,Q3KSV2,1
P23396,EBI-6857440,1
P52294,P03211,1
P62805,P36313,1
Q9GZM7,P03107,1
P17844,P03454,1
Q9NQ29,P05777,1
O00505,P03466,1
P40939,Q99IB8-PRO_0000045596,1
P12955,O40945,1
P40429,P03211,1
Q9P0L0,B8ZX42,1
P25963,Q9J0X9,1
P63172,P07567,1
P06493,P03070,1
O94973,P03468,1
P40429,P05780,1
Q6UN15,C5E524,1
P0CG48,P05888,1
Q86VW0,P10191,1
P06748,P23372,1
Q13765,Q69117,1
O15523,O56264,1
Q15366,P03470,1
O95782,P03508,1
Q9HCS5,P27958-PRO_0000037566,1
P07339,P10191,1
Q8IXI2,P29990-PRO_0000037929,1
Q53EU6,YP_009227203,1
Q8NC51,Q20MH0,1
P51114,C5E524,1
Q9UN37,P03468,1
Q86YD7,P06932,1
P00846,Q9QLP4,1
Q92841,P12792,1
P40938,I6T1Z2,1
P21291,P15682,1
Q9NXE4,Q1K9H5,1
Q3SY69,Q20MH8,1
Q01081,P15659,1
Q9NSC5,P03208,1
Q9Y394,YP_009227203,1
Q5T8D3,YP_009227196,1
O15514,P03428,1
P31943,Q997F2,1
Q9NPA0,YP_009227200,1
P41214,YP_009227196,1
O75396,P0CK56,1
Q9BR77,P03070,1
P12277,P04487,1
P19429,P03496,1
Q96RL8,P03427,1
Q05048,P03508,1
P50502,P03470,1
Q12905,P04620,1
P60709,P06428,1
O95456,P13285,1
P52907,P06821,1
Q9Y287,P03468,1
P28065,Q9WMX2-PRO_0000037548,1
Q6NXT1,YP_009227205,1
P01375,Q9YP87,1
O75915,YP_009227198,1
P50990,P03454,1
Q15645,P0DOE9,1
Q13310,Q9J0X9,1
O75915,P29991-PRO_0000037944,1
O43707,Q91U50,1
P02671,B1A9Q8,1
Q9UHQ9,A0A024B7W1-PRO_0000443029,1
K7EP68,P03452,1
Q9NVA4,P06460,1
P04066,E5LBS6,1
P35221,K9UT94,1
P0DP58,P06463,1
Q01628,P06930,1
P78371,P03470,1
Q8N9T8,C5E522,1
Q8NF37,P03468,1
P49023,P03081,1
P46977,P06460,1
Q9C075,B4URE7,1
P21796,Q99IB8-PRO_0000045596,1
Q99615,P06429,1
Q9Y244,P03118,1
P09429,P03454,1
P0DI83,B9UPF3,1
O43866,Q69022,1
O60858,YP_009227203,1
P14859,P03209,1
P23142-1,P17386,1
O43242,P29990-PRO_0000037929,1
P09651,Q5MJ03,1
P35613,P05777,1
O00469,K9UT94,1
P28288,C5E526,1
P30530,P03087,1
P62158,Q77M19,1
Q9NUL3,P15682,1
P28288,B4URF7,1
P78371,P69723,1
P49756,Q99IB8-PRO_0000045598,1
Q14681,P03427,1
P24539,P0DOE9,1
P07093,Q8AZJ3,1
P02795,Q67020,1
Q15024,P04620,1
Q96MW5,Q32ZE1-PRO_0000435839,1
Q8IUF8,P14079,1
P27986,I6T1Z2,1
P51648-1,Q99IB8-PRO_0000045596,1
P15622,P0CK48,1
Q6P179,YP_009227197,1
P67809,Q9WPI5,1
O00743,P05777,1
Q9Y3B9,YP_009227196,1
O75781,K9UT94,1
Q13427,P06430,1
P78316,P03470,1
O60826,P03427,1
Q9Y6N5,B8ZX49,1
O14907,P06428,1
A0A0U1RQC9,Q9DH70,1
Q14542,B4URE7,1
Q8N7H5,B2BUF1,1
P06576,P05919,1
P00973,NP_751927,1
P00414,P36827,1
Q9Y5S1,P06461,1
Q13425,P06463,1
Q13155,P05777,1
P61803,P29991-PRO_0000037944,1
Q99417,B4URF7,1
Q9NQ92,P03433,1
P62829,EBI-6857440,1
Q6NUQ1,Q9WMX2-PRO_0000037548,1
P04406,P06932,1
P51809,A0A024B7W1-PRO_0000443029,1
E9PFW3,NP_955621,1
Q9NVN8,YP_009227196,1
Q93050,P06927,1
Q56VL3,P03468,1
O60658,YP_009227202,1
Q9H8S9,Q9WMX2-PRO_0000037552,1
Q14790,P24830,1
Q99932,Q66479-PRO_0000426156,1
Q02543,P03496,1
O95235,P03118,1
Q96EY1,P03470,1
P35268,P03470,1
Q13283,YP_009227196,1
P15336,Q9DGW5,1
Q8N448,P03346,1
Q92569,I6T1Z2,1
Q96T37,I6T1Z2,1
Q9Y287,P29996,1
P04899,P05780,1
O00339,P06465,1
Q96QE5,P06422,1
Q86XJ0,P03087,1
Q12797,P0C739,1
Q5VVQ6,YP_009227199,1
Q96I23,P03427,1
P15336,P14079,1
Q9NPB1,P03427,1
P25786,P03126,1
Q8WTW3,P06821,1
Q07666,NP_740478,1
Q9UBU6,P06460,1
P52306,P05780,1
Q01628,P06927,1
Q8N4V1,P04578-PRO_0000038428,1
P52272,P19712-PRO_0000038050,1
P23246,Q8AZK7,1
P09651,P03470,1
P13639,P15682,1
Q53G59,P03225,1
O75355,P03087,1
Q9Y265,P03468,1
P30050,P03430,1
Q8WUX9,YP_009227200,1
P42766,P05780,1
P17812,P03427,1
Q9Y2K1,Q1K9H5,1
P13051,P05928,1
Q86UL3,YP_009227200,1
Q9Y262,B2BTY8,1
P23246,Q82506,1
Q6ZUJ4,P03427,1
P06703,P03496,1
Q13291,P08362,1
P48047,P29990-PRO_0000037929,1
Q8N4L2,P0CK58,1
Q08117,P03129,1
Q9NS91,NP_705928,1
P10398,YP_009227202,1
Q9NZ45,P29991-PRO_0000037944,1
Q92934,P03495,1
P68371,Q9WMX2-PRO_0000037552,1
P62875,P03428,1
P09001,P03466,1
Q8ND30,O41941,1
Q06330,Q1HVG4,1
Q9Y2X3,I6T1Z2,1
Q14697,YP_009227197,1
P62277,P03431,1
O00743,Q77M19,1
Q712K3,P17383,1
Q13907,YP_009227203,1
O43164,P0CK56,1
P36542,P05777,1
Q71DI3,P35256,1
Q8TD16,Q9Q2G4,1
Q9BRL6,A0A024B7W1-PRO_0000443032,1
Q4KMZ8,P03087,1
P07355,P24835,1
O14641,P14335-PRO_0000037713,1
P46777,P05777,1
Q12907,B4URF0,1
O95816,P69901,1
Q9NXE4,YP_009227197,1
P51116,P03433,1
Q9Y6V7,YP_009227196,1
P28702,YP_009227202,1
P47914,P03470,1
Q9H1E5,P04578,1
P56589,YP_009227197,1
P20226,L8B1Q7,1
Q9Y679,YP_009227197,1
Q96EY5,Q1K9H5,1
Q96EY7,P03470,1
Q2PZI1,P03182,1
O43395,P29991-PRO_0000037946,1
P02792,P04013,1
P07900,P05777,1
Q96KG9,P06422,1
P18859,P06460,1
P42224,P06747,1
Q7L4P6,Q9WMX2-PRO_0000037548,1
Q2NL82,P03470,1
O60493,P0CK58,1
P08240,C5E519,1
Q13618,Q76RI8,1
Q9Y679,Q77M19,1
P63244,P04620,1
Q9BRK4,P68331,1
P25787,P13285,1
P39023,P15682,1
P29558,P29991-PRO_0000037936,1
Q8NHL6,P03203,1
Q2TAY7,P04618,1
Q9BRH9,P06788,1
P38435,P0C739,1
Q9UMS0,P06428,1
Q02878,P15659,1
P36873,P04610,1
O00505,Q1HVF7,1
Q16891,P03454,1
Q99816,P18095,1
P05141,Q99IB8-PRO_0000045596,1
Q9UBV2,P03452,1
P50454,P03468,1
Q9Y3D0,P06930,1
Q8N8A2,E5LBX0,1
Q14210,A5Z256,1
P68371,P0C765,1
P25490,Q8JSK4,1
P78396,P04608,1
Q9Y2G8,P06927,1
Q5JVF3,C5E524,1
O43292,YP_009227200,1
P06576,Q77M19,1
Q92604,Q99IB8-PRO_0000045597,1
O43164,Q1K9H5,1
P63244,P06821,1
Q8WUM4,P29991-PRO_0000308465,1
Q5T7M9,P10191,1
P60842,P03129,1
O00391,P0CK56,1
P36543,NP_739582,1
P27635,P06428,1
P78556,P34015,1
O95400,P06428,1
O15037,P36801,1
Q13765,P69723,1
P10809,P03454,1
Q00325,Q20MH0,1
P62701,P04620,1
P20226,Q05906,1
Q9P2I0,Q98143,1
Q9NXV2,P15659,1
Q96S55,P0DOE9,1
P51970,Q77M19,1
O95758,Q99IB8-PRO_0000045596,1
Q9H840,P12520,1
P63104,P03508,1
P28066,P06463,1
P61978,P03470,1
P15408,P06429,1
P61978,P21605,1
Q96S59,Q8JSN8,1
P06280,D2XQB9,1
Q15056,P10225,1
Q6P996,P30119,1
Q15907,P03508,1
Q86U38,P06821,1
Q13651,Q9J4B7,1
Q7L7L0,Q997F2,1
P62081,P03211,1
Q9Y305,P04020,1
F8WB74,P06788,1
O15260,P05780,1
P29590,O73557,1
P30153,P15682,1
P31943,Q6QDQ4,1
O43390,Q9J0X9,1
Q9BUQ8,P03427,1
Q9P035,P06460,1
Q9NQ92,Q6DPW5,1
O75914,P14079,1
P26641,P05780,1
Q9BUQ8,P29991-PRO_0000037946,1
Q99959,Q1K9H5,1
Q9Y2U8,YP_009227201,1
P63208-1,Q6TVJ1,1
Q9NZJ7,P04601,1
P32942,NP_751921,1
Q9HBM0,YP_009227196,1
Q96EY1,P0CK56,1
P25788,P03203,1
O15514,P03433,1
E9PQ57,P03496,1
P09661,P03508,1
O95864,P69901,1
P67812,P06792,1
P50552,P17367,1
Q53FV1,YP_009227203,1
P06576,P06430,1
P05106,Q6VGT1,1
P16435,YP_009227204,1
Q12906,P19712-PRO_0000038050,1
P42224,P04608,1
Q9BQ61,P03470,1
P82673,P03431,1
Q5TYW2,Q8JSN5,1
P33992,P05777,1
Q49A26,P03508,1
P02795,Q9QLP4,1
O14893,Q20MH8,1
P22087,P03470,1
O15127,P17385,1
O75431,B4URF0,1
P43686,P03427,1
O75683,Q77ZG5,1
O14972,P29991-PRO_0000037941,1
B4E022,P03468,1
Q8N5B7,YP_009227203,1
O15240,P05777,1
P18077,P15659,1
Q9UHB9,P19712-PRO_0000038050,1
Q9H0Q3,Q9WMX2-PRO_0000037546,1
Q9Y679,YP_009227201,1
Q13144,P12792,1
Q96EL3,P06429,1
Q12926,P10228,1
P37802,P09992,1
O00560,P04591-PRO_0000038593,1
O43826,Q77M19,1
P37837,Q77YB1,1
Q9BVW5,P06422,1
O75570,P36817,1
Q05048,P03428,1
Q96D15,P0CK58,1
Q9C0C4,YP_009227196,1
P14923,P06929,1
Q92504,P17385,1
P26599,P15682,1
P49411,H2A1D8,1
P13674,Q8AZK7,1
P68871,Q58HT7-PRO_0000268112,1
Q15006,YP_009227204,1
A6NHL2,P05780,1
P40855,P29991-PRO_0000037936,1
P62241,P05780,1
P42771,F5HC81,1
P05556,P03468,1
O95573,Q2MG95,1
Q15366,P15682,1
P78344,Q99IB8-PRO_0000045602,1
Q13505,YP_009227204,1
P61353,Q89733,1
Q9H2G9,P03428,1
Q12931,P03427,1
Q9Y5L0,YP_009227204,1
Q9BTV4,P04578-PRO_0000038427,1
Q9C0F1,P06430,1
Q16698,P21698,1
Q96TA2,B4URF7,1
O14770,P10201,1
P49137,P03470,1
O43439,Q1K9H2,1
Q562R1,Q80A33,1
P29279,Q9WMX2-PRO_0000037548,1
P05386,Q05127,1
Q15233,Q8AZK7,1
P61254,P04487,1
Q9Y2S7,P03120,1
Q8WUI4,P08393,1
Q8WWY3,P04020,1
Q9BQA1,P15682,1
O60220,P04578-PRO_0000038428,1
Q9P0V8,Q9PX39,1
Q96GA3,YP_009227196,1
Q93062,P03188,1
Q96BM9,Q77M19,1
P49368,P09992,1
O75787,YP_009227204,1
Q16698,P29990-PRO_0000037929,1
Q7L5N1,P06463,1
Q9HC07,P06927,1
Q15008,P03452,1
P14625,P04578,1
P00505,P06430,1
O96000,P06929,1
O75477,P06927,1
P49902,P15659,1
Q02818,Q99IB8-PRO_0000045603,1
O14818,Q1K9H5,1
P40429,P03470,1
P78381,P06792,1
B4E1C1,YP_009227196,1
Q86VP1,P03120,1
B5MCF9,P03428,1
O75400,YP_009227196,1
Q8TCG1,P17385,1
P02753,NP_751926,1
Q9ULK5,YP_009227196,1
P42166,P06927,1
P13010,P05780,1
P78543,Q8JSN8,1
P09234,P04620,1
O43402,YP_009227201,1
P42766,YP_009227202,1
P52907,P03470,1
Q6P996,Q2MG95,1
Q15628,P03230,1
Q9UKD2,P03433,1
Q9Y3D5,P03508,1
Q9BW72,P03468,1
P07237,P03433,1
P55209,Q5MJ03,1
Q13227,P03496,1
Q8N138,YP_009227198,1
Q9BT22,P06821,1
Q9P035,Q9WMX2-PRO_0000037541,1
P61803,P06929,1
P10620,P06461,1
Q9Y289,P29991-PRO_0000037944,1
P52597,P15659,1
Q9UBV2,P29990-PRO_0000037929,1
Q6ZS94,P03427,1
P27797,P03470,1
Q92665,Q05323,1
Q6PEX3,P03410,1
Q92973,P03211,1
Q15427,P29991-PRO_0000037936,1
Q92522,P03466,1
Q8WX92,P05780,1
O43390,P03468,1
P28300,P06461,1
Q14257,P06931,1
O43186,P0C206,1
Q16527,B8ZX42,1
Q14318,Q99IB8-PRO_0000045602,1
Q49AN9,P03428,1
P62826,P15682,1
O00483,P03496,1
Q9HBH0,P03496,1
Q96GA3,P17383,1
P56537,P06821,1
P33991,P15682,1
Q99653,P06821,1
Q3ZCQ8,P03452,1
Q99536,YP_009227200,1
Q9BWF3,P06429,1
P52272,P03470,1
P28300,Q69117,1
P06733,P36791,1
P03886,P06429,1
O43790,P24835,1
Q5RI15,P03182,1
Q9BXU7,P06788,1
Q86SG4,P36827,1
Q15020,P03433,1
P15954,A0A024B7W1-PRO_0000443029,1
Q6P1L8,I6TAH8,1
O60656,P03452,1
Q15910,P03120,1
Q13049,P06788,1
P84243,P15682,1
Q9BYC5,P03427,1
Q8IVP5,P29991-PRO_0000308280,1
Q13425,Q194T2,1
Q9Y6C9,P03468,1
P33947,P15659,1
O60812,C5E524,1
O75348,A5Z256,1
Q02539,P21605,1
P55884,P03470,1
O15427,P05780,1
Q7Z4H7,I6T1Z2,1
P42892,P0C739,1
Q86WA6,P06930,1
Q9Y6K9,P24772,1
Q9HCY8,P06428,1
O94874,Q77M19,1
P17612,Q76RG1,1
Q9Y678,P15682,1
P02795,P06932,1
O95831,P29990-PRO_0000037929,1
A5PLL7,YP_009227203,1
Q8IYX8,P29882,1
Q9UNM6,P14335-PRO_0000037710,1
Q9UNE7,Q77M19,1
Q9Y5V3,Q77M19,1
Q99943,Q66479-PRO_0000426154,1
O43929,P06428,1
P10809,P15659,1
P55036,P0CK58,1
Q9BUL8,P06477,1
O75787,YP_009227196,1
O43164,YP_009227205,1
P52815,O56264,1
O75880,P06427,1
Q96RQ9,P04298,1
Q9Y3B2,Q05127,1
O00622,P05780,1
P05546,P29991-PRO_0000308465,1
P07437,B9VXK6,1
O95573,P04578,1
A0A2R8Y5A3,P23372,1
Q9GZP9,P06927,1
O14530,Q2PJP1,1
Q99460,P13285,1
O96000,P03126,1
P30050,P03470,1
Q9HDC5,YP_009227196,1
Q9UNL2,Q77M19,1
O14734,P08393,1
Q9NVJ2,Q99IB8-PRO_0000045600,1
Q9BQ66,P10228,1
Q15366,O41951,1
Q9Y230,P09992,1
P02792,O41958,1
Q8IW41,P27958-PRO_0000037566,1
Q9HC73,P06430,1
Q8IWA4,P05780,1
Q9BTV4,P29991-PRO_0000037944,1
P27824,NP_751921,1
Q8N8Q3,Q8JSN5,1
P02788,P27958-PRO_0000037573,1
Q9Y2S7,P06423,1
P08865,Q0HD54,1
Q8NCP5,P06788,1
P67775,P04020,1
Q9H8L6,NP_751919,1
Q9Y2G8,P69901,1
P78371,YP_009227202,1
Q13885,P03129,1
Q15365,P06930,1
Q9HCN8,P04578,1
Q96QC0,Q76RH5,1
Q96C10,P11207,1
Q99615,YP_009227197,1
Q15365,P06790,1
Q9H2V7,P06927,1
P35221,P0CK56,1
P26378,Q20MH3,1
Q8WWY3,P03470,1
Q6PKC3,Q9WMX2-PRO_0000037551,1
B0QYN7,P19893,1
Q9UNE7,P03431,1
P49588,YP_009227200,1
O60762,P0DOE9,1
O75964,P29990-PRO_0000037929,1
P62195,P29990-PRO_0000037929,1
Q9UQ80,P15682,1
P20265,Q9WMX2-PRO_0000037547,1
P54709,P04578,1
Q6DKK2,P03427,1
P15814,P04578,1
P07919,Q05322,1
Q04917,YP_009227203,1
O00148,P03496,1
P54252,YP_009227200,1
P49458,YP_009227200,1
P61006,P03468,1
Q3ZCM7,P17389,1
P12236,P03468,1
Q7Z4H7,P03508,1
P11021,P06428,1
Q14103,P03454,1
O75683,P17383,1
P07196,P03177,1
O94919,P04578-PRO_0000038428,1
P26641,P03452,1
P26599,Q8AZK7,1
P13378,NP_751921,1
P30049,Q77M19,1
Q8N1B4,Q77UU1,1
Q96QF0,P36778,1
Q9P2Y5,Q89933,1
Q96AV8,P15659,1
P43243,P12520,1
Q92598,P03470,1
Q8N7W2,P03129,1
P06703,P03246,1
G3V325,P03428,1
Q9C005,P05777,1
P08729,P03508,1
P19012,P06428,1
P14649,P12792,1
P05412,P03072,1
O75381,P03220,1
P60468,P06927,1
Q8WTV0,P03087,1
Q14533,P36780,1
Q8TCT4,P04013,1
Q9BYD1,P03428,1
Q9BWL3,YP_009227200,1
O95816,P06821,1
Q15365,P09992,1
P10643,P03433,1
P50222,P03428,1
Q9H078,Q77M19,1
Q9Y2U8,P03182,1
P37802,Q77M19,1
Q9NW64,Q9DUM9,1
P50402,B8ZX42,1
P18754,P15682,1
P35998,B8ZX49,1
Q9Y5L4,P29991-PRO_0000308279,1
Q8TDB6,P17387,1
Q9ULX6,P03129,1
Q96BA8,P04288,1
Q13263,P03430,1
P82930,P03496,1
Q9BZD7,Q8JSN5,1
P30101,P04578-PRO_0000038428,1
Q9Y6D9,P14079,1
P61020,P06821,1
P49257,YP_009227204,1
Q86UR1,P06428,1
Q9BQB6,P03081,1
P51784,B4URF7,1
Q15043,YP_009227200,1
P05412,NP_040842,1
O75925,P06921,1
O75821,P03470,1
O00425,P29991-PRO_0000037936,1
Q13263,P03427,1
P30281,P08393,1
Q5XKP0,I6T1Z2,1
Q9UK41,Q1K9G9,1
J3KPF3,P06463,1
P42224,P03081,1
P05388,Q05127,1
Q9P2B4,P03081,1
Q8TBM7,P10204,1
Q8IWS0,P03470,1
Q8WXF1,Q8JPQ9,1
Q14318,Q20MH8,1
O43186,P03410,1
Q8N3J9,Q9QLP4,1
Q8N163,P03468,1
Q9UGP4,Q9Q2G4,1
P61254,Q0HD54,1
Q14974,P0CK48,1
Q9Y5V3,P03220,1
P36954,YP_009227205,1
O14735,P24830,1
P23588,Q89733,1
Q93062,Q2MG95,1
P14625,P03468,1
P07195,Q1K9H2,1
P19224,P03468,1
O15205,P27958-PRO_0000037566,1
P61964,P03485,1
P02774,P29991-PRO_0000037941,1
Q7L5N1,P12520,1
Q8WUQ7,A0A024B7W1-PRO_0000443032,1
Q8N448,P03495,1
Q8IVU1,P29996,1
Q99832,P17388,1
Q96KC8,YP_009227198,1
Q8NBJ7,P04578,1
Q2PZI1,P12520,1
Q9NRX5,Q1K9H5,1
P52294,NP_776010,1
Q5HYI8,YP_009227196,1
Q9H4E5,P08563-PRO_0000041303,1
P62241,P03454,1
P27348,P16727,1
Q13084,P29991-PRO_0000037936,1
Q5T8D3,YP_009227200,1
Q9BYM8,P10240,1
P27824,P03087,1
Q9UHD8,P24835,1
Q71U36,P35256,1
O14744,Q20MH0,1
O75396,YP_009227203,1
O14503,Q20MD1,1
Q9HCU5,P03182,1
Q06609,P14079,1
O00308,P13285,1
P07900-2,P88980,1
Q99961,P36801,1
P35527,P03454,1
O00505,Q6SW29,1
Q8NBX0,P29996,1
Q9BXS5,P04578,1
A8KAG1,YP_009227196,1
Q6ZN66,P03454,1
P30281,P03129,1
Q9BXS6,P15682,1
O60832,P03433,1
Q9UIJ5,P29996,1
P61247,P03431,1
Q8NEF9,P29991-PRO_0000037940,1
P63010,Q20MH4,1
Q92537,P0CK58,1
Q9HCN8,B4URF0,1
Q15717,Q99IB8-PRO_0000045602,1
Q8N4L8,P03410,1
P07910,P03470,1
Q13724,P06792,1
P50416,P06792,1
O15305,P04015,1
P62158,P03118,1
P26373,Q82506,1
P19338,P03470,1
Q96B97,P10233,1
P40938,P03428,1
Q02878,Q58HT7-PRO_0000268103,1
P11308,P06932,1
O94776,Q77M19,1
P33992,P03470,1
Q9H190,P03485,1
P62854,P03430,1
Q92769,P17383,1
Q9UER7,P04491,1
Q15029,P06821,1
P17980,B8ZX49,1
P46937,P17387,1
P52943,P03220,1
Q9NWU2,P03454,1
Q9P035,Q77M19,1
O14828,P0C739,1
P35232,P09992,1
P37837,P36801,1
P16520,P03454,1
Q5SWX8,P06821,1
P40855,Q1K9H5,1
Q99615,Q2PRM9,1
P59768,P03246,1
Q13501,Q20MH8,1
P22626,P21605,1
P30041,P03470,1
Q15365,Q77M19,1
Q8TDD1,P17383,1
Q71U36,P0CK48,1
Q9NSC5,P03185,1
Q96HS1,Q05127,1
Q33E94,P14079,1
Q99615,P17385,1
O95881,YP_009227198,1
Q96J84,P0CK56,1
Q16891,P06460,1
P62195,P03126,1
Q13435,P03427,1
P62899,P15682,1
Q8IWC1,C5E527,1
Q13895,P17383,1
P35232,P03454,1
Q14558,P03470,1
Q96G25,P16494,1
P46459,Q1K9H5,1
P17844,Q8AZK7,1
O14744,P03418,1
P11142,P03430,1
P27797,P69901,1
O76075,P29990-PRO_0000037929,1
O00716,P03070,1
Q9UM00,I6T1Z2,1
P46734,P03081,1
Q70UQ0,YP_009227203,1
Q8NFQ8,P0CK49,1
P20226,P03129,1
Q2M2I8,P03129,1
Q8N6Q1,P29996,1
H0YKD8,P36801,1
O95831,P03225,1
P46778,P06461,1
O00264,Q2MG95,1
Q9UGP8,YP_009227203,1
P62072,Q77M19,1
O94842,P03129,1
P26373,Q20MH0,1
P06400,P03255-2,1
Q9BRP8,Q99IB8-PRO_0000045592,1
P61981,P29990-PRO_0000037929,1
Q92522,P03470,1
P67775,Q20MH0,1
Q9Y6C9,P03182,1
Q92947,Q77M19,1
Q9UKD2,P05777,1
P62333,P03468,1
P61978,P03427,1
P34096,P03087,1
P52272,Q82506,1
P09543,P03246,1
Q9Y3D9,P19712-PRO_0000038050,1
Q9NS69,P05780,1
Q13616,Q6TVJ7,1
P40429,P03177,1
Q9BRS2,P03470,1
Q15165,P06460,1
Q9NX63,P14079,1
Q8NG48,Q99IB8-PRO_0000045592,1
Q96DZ1,P04578,1
Q9UJV3,P03225,1
Q00535,P03129,1
O43175,P0DOE9,1
Q9BVJ6,YP_009227196,1
O76024,YP_009227201,1
Q5T3I0,I6TAH8,1
J3KNL2,P03496,1
Q9H6T3,YP_009227199,1
Q14728,P0C739,1
Q15758,P06460,1
P42766,P04487,1
P15531,P10228,1
Q9UQ90,Q99IB8-PRO_0000045598,1
Q9H078,P0DOE9,1
O95807,P06930,1
Q16513,O92972-PRO_0000278753,1
Q01081,P05777,1
O75352,Q69027,1
A0A0U1RQC9,NP_751925,1
O95297,P06461,1
Q01167,B8PZP3,1
Q9Y6N5,A0A0C7TUY8,1
Q9Y5A9,P05777,1
Q8WWH5,P06932,1
P42772,P36799,1
P07858,P03225,1
Q12834,YP_009227201,1
Q99523,Q2MG95,1
O95297,P06460,1
Q96K19,P06461,1
K7EQ03,P03433,1
P07305,P03470,1
Q9UBV8,P06930,1
Q14739,P05780,1
Q9NX58,Q9WMX2-PRO_0000037552,1
P23588,P03427,1
P10599,P15659,1
Q9NR31,P04578,1
P56202,P04578,1
P52294,P17388,1
Q8IY26,P0C739,1
Q7Z2W9,P29991-PRO_0000037936,1
P02794,P03225,1
P07384,P03468,1
Q13637,Q2MG95,1
P02538,P06422,1
Q14088,P06428,1
Q9HD45,Q20MH8,1
P0CG47,P15659,1
Q16206,P0C744,1
O43765,P69901,1
O43255,Q77UV9,1
Q96HS1,P15682,1
Q9GZT9,Q9WMX2-PRO_0000037551,1
P09651,P03430,1
Q92624,P12848,1
P51659,I6T1Z2,1
Q9Y2G8,C5E526,1
P12236,P03452,1
Q9UJX2,Q2KRY7,1
Q15008,P03454,1
Q9NX63,P69901,1
Q15293,Q8AZK7,1
B2RCX0,P04620,1
P61981,P15682,1
Q15404,P03220,1
P62714,B4URF7,1
P28072,P05777,1
P52292,A0A288CFT1,1
Q8N8A6,YP_009227196,1
Q8IXM3,P29991-PRO_0000037936,1
O00217,P06427,1
P02649,Q99IB8-PRO_0000045600,1
Q9BTE7,P36817,1
Q06830,P69284,1
P35613,Q77M19,1
P42766,YP_009227199,1
Q9Y3U8,P05777,1
P0CF74,P0C1C6,1
B7ZM21,P03427,1
P42677,P05777,1
Q5J8M3,YP_009227196,1
P55209,P03118,1
Q14186,Q9DUG7,1
Q9UHF1,Q9WMX2-PRO_0000037541,1
Q13838,P29990-PRO_0000037929,1
Q8TC12,P04578,1
P19838,Q1HVG1,1
P08172,P06461,1
Q13242,P04620,1
P63241,P14335-PRO_0000037710,1
Q6P1J9,I6T1Z2,1
Q9H2J4,YP_009227199,1
Q9UL46,P17385,1
Q9Y6C9,P03220,1
P0DMV8,P03427,1
Q9Y5M8,P06461,1
P18621,Q77M19,1
Q86UA1,P29991-PRO_0000308465,1
P51665,P05780,1
A6NKL6,P29991-PRO_0000037941,1
Q99805,D2XQB9,1
P14618,P09992,1
Q96BI1,P03182,1
O14907,Q6DP93,1
P11142,P29846-PRO_0000037676,1
Q12959,Q2Y0F1,1
Q96QF0,P06921,1
Q86UL3,YP_009227197,1
P20674,P03468,1
P68133,P03470,1
P42167,P29991-PRO_0000037944,1
Q99729,D1LN35,1
Q13435,P05777,1
P10412,YP_009227201,1
Q8WVC0,YP_009227205,1
P40616,P0C739,1
P62888,P15682,1
Q9BRT8,C5E527,1
P08238,P27958-PRO_0000037573,1
Q2TAY7,P05777,1
Q9UHF1,A8CSJ8,1
P05106,Q2KRY7,1
Q4KMQ2,YP_009227203,1
Q5DX21,P29996,1
P63279,P0C206,1
Q15392,P06460,1
P14174,P03496,1
O15173,Q1K9H5,1
Q8N0U8,YP_009227203,1
P30050,P15682,1
P62841,P15682,1
Q14318,P06460,1
P09012,P03433,1
O75152,C5E522,1
Q99643,YP_009227203,1
P18124,Q0HD54,1
Q05086,P03126,1
P17844,A0A0C7TBS6,1
P30153,P05780,1
P51571,P0CK56,1
P08579,Q5EP28,1
Q8N5K1,YP_009227200,1
P55084,P07939,1
P07437,Q05322,1
P05455,P05777,1
P23381,C5E524,1
P00156,P06788,1
Q63ZY3,Q2MG95,1
P62877,Q6TVJ4,1
P51116,P03431,1
P52272,P03129,1
P13639,P03496,1
Q9H869,Q9WMX2-PRO_0000037548,1
O95870,P06792,1
Q9NTJ5,P06460,1
Q8IZ07,YP_009227204,1
P28065,Q9WMX2-PRO_0000037552,1
P14373,P0CK48,1
Q9HCM4,Q77UV1,1
P62136,P03129,1
P13645,P15682,1
D6RFX5,P06921,1
O00165,O12160,1
Q13424,P03126,1
P27986,Q99IB8-PRO_0000045602,1
P53801,P06792,1
P10155,P09992,1
P48230,Q69027,1
P27797,YP_009227197,1
P55072,P17385,1
P06493,P05777,1
O00400,YP_009227204,1
P07339,Q32ZE1-PRO_0000435842,1
Q13185,P03211,1
P62906,P04487,1
A0A024R382,P03427,1
Q9NZN8,E5LBX2,1
Q16864,YP_009227196,1
O60547,F5HE15,1
Q9UNL2,Q20MH8,1
P48060,P06792,1
Q9H0F6,P17386,1
Q8TAE8,P06428,1
Q8TC12,P06460,1
P00414,NP_751926,1
Q8N423,P35961,1
O60664,Q9WMX2-PRO_0000037551,1
Q15773,P05777,1
Q15582,P03220,1
Q96N66,P29991-PRO_0000037944,1
P07355,Q82506,1
P21964,Q20MH8,1
Q9Y657,P03454,1
Q13838,P03470,1
Q9Y3E0,P06792,1
P52815,P06429,1
Q9NVP1,Q05127,1
Q9NZ01,P06927,1
P01871,P03431,1
Q9H840,P06463,1
P60660,P05777,1
A0A1W2PPJ5,P36827,1
Q9UHI6,Q9WMX2-PRO_0000037551,1
P04637,P03120,1
Q9Y446,P03428,1
P39023,P0DOE9,1
O43242,P13285,1
A6NKD9,P17386,1
P40938,P0DOE9,1
P07237,P0CK58,1
P61927,P03470,1
P20226,Q69022,1
Q9BZX2,P03129,1
O95218,P29991-PRO_0000037946,1
P02745,Q1K9G9,1
H3BST1,P06788,1
P46778,P03427,1
Q9Y5H7,P29996,1
Q13123,Q8JSN5,1
Q9BYD6,P03431,1
Q8NBM4,YP_009227198,1
Q15036,P0CK58,1
Q9Y3B4,P05777,1
O43294,P03081,1
P56962,B1A9Q8,1
P78371,P03129,1
Q9NP72,P0CK56,1
Q9Y6J9,P04020,1
Q9Y6M9,O36551,1
Q8TDN6,P29991-PRO_0000037936,1
Q8TBF5,P06477,1
Q92542,Q20MH8,1
Q9Y673,YP_009227203,1
Q96EB6,YP_009227205,1
O00161,P0CK58,1
P27797,YP_009227201,1
Q5XG79,Q9WMX2-PRO_0000037541,1
P35544,P03430,1
B4DIT7,P06821,1
Q9NX61,YP_009227200,1
Q6NXT6,YP_009227200,1
Q9NTJ5,P0DOE9,1
Q14728,YP_009227203,1
O15533,P06792,1
Q9Y4E8,P04294,1
O75530,NP_579876,1
Q96BJ3,P03120,1
Q9NRY5,YP_009227203,1
P39023,P05780,1
Q8NHP6,YP_009227197,1
P34931,Q84940,1
O75688,P15659,1
Q9BTV4,YP_009227198,1
Q9H173,P04578,1
P50479,Q2MG95,1
Q9NRN7,P03470,1
P62753,Q8AZK7,1
Q13438,P29991-PRO_0000308279,1
P52435,P03431,1
Q6NXT4,YP_009227197,1
Q9UI08,P04578-PRO_0000038427,1
Q9Y5T5,YP_009227196,1
Q9BYM8,P0CK48,1
Q14247,P03431,1
P54136,P03427,1
O75410,YP_009227196,1
P27797,P06932,1
Q13765,P15659,1
F8WB74,P06932,1
P62854,Q0HD54,1
Q9BT22,P0CK56,1
Q9UNM6,P05780,1
P29218,P06930,1
P67809,YP_009227196,1
P05026,Q99IB8-PRO_0000045600,1
O43242,P03454,1
Q32P28,P04578,1
P29966,B4URF7,1
P0DMV8,P05780,1
Q16880,Q32ZE1-PRO_0000435839,1
O60291,P06463,1
P28062,P13285,1
Q86YP4,Q05322,1
P08727,P06929,1
E9PF18,P24835,1
Q13547,Q2HR82,1
Q9Y6A9,YP_009227203,1
Q9Y224,P31343,1
Q9H6L5,P03087,1
O95273,P10240,1
Q01130,P03470,1
P42166,P06460,1
P55072,Q8JPQ9,1
Q8IWX8,P03470,1
Q9BTY2,Q20MH8,1
Q9NUL3,O92551,1
Q9UK00,P29996,1
Q16611,Q49PX0,1
Q13651,P03180,1
Q9Y3C1,P15682,1
Q96N66,YP_009227200,1
Q96A33,YP_009227204,1
Q9Y6N5,P03431,1
P10909,P0CK56,1
O14818,NP_751919,1
P48060,P0C739,1
Q9BPW8,P36799,1
Q9HCG7,YP_009227203,1
O60884,P03454,1
Q8N594,P03129,1
P62318,P03470,1
P25490,P03089,1
P05198,Q77M19,1
P62995,Q1K9H2,1
P30101,P69901,1
Q9Y272,P06428,1
Q15366,P03430,1
O75400,P15682,1
Q8N755,P08563-PRO_0000041302,1
B8ZZN6,P21605,1
Q14232,C5E519,1
Q5SRQ6,P10238,1
Q9UKF6,Q05323,1
Q92738,P17387,1
Q15904,YP_009227196,1
O95786-1,P0C774,1
P11836,P03087,1
Q13620,YP_009227203,1
O95433,NP_751927,1
O15400,Q32ZE1-PRO_0000435839,1
P11441,YP_009227198,1
P04843,P05777,1
Q9Y4E8,YP_009227202,1
O60884,P03430,1
P43686,Q1K9H5,1
P28300,P0CK48,1
P30488,P29990-PRO_0000037929,1
Q1KMD3,P03454,1
P25705,P03454,1
A0A087WYT3,P06428,1
O75475-1,P04585-PRO_0000042447,1
P61247,P04487,1
P62269,Q99IB8-PRO_0000045596,1
P49137,P03430,1
Q7Z7L7,Q76RJ0,1
Q9BXS5,P17387,1
P12004,Q77M19,1
Q9Y6M9,P29991-PRO_0000037944,1
Q70UQ0,P0C739,1
O15269,C5E519,1
Q06830,P03430,1
Q16891,Q77M19,1
P84077,P05780,1
P60604,P03468,1
Q9NYW8,O41957,1
P61163,P03468,1
O94919,P06460,1
O00264,Q77M19,1
A0A0U1RQC9,P17386,1
Q9UHW5,Q98140,1
Q13501,P03470,1
B0QYN7,P03116,1
Q9Y5A9,P03427,1
P08670,P03430,1
Q96A26,Q77M19,1
P30049,P29991-PRO_0000037944,1
P21964,P0DOE9,1
O00165,P69722,1
O00233,Q1K9H5,1
Q9UL15,P03427,1
O60716,Q2MG95,1
O15498,YP_009227200,1
P23588,P03454,1
Q9HCS7,Q5EP28,1
P62841,P03454,1
P13647,P03454,1
Q8IYJ0,P29996,1
Q96IX5,P03246,1
P02786,Q20MH8,1
Q9BQB6,P06461,1
F8W1R7,P03468,1
Q96QR8,P29991-PRO_0000037936,1
Q9H0E2,B8ZX49,1
P85037,P17387,1
P61586,O09720,1
P49458,P04487,1
P51523,P36780,1
Q9NX24,Q1K9H2,1
Q92543,YP_009227204,1
P08727,NP_751919,1
P48643,P12792,1
P11940,Q99AU3,1
P26641,P03118,1
Q8N1B4,P06423,1
Q99614,Q77M19,1
F5GY05,P36827,1
P68104,P24835,1
P62508,Q8AZK7,1
Q9H300,Q8JSN5,1
P31942,YP_009227203,1
O75794,A0A288CFT1,1
Q96RQ9,NP_803144,1
Q9P246,YP_009227201,1
Q14186,P04020,1
P98082,P03129,1
P18085,P29990-PRO_0000037929,1
Q9NX95,P29991-PRO_0000037941,1
Q9UBF6,P12504,1
Q9BRT8,C5E526,1
Q99460,P03070,1
P48556,Q2MG95,1
P35232,P17385,1
P67809,P05780,1
P63279,P29991-PRO_0000037946,1
P07858,P0CK49,1
Q9UGP8,Q2MG95,1
Q8N1B4,P06790,1
Q7Z2T5,P04620,1
O60220,B4URF7,1
P62081,P04487,1
O00483,P0CK56,1
P35637,Q6QDQ4,1
Q9ULX6,P03431,1
Q9NWX6,P06465,1
A0A087WX97,P06921,1
P20226,P06423,1
P06733,P06930,1
O60725,P06460,1
P13236,O10647,1
P08237,P05780,1
O60684,Q05322,1
P60468,Q20MH0,1
Q9NZC9,B2BUF1,1
O00232,P15682,1
O76021,Q1HVF7,1
P13645,P03427,1
P52292,B8ZX42,1
Q8NF37,Q8JSN8,1
P11387,P05777,1
Q96E22,Q80HW9,1
P02786,P04578,1
P07355,Q20MH0,1
P30101,YP_009227204,1
Q13427,P03129,1
Q6ZT21,P06792,1
Q96G97,P06461,1
Q15700,P03126,1
P19338,P03430,1
O15355,P29990-PRO_0000037929,1
Q9BU23,Q99IB8-PRO_0000045600,1
P62333,P05780,1
Q9UBS4,P03427,1
P35221,P17367,1
Q6ZVK8,P14079,1
P61981,P0C1C6,1
F2Z2B9,P03468,1
A0FGR8,P06927,1
O95573,P0CK56,1
P37198,Q85601,1
P25311,NP_751926,1
P50991,P03427,1
Q5MY95,P03087,1
P04844,P29990-PRO_0000037929,1
P05026,YP_009227204,1
P55209,P03427,1
P33240,P04620,1
Q8N5Y8,YP_009227196,1
P12273,Q20MH4,1
P52756,O40939,1
Q8TED1,Q76SF8,1
P04899,P15659,1
Q00535,P06821,1
P62750,Q77M19,1
Q01433,P17383,1
O14545,Q2MG95,1
P14635,P06930,1
P56556,A0A024B7W1-PRO_0000443029,1
Q8WUM9,P06932,1
Q8N302,P29991-PRO_0000037946,1
Q9NVV0,YP_009227203,1
P55036,YP_009227197,1
Q9UBB9,P0C763,1
Q07021,P16727,1
O43734,P03126,1
P22532,P21605,1
P33991,Q1K9H5,1
O15530,NP_751927,1
Q8WVN6,P03087,1
O00299,P06428,1
Q9H0U6,Q32ZE1-PRO_0000435829,1
Q9Y6N5,P0CK49,1
P43243,P15659,1
Q52LJ0,P04620,1
Q8TD10,Q20MD1,1
Q9Y2S7,P04015,1
P02753,Q9WMX2-PRO_0000037550,1
Q92575,YP_009227204,1
P49458,P03070,1
Q99731,P10204,1
Q9BZJ0,A0A024B7W1-PRO_0000443032,1
P62081,Q1HVF7,1
Q6FHH0,P03427,1
P62258,P05777,1
Q8IVD9,YP_009227199,1
Q70EK9,P03427,1
P62820,P03468,1
Q13617,Q1K9H5,1
Q9Y265,P05777,1
Q9H3N1,YP_009227204,1
O15269,YP_009227200,1
Q63ZY3,P03225,1
O14735,P0C739,1
Q92974,B4URF7,1
Q99653,P69901,1
O00308,P0CK58,1
Q96IX5,P06792,1
Q9HCD5,P15659,1
Q9H2G9,P03508,1
Q06609,P10215,1
A0A087WW40,P0C723,1
B0QYN7,A0A384KQ78,1
Q9Y2R4,A0A024B7W1-PRO_0000443019,1
Q9NR12,P06464,1
P82921,P29991-PRO_0000037936,1
P09651,P04620,1
Q9HD45,P17385,1
P62873,P03246,1
Q6PKC3,P04578,1
Q9NPJ6,P68336,1
O43164,Q2MG95,1
Q96CV9,P0CK53,1
P46779,Q0HD54,1
P68133,P15682,1
P61289,Q9WMX2-PRO_0000037552,1
P06493,P03129,1
P51571,P03468,1
Q14209,P03129,1
P06733,P14340-PRO_0000037966,1
Q7L8L6,P05780,1
Q9UFW8,Q05322,1
Q9NXZ2,P03427,1
Q9BSJ6,P10240,1
Q9UJ70,Q2PRM9,1
P40429,P15682,1
Q86V81,YP_009227196,1
P60903,P03452,1
Q9BYJ9,P03427,1
P04818,P17387,1
O43390,P03433,1
Q96LW7,Q32ZE1-PRO_0000435839,1
O75964,Q77M19,1
Q6IAA8,P03182,1
P09382,Q05320,1
Q8N3Z6,Q9WMX2-PRO_0000037548,1
Q13049,P03129,1
Q9H396,P36810,1
J3QK89,P06423,1
O14979,Q6QDQ4,1
P18669,P05777,1
P28288,P06792,1
O60493,K9UT94,1
Q9H3U1,P17385,1
Q99653,P29990-PRO_0000037934,1
P55072,P15682,1
P61981,P05777,1
Q8NE01,P04578,1
Q9Y2W2,Q99IB8-PRO_0000045603,1
E9PH82,P03431,1
P02776,P24766,1
P13073,P04578,1
Q4J6C6,P10204,1
P84157,P06792,1
P10809,Q20MH0,1
Q9Y312,P03428,1
P33993,Q1K9H5,1
P36776,P05777,1
P52292,P03243,1
Q52LJ0,YP_009227202,1
P49411,P03427,1
P11021,P21698,1
O60716,Q1K9H5,1
P04792,P03430,1
O15523,P12792,1
Q9BYN8,P03433,1
Q8TAE8,Q05323,1
Q96HY6,YP_009227203,1
O00767,P06788,1
Q8IXM3,P03508,1
Q07955,P36778,1
Q8N1K5,P0C745,1
Q9UPN7,C5E527,1
O00264,Q05322,1
Q92537,K9UT94,1
P46782,P05777,1
Q6P1W5,Q9WMX2-PRO_0000037548,1
O14641,P03485,1
P61247,P09992,1
O60858,YP_009227197,1
Q8N163,Q9Q2G4,1
Q96B23,P17388,1
I3L0L0,P36827,1
Q13829,P06429,1
O94842,P06429,1
Q9BQ04,O92597,1
Q04837,P04618,1
Q9UM00,P05777,1
Q9H000,P10230,1
P31948,C5E526,1
P11940,P05780,1
Q9Y6W3,YP_009227199,1
Q659C4,I6TAH8,1
Q9NVV4,P05777,1
P08238,Q77M19,1
Q00987,P69713,1
O60481,P17387,1
Q9NZ08,P03468,1
Q6PML9,YP_009227198,1
O00303,Q9Q2G4,1
Q9UHX1,P03470,1
O75794,P05780,1
Q06418,P03087,1
P07355,P15682,1
Q16576,P03129,1
O43681,YP_009227204,1
P17858,Q2MG95,1
P15954,P06428,1
Q9H3P7,P0C737,1
Q658P3,P06428,1
Q5VV42,Q2MG95,1
O15514,P03431,1
P84085,P05780,1
F8W6G1,Q77UU1,1
Q6IBW4,P03433,1
O60669,P08563-PRO_0000041302,1
P37108,Q82506,1
Q9UJ14,Q20MH8,1
P54652,P03470,1
P19525,P15682,1
Q9H0M0,P27915-PRO_0000037999,1
Q86T03,K9UT94,1
Q6PJ69,Q2MG95,1
Q6PK04,P29991-PRO_0000037936,1
Q07065,YP_009227198,1
O95297,M0QTU7,1
Q7Z3E2,O41941,1
P08727,P09992,1
Q9UPU7,Q1K9H5,1
Q4G0N4,P29996,1
P37059,P06927,1
P41567,Q8JSN6,1
Q9UKM9,P03430,1
Q8N0U8,P17385,1
Q92543,YP_009227200,1
Q9Y262,Q6QDQ4,1
Q8IXI2,P06821,1
P51948,Q1K9H5,1
O14735,P36778,1
Q9NSA3,P17367,1
Q02878,Q89733,1
O60831,P69901,1
Q9P1W9,P10240,1
Q13243,P27958-PRO_0000037566,1
P00740,O41949,1
P62263,P03454,1
P61513,P03470,1
P40227,P0CK48,1
P23284,YP_009227201,1
P61313,P05780,1
P31249,Q2Q067,1
Q9NP92,P29991-PRO_0000037936,1
Q9UHV9,Q1K9H5,1
Q9Y678,P05777,1
P19438,NP_751919,1
Q92598,P05780,1
Q8HWS3,Q69138,1
Q9Y5L0,YP_009227200,1
Q02539,C5E522,1
P25815,Q05320,1
O43615,B4URE7,1
P62879,O56232,1
Q9UH99,P11258,1
Q9Y3T9,P14335-PRO_0000037713,1
P50990,P04413,1
Q9Y2H1,P03454,1
Q8NEW0,P69901,1
P51665,P04578-PRO_0000038427,1
P13807,P06465,1
P54277,P03470,1
O15460,P04578-PRO_0000038427,1
Q9BPZ3,Q1K9H2,1
Q8N448,P0DOF5,1
O60716,P0CK58,1
P15621,P88987,1
P62249,P04413,1
O00232,P03126,1
O00487,P05780,1
O95433,Q89027,1
Q14318,Q77M19,1
O00746,P12792,1
Q9BXN2,P03185,1
P50281,P06460,1
Q9BUJ2,P29991-PRO_0000037936,1
O95202,P03468,1
G3V3B0,P03508,1
Q8N684,P29991-PRO_0000037936,1
O75494,Q05323,1
P40937,P03428,1
P29692,B4URF7,1
Q9Y4P3,YP_009227203,1
Q96N11,P36801,1
Q03060,Q69027,1
Q8N878,F5HFG5,1
Q9NS67,Q86500-PRO_0000041225,1
P25686,P12504,1
P49207,P03211,1
Q5JTV8,P04578,1
Q9UNF1,Q77M19,1
Q9HCC0,P68466,1
P07919,P03468,1
X6REH9,P06428,1
O00471,P03185,1
Q9NPA8,Q9WPI5,1
Q86T03,P29996,1
Q9Y3B6,YP_009227203,1
P61513,P03454,1
A0A0U1RQC9,P03072,1
Q969F0,P0C6Z1,1
Q13451,O39474,1
Q9P2X0,P29991-PRO_0000037944,1
P62979,Q1K9H5,1
P26045,P06463,1
P31942,Q05127,1
Q9C0E8,P06792,1
O95363,P29991-PRO_0000037936,1
O95391,B4URF7,1
Q6NUQ4,P06428,1
P62280,Q00335,1
Q53F19,P29991-PRO_0000037936,1
P55957,P03495,1
P11441,YP_009227197,1
P46781,P17388,1
O60218,P06821,1
P84090,O56264,1
P30153,B8ZX42,1
Q05086,P06933,1
P84022,P06428,1
P55735,B4URF7,1
Q9Y394,YP_009227197,1
Q6NXQ0,P06921,1
Q9Y6W3,YP_009227204,1
G5E9W7,P03508,1
P11474,Q8AZK7,1
Q9UBS3,P06461,1
Q9NZ08,P04578,1
P27824,P06460,1
Q12981,YP_009227196,1
P61956,P01104,1
O15270,YP_009227203,1
Q5C9Z4,P03428,1
Q5HYI8,YP_009227200,1
P63173,Q0HD54,1
P08195,P17385,1
Q9UKM9,P03428,1
P17612,Q8AZJ3,1
O14908,Q0A2H0,1
Q7Z2W4,P06821,1
Q7L7L0,Q9WPI5,1
Q96JC1,P06790,1
P52630,P09866-PRO_0000038010,1
Q13748,P05888,1
P82664,P03496,1
Q9NRY2,P05780,1
P38159,Q0HD54,1
P37108,Q9QLP4,1
P54760,K9UT94,1
P08195,P06792,1
O00165,P06460,1
Q07021,P15659,1
P14406,P29991-PRO_0000037941,1
Q9P2K5,P03496,1
P37173,P13285,1
P78337,NP_751927,1
Q6RW13,Q6DPW5,1
Q15370-1,P69723,1
P05386,P03454,1
P62495,P15682,1
O00148,P03452,1
A6NIH7,P06428,1
P08238,P24772,1
P29353,P06428,1
P84157,Q8JSN5,1
P84090,P05777,1
Q5HYI7,Q32ZE1-PRO_0000435839,1
P30281,P14079,1
Q6ZMU5,Q80908,1
Q13227,P06463,1
P49715,P03120,1
Q9BSR8,P06927,1
Q92876,P36817,1
Q86UC2,Q9WMX2-PRO_0000037548,1
Q96CW1,P03427,1
Q9BXK5,P06422,1
Q9NXS2,P03452,1
Q9NRN7,P03427,1
Q96DF8,Q20MH3,1
O14641,P03508,1
Q9NZJ7,Q32ZE1-PRO_0000435839,1
P26599,YP_009227196,1
Q4V328-1,O41931,1
P11021,Q6SW29,1
P38919,P05777,1
P14923,P23372,1
P12004,P03129,1
P49589,Q20MH3,1
Q92769,Q2HR82,1
O43143,P29991-PRO_0000037936,1
Q9Y5Z0,P0C739,1
P31350,P17387,1
O14735,P0CK49,1
Q16799,Q66479-PRO_0000039497,1
P00338,P04487,1
Q8IUX4,Q76R61,1
Q8N0W7,P29996,1
Q00325,Q77M19,1
P20265,NP_751923,1
P25116,P06927,1
O94973,P15682,1
Q5T9L3,P06460,1
Q9BU23,A0A024B7W1-PRO_0000443029,1
P30533,P36817,1
P52292,P03101,1
P62241,P04487,1
Q15054,Q20MH8,1
Q06323,P03470,1
P15153,P04578,1
P29353,P03495,1
Q9NR33,Q9Q2G4,1
Q15629,P06460,1
Q8NC54,P13285,1
O95249,YP_009227200,1
Q9H446,P16749,1
P17482,P14079,1
P25705,P0DOE9,1
P04637,P04015,1
P30626,P06788,1
P17858,P29991-PRO_0000037944,1
P22695,P29990-PRO_0000037929,1
O95782,P06464,1
Q6PKC3,P0CK47,1
Q96G23,YP_009227200,1
P62266,Q8AZK7,1
Q92997,P03508,1
P11021,Q77M19,1
P61247,P15682,1
Q99623,P13285,1
P49368,P07567,1
P02675,O41931,1
Q70UQ0,Q9WMX2-PRO_0000037541,1
P04350,P04608,1
P62826,P03454,1
Q8N5K1,P29991-PRO_0000037944,1
Q7Z6J9,P06427,1
K7ER00,P06428,1
P56192,Q77M19,1
Q8TDQ0,Q98822,1
P09012,Q8JPQ9,1
P17096,P36799,1
O60499,Q32ZE1-PRO_0000435839,1
P16401,P03427,1
P53618,P06821,1
P30153,Q20MH0,1
P27986,Q9WNA9,1
P03973,P24835,1
Q9Y3D0,P06427,1
P56134,P03431,1
Q12797,P0CK56,1
Q9NRC1,YP_009227196,1
Q9NNX6,NP_776014,1
A0A087WUS5,P06429,1
O60762,B4URE7,1
Q14444,P0DOE9,1
O43889,P03508,1
O14979,C5E522,1
Q9Y3U8,P15682,1
Q9Y320,YP_009227203,1
Q92643,YP_009227200,1
Q86WV6,YP_009227196,1
P16401,P03470,1
P84098,P03427,1
Q9NXB0,P06428,1
Q8WUQ7,Q8JSN5,1
Q8WXG1,Q99IB8-PRO_0000045602,1
O14735,P04015,1
P35544,P03454,1
Q8N448,P03452,1
P16220,P03165,1
P49770,P12792,1
P63104,Q9WPI5,1
Q5JVF3,Q99AU3,1
P30411,P0C739,1
P16989,YP_009227196,1
P35998,P05780,1
P21796,Q99IB8-PRO_0000045598,1
Q7L190,P08393,1
Q02539,P0C765,1
P27635,Q1K9H2,1
Q8N653,Q77M19,1
O95297,P0C739,1
P15880,P09992,1
P08708,P15682,1
Q9UL15,YP_009227201,1
Q9Y2Q9,YP_009227196,1
P55060,P03470,1
Q9HC07,P30119,1
Q9HC07,P06461,1
Q969W3,P06429,1
Q04759,P04601,1
P08579,P06429,1
P62875,P03431,1
Q8TC07,P0C739,1
Q8WU90,YP_009227196,1
A8MYR2,P06930,1
O75865,P06428,1
Q9BXS6,P03470,1
Q494V2,Q9WMX2-PRO_0000037548,1
P18621,P04487,1
O15372,Q9Q2G4,1
P41225,Q9WMX2-PRO_0000037545,1
P14923,P15682,1
Q8N5Z5,P03427,1
P62937,Q02843,1
P00403,P03431,1
P22090,EBI-6857440,1
Q96B01,P27958-PRO_0000037566,1
P21291,Q2PRM9,1
Q9Y3Z3,Q89733,1
O14684,P06428,1
P62979,P18378,1
P28221,P03087,1
Q9Y3D9,I6TAH8,1
P01730,P22575,1
Q9UJ70,O40939,1
P55072,P03454,1
O75525,P03495,1
Q00587,Q20MH8,1
Q5JPH6,Q20MH8,1
O14579,C5E519,1
Q15904,YP_009227204,1
Q14872,P27915-PRO_0000037996,1
Q03188,Q9WMX2-PRO_0000037551,1
Q8NBQ5,P05777,1
Q9NZI8,P19712-PRO_0000038050,1
P61978,P03129,1
P60709,P05780,1
Q9NUL3,YP_009227196,1
P63208,Q77M19,1
P13647,P03427,1
E9PBF6,P03431,1
P27635,P06465,1
Q14728,YP_009227196,1
Q9Y6N5,P03129,1
P60981,P05777,1
Q9NYF3,P36791,1
Q99417,P03433,1
Q9NP72,P06927,1
P05388,Q89733,1
Q96EC8,NP_751926,1
P40227,P15682,1
P08133,K9UT94,1
P48960-2,O41949,1
Q9UBF8,P03300-PRO_0000424692,1
Q6IAA8,K9UT94,1
Q96AM1,P0C739,1
O76071,P05780,1
P06753,P0DOE7,1
Q9HD23,O40917,1
Q8N4L2,O36551,1
Q8N448,P06788,1
P61165,Q1K9H5,1
Q9Y2Y4,P06430,1
P30101,Q77UU1,1
P08670,P03427,1
Q9UBT7,P05780,1
Q92615,B4URF7,1
Q15717,Q6VGS8,1
Q9NX70,P0DOE9,1
Q8IYB3,P03430,1
O75190,I6T1Z2,1
P06400,P12533,1
Q9Y282,P0CK58,1
Q8WVX9,P03468,1
Q13243,Q82506,1
Q9BVW5,P36780,1
Q9H2X3,Q03463-PRO_0000278734,1
P21796,P29990-PRO_0000037929,1
Q14145,B4URF7,1
P43364,P03466,1
P14314,P04578,1
Q9BVC6,P06927,1
P06748,P03496,1
O75915,YP_009227204,1
Q9H9H4,O55779,1
Q99816,P04590,1
P62136,P03431,1
Q15025,P04601,1
Q9GZT4,P0CK49,1
Q9Y262,P19712-PRO_0000038050,1
P52435,Q98140,1
P09543,P06463,1
Q7L2R6,P14079,1
P06748,P03430,1
P08621,P05777,1
Q6H3X3,P16757,1
O60313,A0A024B7W1-PRO_0000443029,1
Q14103,Q20MH3,1
P20248,P04608,1
Q99523,P03246,1
P54709,YP_009227196,1
Q5BJE1,P03430,1
Q99873,Q1HVF7,1
Q8NHQ1,P03431,1
P55084,P17382,1
Q6YP21,P36801,1
Q02878,P36801,1
O15155,YP_009227196,1
Q96FQ6,P0C739,1
Q13177,Q5PP90,1
Q96JJ7,YP_009227204,1
P55084,P15682,1
O95639,C5E524,1
Q15738,P05777,1
Q15645,P03129,1
P08240,P0C739,1
P50990,P21698,1
Q8IVS2,Q77UV1,1
P48444,Q77M19,1
A0A0G2JPD3,P03129,1
O15533,Q77CE4,1
Q7RTV0,P03430,1
Q05516,P04020,1
O60488,P06460,1
Q9H0D6,O56264,1
Q8WTS1,P04305,1
Q9Y2W1,P04591,1
P07900,P15659,1
H0YFD6,P03126,1
D6REE5,Q1HVG1,1
Q92979,P29991-PRO_0000037946,1
P22492,P0C765,1
Q9UBV2,Q20MH8,1
Q86VK4,Q58HT7-PRO_0000268112,1
P61221,P06428,1
Q7Z3B4,P03433,1
O60814,P06788,1
P11387,P03081,1
A8MPS7,P03126,1
O43819,Q77M19,1
O75600,YP_009227204,1
P10606,O36551,1
Q9Y2X3,P03428,1
P30519,YP_009227204,1
Q13505,P0DOE9,1
O00231,Q2MG95,1
P00390,YP_009227205,1
O94929,P0C739,1
Q99942,P06460,1
P11177,P06821,1
P11021,P06921,1
P47869,P36817,1
Q16527,P0CK56,1
P07093,P0CK56,1
P38159,P21605,1
Q96C10,Q9EMA9,1
A0A087WUS5,P03126,1
P14314,YP_009227201,1
Q96IK0,P03087,1
P50479,P0CK56,1
O43889,Q9WMX2-PRO_0000037546,1
P10606,Q05322,1
Q13724,Q99IB8-PRO_0000045596,1
P68371,O56264,1
P11308,P06429,1
Q14257,P0CK58,1
P18621,P15659,1
Q8WY36,Q1K9H5,1
Q13501,Q8JSN8,1
Q8NCE2,P17387,1
O75367,NP_751927,1
P50281,P0CK56,1
P49368,Q00335,1
P54136,Q77M19,1
Q53HC0,P14079,1
Q9H6R7,YP_009227201,1
P13010,P29991-PRO_0000037936,1
Q86SQ7,P04591-PRO_0000038593,1
Q9BVJ6-1,P88983,1
P61513,Q1HVF7,1
P43403,Q1HVJ2,1
P04792,YP_009227198,1
Q08J23,P29991-PRO_0000037936,1
Q06210,P06821,1
A6NEC2,C5E519,1
P53365,P06423,1
P52655,P14079,1
Q8N2W9,P06790,1
Q9HB58,NP_751919,1
P51991,P06428,1
Q9UHY1,P06422,1
Q96TA2,I6T1Z2,1
P27348,Q20MH0,1
P60866,P15659,1
Q9BQ75,P29991-PRO_0000037936,1
Q15004,P17387,1
P62861,Q84940,1
O00116,Q20MH8,1
P22455,Q99IB8-PRO_0000045602,1
O43292,P04578,1
Q92973,P03101,1
Q8WTT2,YP_009227196,1
O95793,C5E522,1
Q9HD33,P03508,1
P15311,P03470,1
Q6NYC8,P03081,1
Q99417,I6T1Z2,1
P36404,P36810,1
P09651,EBI-6857440,1
P30532,P03129,1
Q8NBS9,P09992,1
P23396,Q9WPI5,1
Q9NSG2,P36810,1
Q12849,P29991-PRO_0000037936,1
P82932,I6TAH8,1
P67870,Q1HVF7,1
P62857,Q77M19,1
P62318,O56264,1
P49023,P0CK49,1
P00338,P06929,1
Q5SQN1,YP_009227196,1
P34932,B8ZX42,1
Q92783,YP_009227201,1
P53007,P03468,1
Q9GZT8,Q85601,1
Q9Y4K3,P10191,1
O00232,Q2MG95,1
Q9NUW8,YP_009227205,1
Q9Y4K3,NP_044625,1
Q9UNE7,P15659,1
Q96B97,P03177,1
Q14974,NP_739590,1
Q92552,P06477,1
Q9BZQ6,Q20MH8,1
A8MUS3,P21605,1
P43686,P0CK56,1
P50281,P03246,1
Q8TED0,YP_009227196,1
Q96DV4,P29991-PRO_0000037936,1
Q00577,P29991-PRO_0000037936,1
P51617,Q03463-PRO_0000278740,1
O00762,Q77M19,1
O43747,Q77M19,1
A0A0J9YX62,Q805P6,1
Q9Y5M8,P0CK56,1
O95985,YP_009227196,1
Q9Y244,P03508,1
P14866,Q9WPI5,1
P17987,P12792,1
P52594,P32543,1
O75438,P06460,1
P07437,Q01220,1
Q9UJS0,Q20MH8,1
Q5SRD1,C5E519,1
O60462,Q20MH8,1
P18124,P04487,1
O75787,YP_009227197,1
P53805,P03070,1
O75880,P06428,1
P82675,P03428,1
Q9NX63,P0C739,1
P17707,P05780,1
P09651,P15682,1
Q9BZJ7,P08563-PRO_0000041304,1
Q9HBG7,Q9PX39,1
Q14697,YP_009227201,1
Q9UG63,P06821,1
Q92905,P89884,1
P19838,P10226,1
Q9P0V3,P03182,1
Q9UH92,Q2Q067,1
O95983,Q05322,1
P18669,P03496,1
P42574,P17382,1
P51148,P03246,1
Q66LE6,P04620,1
P31943,Q77M19,1
Q9NSN8,P03126,1
P02671-2,O41946,1
Q7L7L0,O56264,1
O14773,P0CK56,1
P22310,Q9WMX2-PRO_0000037550,1
J3KTL2,Q1HVF7,1
Q15629,Q69117,1
P60953,P03470,1
Q12849,YP_009227196,1
O15234,Q05323,1
P24539,Q77M19,1
Q9NRY5,YP_009227200,1
P14678,P06428,1
P62487,P24835,1
Q9GZT8,P03410,1
P62847,Q0HD54,1
Q12905,P15659,1
P61981,P0DOE9,1
P30626,P36817,1
Q9NXV2,P15682,1
P00403,P36817,1
P51572,P06927,1
P01730,NP_579894,1
P19429,Q3SBS5,1
P39019,P05777,1
Q7L8A9,P10204,1
P19388,P03431,1
Q07021,P17389,1
Q14318,YP_009227203,1
O14735,P0CK56,1
P06748,Q98147,1
P98170,P24835,1
P27348,P03454,1
Q13443,P0C739,1
P05387,P15659,1
Q9Y6B2,P05780,1
P31689,Q69117,1
Q16629,P03454,1
Q99714,P05777,1
Q99966,P03255,1
Q00765,YP_009227200,1
P68104,P04620,1
Q96A33,P03468,1
P50479,Q9QLP4,1
Q9BQA1,P06821,1
P22492,P17382,1
P27824,P03182,1
Q86T03,Q8AZJ3,1
Q8TCJ2,P29991-PRO_0000037945,1
O15287,Q1I2B2,1
P63167,P06747,1
P35813,P03246,1
Q9BU76,P03466,1
Q9Y2L1,C5E524,1
O14641,Q67296,1
P09493,P03454,1
Q8NE71,P15682,1
Q9Y6N5,P06460,1
P02786,P03452,1
Q15038,Q1K9H5,1
Q06787,P27915-PRO_0000037999,1
P39019,P15659,1
P41182,Q9WMX2-PRO_0000037548,1
P07093,P06792,1
Q9UNA3,P29996,1
P11441,P12504,1
O15212,P03428,1
P62807,Q8AZK7,1
Q8TBC3,P03129,1
Q05193,C5E519,1
P08195,P03433,1
P01130,P0C6Z1,1
Q9NS71,P10191,1
O15260,P06461,1
O00629,Q997F2,1
Q00839,D1LN35,1
P52292,Q20MH8,1
Q99755,A0A024B7W1-PRO_0000443019,1
Q8TAP6,P0C742,1
P38646,P03454,1
Q9NRR5,YP_009227203,1
P57740,C5E519,1
Q96B49,Q32ZE1-PRO_0000435839,1
Q92598,P03452,1
P25787,P06423,1
Q96EY1-1,P03129,1
Q14257,Q1K9H5,1
O75475,P03430,1
P51798,P0C739,1
Q3ZAQ7,YP_009227198,1
Q9P2I0,P04620,1
Q96AM1,P06460,1
O95967,P06463,1
Q9Y2Q9,P17383,1
Q15365,P24835,1
P82930,P03427,1
P67870,Q99IB8-PRO_0000045592,1
O75439,Q1K9H5,1
O60832,P19712-PRO_0000038050,1
P35637,P03508,1
Q99961,B4URF0,1
Q8NHQ1,P03466,1
Q9H3P7,P06460,1
P37108,P29991-PRO_0000037936,1
Q9P031,O92597,1
Q08AM6,Q20MH8,1
Q9Y5J9,Q05128,1
P62906,P05780,1
Q9H497,P06930,1
O94901,YP_009227201,1
P15311,P15682,1
P28799,NP_040941,1
O95235,P06422,1
A1L0V1,P0CK47,1
P31946,P0DOE9,1
Q9Y5M8,P04578,1
Q8N163,P29991-PRO_0000308465,1
Q02878,P36799,1
O95757,YP_009227198,1
O94874,P29991-PRO_0000037944,1
P19387,YP_009227205,1
Q8WUK0,P03433,1
Q14331,P05780,1
Q8WUM4,O55527,1
P25788,Q3KSV2,1
Q13616,Q6TVJ2,1
Q8WUB2,P06428,1
P09012,P05777,1
Q99613,Q9Q2G4,1
Q9H5V8,P03246,1
Q9UBX5,Q66479-PRO_0000426155,1
Q8IYX8,Q1HVF7,1
Q96BZ8,P14079,1
Q9Y3D0,Q76353,1
P50402,K9UT94,1
P20226,P36778,1
Q8TEY7,P06788,1
Q86Y82,Q9WMX2-PRO_0000037550,1
Q7KZF4,YP_009227198,1
P04083,H9XIJ5,1
P62195,P03454,1
O15260,P29990-PRO_0000037929,1
P46977,Q77M19,1
Q01813,P03452,1
P11217,P03129,1
P61626,Q05322,1
P63208,O57263,1
O15260,P06927,1
P60900,P30119,1
Q07817,P06790,1
O75534,P15682,1
P60891,P05780,1
P46734,P04020,1
Q9HCN8,P04578-PRO_0000038427,1
P30050,Q77M19,1
Q9Y291,P03496,1
Q6IAN0,Q1K9H5,1
P51659,Q20MH8,1
O95292,Q99IB8-PRO_0000045600,1
P14868,P03454,1
Q9Y2K1,Q9WMX2-PRO_0000037548,1
P17980,P17386,1
Q6P1M0,C5E519,1
P08240,P03468,1
P01903,P29996,1
Q15165,P06461,1
P62277,Q82506,1
Q9NQL9,P06428,1
Q9H330,P17385,1
P35232,P29990-PRO_0000037929,1
Q8TAE8,P29991-PRO_0000037936,1
F5H7F6,P03496,1
Q15415,Q04360,1
Q9Y2S7,P36780,1
Q3KQU3,P69901,1
P62316,P03430,1
Q99442,Q2MG95,1
O60832,YP_009227205,1
Q9BW61,YP_009227205,1
P55036,K9UT94,1
Q9Y6H1,P17389,1
P30049,P05919,1
P16403,P15682,1
Q9Y2Z4,Q76RH4,1
Q9Y3Z3,P15659,1
Q9Y679,P03468,1
Q12959,P14075,1
P52298,P29991-PRO_0000037936,1
P48594,Q99IB8-PRO_0000045595,1
Q86XL3,YP_009227196,1
O14523,YP_009227196,1
Q15011,Q66479-PRO_0000039497,1
Q9BQA1,P36799,1
P52597,P05780,1
Q14568,B4URF7,1
P46783,O56264,1
P43307,YP_009227198,1
O60884,P29990-PRO_0000037929,1
P27348,P0C1C6,1
P29590-5,P03304-PRO_0000039791,1
Q9NVP2,F5HAW0,1
P35221,NP_579895,1
Q9Y3B4,P03454,1
O15260,P69901,1
P30153,P69284,1
O94826,P17389,1
O43819,P0DOE9,1
P04792,P15682,1
P07355,P03452,1
Q02543,Q9WMX2-PRO_0000037551,1
Q14974,P0C1C7,1
O43865,Q8AZK7,1
Q13347,P19712-PRO_0000038050,1
P31350,YP_009227202,1
Q96S55,P69901,1
Q3ZCQ8,P09992,1
P61353,P15682,1
Q8IUH3,YP_009227203,1
O95249,YP_009227196,1
Q9BTV4,P17385,1
P10301,P0C739,1
Q16623,Q66479-PRO_0000039497,1
O14545,P17386,1
O95377,P06427,1
O15091,P06821,1
E7EPW2,P03431,1
Q14653,P19711-PRO_0000038024,1
P62906,P36817,1
Q9UL46,P29991-PRO_0000037941,1
P62158,P21605,1
Q8WUM9,P0CK58,1
Q16891,P06792,1
Q14764,Q1K9H5,1
O94842,P06790,1
Q07666,P23372,1
Q9UG63,P03496,1
P04406,P36799,1
P36507,P06929,1
EBI-9028477,Q9WMX2-PRO_0000037541,1
Q7Z434,P0C739,1
Q13794,P24356,1
Q15631,P06423,1
P61968,P03129,1
O15305,P24830,1
P24539,P17385,1
Q9HC44,Q32ZE1-PRO_0000435842,1
P62861,P03428,1
P07858,P0C045,1
Q92783,YP_009227204,1
P22061,P21698,1
P25398,O56264,1
Q9NYY3,Q77UU1,1
Q9Y6C9,P06461,1
O75475,P05777,1
Q9ULX6,P03496,1
Q96N66,P13285,1
Q9BTX1,YP_009227204,1
O95292,P27958-PRO_0000037576,1
Q14457,Q99IB8-PRO_0000045601,1
Q13610,P29991-PRO_0000037936,1
Q12905,P03430,1
Q14699,K9UT94,1
P68400,P03070,1
Q96J84,P0C739,1
P43243,P03431,1
Q16649,P03129,1
Q9BPX1,P14079,1
P19338,P05780,1
Q9UI14,NP_579895,1
B8ZZN6,Q88918,1
Q14331,P29991-PRO_0000037946,1
Q6NUQ1,YP_009227196,1
O95834,P29991-PRO_0000037936,1
O14641,Q04360,1
P01889,I6T1Z2,1
Q96CS3,P06792,1
Q9UHV9,Q69117,1
Q8N163,P03433,1
Q9UBQ5,P06929,1
P25398,Q9WPI5,1
B4E022,P03496,1
Q9UNL2,P05777,1
Q96L58,YP_009227200,1
Q92665,C5E522,1
P02679,P03427,1
Q9Y230,Q77M19,1
P83731,P06428,1
O00165,P03428,1
O15228,Q1K9H5,1
Q13114,P03230,1
Q9NRP0,P06927,1
Q969X5,P03468,1
Q8TCT9,P06460,1
Q13144,Q32ZE1-PRO_0000435829,1
O15260,P03182,1
Q14498,B4URF7,1
Q07960,P0CK48,1
P49023,Q2MG95,1
Q8NCE2,P29990-PRO_0000037929,1
Q12906,P05777,1
Q9H3N1,YP_009227200,1
P19367,C5E526,1
Q8IYM9,P03070,1
Q9BQA1,P03470,1
P62834,Q99IB8-PRO_0000045600,1
A0A3B3IUB5,P36827,1
Q8N3J9,P36827,1
P60842,P03427,1
P39656,P06927,1
P38936,P06464,1
Q96EH5,P27958-PRO_0000037566,1
P63244,Q1K9H5,1
Q6PJG6,P03468,1
P04632,P03470,1
Q13185,P0C1C6,1
Q14257,Q2MG95,1
Q9BZG1,P06460,1
Q9UI30,P29991-PRO_0000037946,1
Q8WXI9,P06932,1
P00395,P17385,1
P15336,P0C746,1
P51571,P06460,1
P46782,P03430,1
O43570,P03452,1
Q7L5Y9,YP_009227205,1
Q8WV83,P06460,1
P52799,P36827,1
P62258,Q77M19,1
P42766,YP_009227204,1
Q9Y3E0,Q76RI2,1
P78371,P21698,1
Q7Z5H3,YP_009227205,1
P82933,P29991-PRO_0000037936,1
C9J384,P03508,1
Q9H490,P06927,1
P57088,P36801,1
P08579,P03433,1
P68104,P04590,1
P13861,P03259-2,1
Q86VM9,P03070,1
P08579,P29991-PRO_0000037946,1
P62910,P04487,1
Q9NY93,P03118,1
A0A087WVE2,P03129,1
P48651,P29990-PRO_0000037929,1
Q9Y224,P03470,1
P31689,P69901,1
I3L0L0,P36791,1
Q08170,Q1K9H2,1
B3KY94,P06427,1
Q9BT22,P06792,1
Q8TAG9,P0DOE7,1
O15287,H9XIJ5,1
P11940,P15682,1
P30519,YP_009227200,1
Q8NBM4,P06792,1
P05386,P04487,1
P01019,P0C045,1
Q9Y3C1,YP_009227205,1
P62993,Q1K9H5,1
O75177,P06477,1
P39656,Q77M19,1
EBI-2623792,Q3KSU1,1
P59666,M0QTU7,1
P13747,P04578,1
Q02978,P29990-PRO_0000037929,1
Q96JS3,P17387,1
P10301,P03182,1
P62280,Q20MH0,1
P10809,Q8JPQ9,1
P46087,C5E522,1
P11021,Q786F3,1
P14866,P15659,1
O43684,Q9DUG7,1
Q9UM11,P06422,1
O60684,Q1HVF7,1
P24001,P18378,1
P11802,Q77Q36,1
Q9BYC9,A0A024B7W1-PRO_0000443019,1
Q7Z4H3,Q76353,1
P26368,YP_009227196,1
Q9BRP8,Q2HR75,1
P31942,Q9WPI5,1
Q53FP2,P06792,1
P30530,P69901,1
Q9UDY4,Q9DUG7,1
A0A0U1RQC9,P04019,1
P49368,Q8JPQ9,1
Q71UM5,P03427,1
Q13438,P27915-PRO_0000037996,1
Q7KZF4,YP_009227200,1
P55036,P69901,1
Q99442,Q76SF8,1
Q9GZU8,P13285,1
P83881,P03454,1
Q53HC9,P12792,1
Q15637,P03496,1
Q99836,Q99IB8-PRO_0000045602,1
P98175,P03428,1
P14625,YP_009227201,1
Q16621,Q9DGW5,1
P62699,Q98143,1
Q07021,P03430,1
Q53GS7,YP_009227196,1
Q5T160,I6T1Z2,1
Q9Y3U8,P03427,1
O00483,Q2MG95,1
Q9HBM0,YP_009227197,1
Q9BRK4,Q9WMX2-PRO_0000037548,1
P13674,I6T1Z2,1
P51812,Q77UV9,1
O00303,P15659,1
Q8N9N5,P03508,1
Q9Y2R9,P03433,1
Q9Y5Q8,YP_009227196,1
P62913,Q20MH0,1
P06454,P0DOE7,1
P08729,P03452,1
Q12905,D1LN35,1
Q8WTS6,YP_009227205,1
P84103,P03470,1
Q99653,Q1K9H5,1
Q9H1C4,P06792,1
Q13162,YP_009227205,1
Q9H3N1,YP_009227198,1
P25789,P17387,1
Q15170,Q8JSN8,1
Q13637,P0CK56,1
P51665,P15659,1
P55209,Q9WMX2-PRO_0000037548,1
Q8TDW0,YP_009227200,1
P06733,P36780,1
Q969E2,P06792,1
Q9UJV9,P03428,1
P12273,Q05127,1
Q96AA8,P03177,1
D6REE5,M1VNY3,1
P22695,P17389,1
Q02878,P03427,1
Q99615,B8ZX42,1
P0DPB5,P10204,1
O75531,P04591,1
O15269,P0CK56,1
P36957,P03452,1
P46779,Q1HVF7,1
Q96F85,Q8JSN6,1
Q8NCA5,YP_009227196,1
Q6NZI2,Q1HVF7,1
Q6IAA8,P0C739,1
Q7Z7F7,Q32ZE1-PRO_0000435829,1
P43003,P06788,1
Q15427,P10240,1
Q9NY65,Q20MH0,1
Q92643,P04578,1
Q9ULK5,O36551,1
Q9NQ31,P36817,1
Q9Y3I0,I6T1Z2,1
Q16563,P36799,1
Q9C0H6,Q98143,1
Q9NX63,P06460,1
P08574,P03468,1
P28300,Q8AZK7,1
Q16576,P05780,1
P17302,P06461,1
P02749,Q99IB8-PRO_0000045596,1
P62736,P14079,1
Q16880,Q9WMX2-PRO_0000037541,1
Q96PT4,P27958-PRO_0000037566,1
O43390,Q9WPI5,1
Q15758,P08563-PRO_0000041302,1
P35908,P03427,1
O75390,P03470,1
O00170,YP_009227202,1
Q1KMD3,P03431,1
Q8N0U8,YP_009227200,1
O00217,P29991-PRO_0000037944,1
P05556,Q8JSN5,1
P62829,Q9WPI5,1
P27824,P04601,1
Q9BVW5,P36778,1
P03897,NP_751926,1
Q7L2J0,Q1K9H2,1
Q9BQ95,A0A024B7W1-PRO_0000443029,1
P62277,P06461,1
Q8N954,Q32ZE1-PRO_0000435842,1
P52294,P06827,1
O60565,P03211,1
Q9UBX3,P15659,1
P63173,P05777,1
P02511,P03508,1
Q06830,P03470,1
P20618,P03452,1
P04424,Q8JSN5,1
B7Z2F4,P03496,1
O75419,I6T1Z2,1
Q5W0B1,P03225,1
P30050,P15659,1
O60565,K9UT94,1
Q9BSD7,P03452,1
Q9Y266,P03468,1
Q6NZI2,P03427,1
O15498,P06428,1
P55347,Q9WMX2-PRO_0000037548,1
Q92851,P06428,1
Q92905,Q8JSN5,1
Q9P0J7,P06788,1
Q9GZT3,P06461,1
Q15717,P15682,1
Q92688,P17382,1
O75891,H9XIJ5,1
P54851,NP_751926,1
Q9H2K8,O40939,1
Q9P0V9,Q9WMX2-PRO_0000037548,1
Q8IYA8,P10238,1
O15258,P06927,1
Q9P2R7,Q76353,1
P08240,B8ZX49,1
O75688,P06930,1
O00487,P03452,1
Q99536,Q77M19,1
B7Z4C8,P36817,1
Q92504,P34015,1
P06400,P03254,1
P52594,P04618,1
P06746,P27958-PRO_0000037566,1
P60468,P06792,1
P02675,Q69027,1
P04843,P03468,1
P21796,Q99IB8-PRO_0000045597,1
Q13112,P04578-PRO_0000038427,1
P04792,P36780,1
Q9Y224,B4URF7,1
Q7KZF4,YP_009227197,1
Q7Z6J9,P06463,1
Q8N3Z6,P0C206,1
Q9HD45,P06927,1
P34932,P03081,1
Q2TB90,P03431,1
P25788,P0C706,1
P61513,Q0HD54,1
Q15434,P17388,1
O75127,C5E522,1
Q9H270,P03177,1
Q9Y383-1,O41952,1
Q9ULW6,Q9WMX2-PRO_0000037548,1
P31943,P04413,1
P08107,P29846-PRO_0000037676,1
P62826,P03468,1
Q8N2K0,B8ZX49,1
P04843,P29990-PRO_0000037929,1
Q96FX7,A0A024B7W1-PRO_0000443019,1
P04196,O41927,1
Q7Z4F1,P69901,1
Q86U38,F5HFG5,1
Q9BTD8,P04620,1
Q8TBG4,C5E527,1
O14735,P36780,1
Q02539,D2CFJ1,1
Q9GZP9,B4URE7,1
P17987,Q77M19,1
O94842,P03118,1
Q8NFQ8,P0CK56,1
O15269,Q05322,1
P22626,P03470,1
P50990,Q20MH0,1
O43805,P10230,1
P04406,P06788,1
O00487,P30119,1
P36578,P19712-PRO_0000038050,1
Q15397,F5HBL8,1
Q07666,P17388,1
O15350-1,O12161,1
O95832,P06930,1
P60866,P05777,1
P06576,P29990-PRO_0000037929,1
Q13724,P12520,1
P62847,P03211,1
Q16576,P03430,1
Q01844,P03410,1
Q00325,P29990-PRO_0000037929,1
Q9NXV2,Q89268,1
Q9H3P7,Q1K9H5,1
Q8NBS9,YP_009227200,1
O14967,Q05320,1
O43278,P06463,1
Q9Y3B7,Q1K9G9,1
Q8N6G5,Q32ZE1-PRO_0000435839,1
O15173,P0CK58,1
O96005,P03468,1
Q9BQB6,P06460,1
Q9Y696,P06932,1
Q8IY26,P03182,1
P43686,P30119,1
P49368,Q77M19,1
Q02543,P03430,1
P07196,Q9WMX2-PRO_0000037548,1
P50991,P06788,1
P10644,C5E526,1
P29692,Q1K9H5,1
O75528,P06930,1
P31689,P03470,1
Q6PF18,P14079,1
Q9Y3Z3,P03070,1
P11177,P03468,1
Q8TDD1,Q05127,1
Q9NVI7,P06460,1
Q86Y56,P03468,1
P16333,Q9WNA9,1
O00571,P29991-PRO_0000037946,1
Q9Y676,P03427,1
Q8N448,P03410,1
Q10589,P03087,1
Q15526,P29990-PRO_0000037929,1
Q9P0L0,Q77M19,1
Q01813,P05777,1
Q9Y230,P03452,1
Q13586,YP_009227196,1
Q9Y4E8,P06463,1
Q96AA3,YP_009227204,1
P18621,P03427,1
E5RHG8,P03452,1
Q92541,B2BUF1,1
P31260,P10204,1
Q96QF0,P03118,1
Q9Y2Q9,P03496,1
Q9Y5L0,Q77M19,1
O76003,P06821,1
Q9P035,I6T1Z2,1
Q6NXT6,YP_009227204,1
P62829,P09992,1
P17302,P0C739,1
Q9NP72,Q99IB8-PRO_0000045602,1
Q9NSC5,P03224,1
P52926,Q1HVF7,1
Q15070,P29990-PRO_0000037929,1
Q9H7E2,P03427,1
P18887,P06462,1
Q9Y5Y2,B4URE7,1
P48643,P15659,1
P07332,Q9WMX2-PRO_0000037548,1
O75688,Q2PRM9,1
P34932,Q2PRM9,1
Q9NVI7,K9UT94,1
Q00587,C5E524,1
P02768,Q76R62,1
Q9NY93,P36791,1
O43819,P03431,1
Q15651,P27958-PRO_0000037566,1
Q96MF7,Q9DUG7,1
P07766,P04578,1
Q9Y606,YP_009227202,1
Q96EK4,P24835,1
Q9NR12,P0CK49,1
P23284,Q9WMX2-PRO_0000037552,1
P41223,A0A024B7W1-PRO_0000443032,1
P30154,P03081,1
B4DET5,YP_009227200,1
P50750,P04608,1
Q15020,F5HFL9,1
P50991,YP_009227199,1
P12004,P03468,1
P28838,Q80HW9,1
P50402,P69901,1
P22492,Q01220,1
Q96AE4-1,O41957,1
O00182,P03230,1
O75915,P17385,1
P83436,Q20MH8,1
O96000,P29991-PRO_0000037944,1
O96013,NP_751919,1
Q6NXR0,Q20MH4,1
Q9Y265,P15682,1
P05783,YP_009227199,1
O94919,P06461,1
P51114,YP_009227202,1
P12277,Q9WMX2-PRO_0000037552,1
P43235,P16749,1
P05546,P29991-PRO_0000037946,1
P63167,P03427,1
P02647,Q99IB8-PRO_0000045598,1
P20226,AP_000107,1
P11940,Q77M19,1
P11413,P14340-PRO_0000037966,1
Q9NXS2,P03431,1
Q9Y6N5,P03081,1
P51648,C5E519,1
Q9BQ04,P03430,1
Q9P2J8,P03427,1
Q6P1M0,P05919,1
P50454,P03452,1
Q9GZS1,YP_009227196,1
P35232,P06821,1
Q2TB90,P03508,1
Q9NQX7,K9UT94,1
P52294,P88911,1
Q92995,YP_009227200,1
Q8TD10,P03185,1
Q8IXM2,Q05322,1
P19338,P03454,1
Q13445,P05777,1
Q1KMD3,P03466,1
O75688,P15682,1
O60896,P29996,1
P06576,Q20MH4,1
Q9GZP9,P06921,1
Q8NBP0,P04578,1
Q8ND90,P10212,1
P06748,B1Q2W9,1
P22087,W6AVY5,1
P80188,P03118,1
Q9Y3D9,P17388,1
O00559,YP_009227196,1
O14773,P03246,1
Q13572,P06788,1
Q86VM9,YP_009227205,1
Q6B0I6,P27958-PRO_0000037566,1
P62753,Q8JSN8,1
P68104,P06929,1
P84077,P03452,1
Q9Y3Z3,C5E526,1
P0CG48,Q1HVI8,1
Q13795,P03427,1
P48643,P17387,1
P28070,P04601,1
Q8N6L0,P0C739,1
P39023,P15659,1
Q16186,Q2MG95,1
P23528,P15659,1
Q12933,P88961,1
P27824,P04578,1
P31153,P03470,1
Q8NCJ5,P03070,1
Q92615,Q6QDQ4,1
Q8NBS3,P36817,1
Q5SRQ6,P04618,1
P06733,P06422,1
Q8NF37,P03428,1
P31948,P05777,1
Q6AZW6,P29996,1
O75828,P10204,1
Q9UNE7,Q2MG95,1
Q7L7L0,Q0HD54,1
Q9NQ25,D3JIT8,1
Q9ULE6,YP_009227196,1
P06576,P17385,1
P26641,P15659,1
P02786,Q2MG95,1
Q9HCD5,Q05323,1
P27482,C5E524,1
P31151,P10204,1
P05386,P05780,1
P62701,P15659,1
Q9P2W9,P29991-PRO_0000037944,1
P05455,P15659,1
Q9NVI7,P03209,1
Q14241,P08563-PRO_0000041303,1
P13667,YP_009227200,1
Q9Y265,P03496,1
Q8N983,Q05323,1
Q9UBS4,P88970,1
Q58WW2,P06428,1
O00469,Q76353,1
Q9UJV9,YP_009227201,1
P62328,Q9WMX2-PRO_0000037544,1
Q9Y4P3,P06460,1
Q9Y394,Q77M19,1
P08195,Q05322,1
B4DR61,P36827,1
Q86U42,Q9WPI5,1
P49368,P30119,1
Q3B820,Q2KRY7,1
Q96SB4,P03430,1
P08708,P05777,1
Q13573,YP_009227196,1
P50402,P0DOE9,1
Q9NV96,K9UT94,1
O75352,P29991-PRO_0000037944,1
P02671,O41946,1
Q92542,P03431,1
Q96BQ5,Q76SF8,1
O94919,P06927,1
Q9BZZ5,P03470,1
Q86Y07,P06463,1
O76013,P03211,1
P26641,P10204,1
O60476,P29996,1
Q9H2V7,P06792,1
Q8TD31,Q8JSN8,1
Q8IXJ6,YP_009227204,1
Q8WV92,P04618,1
O43660,YP_009227196,1
P62879,P03496,1
P52630,Q9WMB5,1
P11940,P04487,1
Q8N9W6,P10240,1
Q9BY21,P06428,1
Q9UEU0,P29991-PRO_0000037944,1
P15880,P03496,1
O00327,P68466,1
Q9UM00,C5E519,1
Q9UPN7,Q2MG95,1
B4DJL6,P03129,1
P50991,P09992,1
Q9Y606,YP_009227199,1
Q9BXF6,Q77UV9,1
Q08477,Q76R62,1
Q7L0Y3,Q76RH4,1
Q15293,P05777,1
P43686,Q2MG95,1
P56962,P88990,1
P55209,P03211,1
P39023,P06429,1
Q13188,C5E527,1
Q9NY74,C5E526,1
Q9NTK5,Q05127,1
Q99653,YP_009227203,1
O14684,P03087,1
Q8NBZ0,NP_803144,1
Q8N163,Q8JPQ9,1
Q15003,P06428,1
Q99704,Q9Q2G4,1
O95793,P21605,1
P50991,Q77M19,1
Q9NXS2,P0C739,1
Q8TDX7,Q32ZE1-PRO_0000435842,1
P49736,P03433,1
Q92597,P06929,1
O75340,P03468,1
Q9H7Z7,P0DOE9,1
Q969X6,YP_009227196,1
Q9UGP8,P29996,1
Q8NBJ5,P03470,1
P05121,P03470,1
P23497,P0C206,1
P78371,P15682,1
O43852,P03470,1
Q9UHH9,P03070,1
Q9NZ01,P05777,1
Q9Y6N5,P06930,1
Q969X5,P04578,1
P14618,P0C701,1
Q5HYK3,P06821,1
Q13950,P06422,1
P27694,Q1HVF7,1
Q14393,Q69117,1
P15260,P0CK58,1
Q99729,P03129,1
Q7L2J0,A0A024B7W1-PRO_0000443032,1
P10909,P03428,1
O75531,P15682,1
P08133,P14079,1
P08195,P29996,1
P28300,P0CK56,1
P62917,Q8AZK7,1
Q8NG35,P03087,1
Q9BRH9,P06423,1
Q16740,Q77M19,1
P32856,A0A024B7W1-PRO_0000443029,1
Q9Y2G8,YP_009227196,1
P60953,Q1K9G9,1
Q9Y305,P03177,1
Q9UBB6,P06821,1
Q9H840,YP_009227205,1
Q8N5Y2,P27958-PRO_0000037566,1
Q96EK4,P06430,1
O00469,P06463,1
P50402,YP_009227205,1
Q3ZCQ8,P06821,1
P21964,A0A0C7TUY8,1
P18031,P0DOE9,1
Q92526,P03220,1
P37108,P36801,1
P28288,B8ZX42,1
Q9BT78,Q1K9H5,1
P38646,P05777,1
F5H5U2,P03508,1
Q9Y6C9,Q32ZE1-PRO_0000435839,1
Q96PU8,YP_009227197,1
O60858,YP_009227204,1
O95999,Q66677,1
P14866,P17388,1
P35637,P03431,1
Q2TAL8,YP_009227202,1
Q15012,P06927,1
Q9NR12,P06460,1
O43920,O36551,1
Q08945,P03470,1
Q9H269,YP_009227204,1
P30519,YP_009227198,1
Q8N335,Q20MH8,1
P22626,Q997F2,1
P19784,Q5MJ03,1
Q07021,P07566-PRO_0000041308,1
P62753,P09992,1
Q96N66,P06930,1
O15374,P06792,1
O14545,C5E526,1
P13667,YP_009227197,1
P25205,P03433,1
Q92841,P09992,1
P53634,P24835,1
P01374,P34015,1
O60664,P06792,1
Q92522,C5E522,1
P46060,P17382,1
Q9H936,P03452,1
Q7Z7H5,Q32ZE1-PRO_0000435839,1
Q9NXH8,Q8AZJ3,1
Q86YV9,I6T1Z2,1
Q9H061,P06792,1
Q14457,P03407,1
P16435,YP_009227197,1
P40227,Q69117,1
Q9H7E9,P03428,1
Q7Z3B4,Q1K9H5,1
Q53EU6,YP_009227198,1
Q9Y6Q5,P06788,1
P29966,P03070,1
P48454,P10191,1
Q9H6U8,YP_009227196,1
Q969E8,P06932,1
P27797,P29991-PRO_0000037946,1
P60842,P15659,1
Q6PIU2,P06792,1
Q14244,P03129,1
P05121,P05780,1
P62487,P03431,1
Q9BYJ9,P15682,1
P02675,P27958-PRO_0000037566,1
Q5BJE1,P03470,1
P34931,Q20MH0,1
Q9NY93,P06422,1
O95202,P0DOE9,1
O75688,P03470,1
Q9BRX8,YP_009227200,1
Q96RE7,YP_009227205,1
P62269,Q9WPI5,1
P51153,P03468,1
Q15843,Q8JSN5,1
Q9HAN9,YP_009227196,1
Q12800,Q04360,1
P82933,Q05323,1
P06744,YP_009227197,1
Q12983,P36710,1
Q16763,Q77M19,1
P09543,P03182,1
Q96PK6,P03431,1
A0A087WW40,P03211,1
O75909,P10204,1
Q13144,P06821,1
P62269,P15682,1
O43707,P03468,1
P54619,YP_009227204,1
P68371,P29990-PRO_0000037929,1
Q15006,P06792,1
P55060,P05780,1
Q9UN86,P15682,1
Q16527,Q9DUG7,1
Q6GTX8,Q98822,1
Q9H4I9,Q32ZE1-PRO_0000435839,1
P18850,P27958-PRO_0000037575,1
Q8NC51,P03427,1
Q9BQB6,P06792,1
P07910,P03129,1
Q01844,P04620,1
P61006,P0DOE9,1
Q13601,Q1K9H2,1
Q9P035,P05777,1
Q02809,Q1HVF7,1
Q99615,P05780,1
Q9P015,A0A024B7W1-PRO_0000443019,1
P09525,YP_009227203,1
P08237,P10233,1
Q8NBQ5,YP_009227196,1
O60763,P0CK56,1
Q13283,YP_009227205,1
P68871,P27915-PRO_0000037999,1
P26641,Q82506,1
Q96BZ9,P27958-PRO_0000037576,1
Q8WUY1,P29991-PRO_0000037944,1
Q01650,P06460,1
P31946,O56264,1
P09651,P03454,1
P43686,P04608,1
Q15398,P03383,1
Q07955,P03118,1
Q9Y5S1,P06927,1
P27635,P03430,1
P13747,NP_751919,1
H3BR27,P03468,1
Q15061,YP_009227196,1
P49257,YP_009227203,1
Q9Y5V3,Q69117,1
Q16891,P29990-PRO_0000037929,1
P51784,P06788,1
Q9H3M7,H9XIJ5,1
Q9NP81,P06932,1
P62826,Q1K9H5,1
Q99460,YP_009227203,1
Q8TBC3,Q80908,1
Q9BYE7,YP_009227205,1
Q7L1T6,Q8JPQ9,1
Q07812,Q1K9H5,1
P12273,P0C1C6,1
P15880,P19712-PRO_0000038050,1
P04792,P09992,1
O96006,P0CK48,1
P09012,P03508,1
P17813,P03246,1
Q9BT22,P06460,1
Q53GT1,P29991-PRO_0000037945,1
P21912,P06821,1
P08727,YP_009227199,1
P62826,P10209,1
Q9UHD2,K7Y1A2,1
O96011,A0A024B7W1-PRO_0000443029,1
O94818,YP_009227205,1
O95816,P03454,1
P11233,P15879,1
Q8TED1,P03246,1
Q9NPJ6,P14335-PRO_0000037713,1
P25490,NP_751919,1
P67870,Q9WMX2-PRO_0000037548,1
Q13435,P03431,1
Q3ZCQ8,P03496,1
Q86V81,Q2HR75,1
P50990,P03427,1
O43324,P03433,1
Q5TDH0,Q8JSN8,1
P52597,P03470,1
P07910,P04620,1
Q96QE5,P36778,1
Q16629,P15659,1
Q13426,P03129,1
P27540,Q9WMX2-PRO_0000037548,1
P15509,P03087,1
Q86Y82,K9UT94,1
Q16891,P69901,1
Q96SH1,P06429,1
Q9NXE4,YP_009227204,1
P51114,P03485,1
Q96IJ6,P10217,1
P42224,P14254,1
Q96EY7,P29991-PRO_0000037936,1
Q05193,P03468,1
P62158,P03496,1
P60468,Q1K9H5,1
P13598,P05919,1
P10826,P03254,1
Q9UNS2,Q69027,1
P11166,P06460,1
Q8N4L2,P03087,1
Q9NXV2,P03427,1
P00156,P36799,1
P04406,P16749,1
Q96S55,YP_009227205,1
Q9UJZ1,P04578-PRO_0000038428,1
Q9HCC0,P04487,1
P83881,P17388,1
Q13637,P03182,1
Q14974,P05777,1
P08865,P04487,1
P11586,Q1K9H5,1
P83731,P03470,1
Q8N9N7,YP_009227196,1
Q969G5,Q8AZJ3,1
P51153,P06821,1
Q96J84,P03182,1
O75381,P03508,1
Q8TCN5,YP_009227205,1
P38936,Q2PRM9,1
Q9UMS0,Q9Q2G4,1
Q9GZP9,Q58HT7-PRO_0000268116,1
Q13227,Q9WMX2-PRO_0000037551,1
P16989,Q1K9H2,1
P13051-1,P04585-PRO_0000042447,1
P68371,Q8JPQ9,1
Q68D85,O40948,1
Q5XKP0,Q77M19,1
P07910,P15659,1
Q13724,P04578,1
P05161,P03502,1
P51665,YP_009227203,1
P47756,Q1K9H5,1
O00303,A0A024B7W1-PRO_0000443032,1
Q9BVW5,P06423,1
Q9BQE3,P21605,1
A0A0U1RQC9,Q89268,1
P46783,YP_009227205,1
P39023,P05777,1
Q4KMQ2,YP_009227196,1
P62979,P36827,1
P62899,P15659,1
Q07955,P06423,1
O43294,Q2MG95,1
P62753,P04487,1
Q9BUJ2,Q8JPQ9,1
P62993,NP_751927,1
Q7Z4H7,P10209,1
P43003,Q20MH8,1
Q6NXT4,YP_009227198,1
Q7Z2W9,Q5EP28,1
P35998,YP_009227197,1
Q9UJ14,YP_009227203,1
Q9Y6N5,Q2MG96,1
P51784,P04608,1
Q8N3J6,Q8JSN5,1
Q9H2K8,P03070,1
Q9BWL3,YP_009227197,1
P11021,Q6SVZ5,1
Q16740,P17383,1
P05556,YP_009227196,1
P38159,P03433,1
Q9BR76,Q9WMX2-PRO_0000037548,1
P42167,P29990-PRO_0000037929,1
Q9H6R0,YP_009227196,1
Q9Y5M8,P03468,1
P18077,YP_009227198,1
Q14244,P06821,1
O95816,B8ZX42,1
P10589,Q20MH8,1
B4DGU4,P03431,1
Q9UQ80,P05777,1
P62280,P03470,1
O60220,P30119,1
O15355,Q9DUG7,1
P33991,I6T1Z2,1
Q7L2H7,P05777,1
Q6PJI1,P14079,1
Q07021,P03267,1
Q04917,A0A288CFT1,1
Q9BVW5,P06921,1
Q9HCU5,YP_009227201,1
O15371,P05777,1
P18031,P69901,1
Q96DV4,Q1K9H2,1
Q9BZK7,P06463,1
P78316,YP_009227205,1
P42166,P69901,1
P52735,P89654,1
Q12959,P26555,1
P08865,P04620,1
Q9BRP8,P29991-PRO_0000037936,1
Q9BSJ2,Q20MH8,1
Q9BZF1,P04578,1
P24941,Q77Q36,1
Q99470,P04578,1
P04406,P24835,1
P24278,P06821,1
Q9Y4L1,P17382,1
Q13433,P03070,1
Q9BVX2,P06428,1
Q96P47,O36551,1
Q53GQ0,P03428,1
Q8NEW0,P03182,1
P19525,P03470,1
Q9NSC5,Q9WMX2-PRO_0000037548,1
O15121,YP_009227198,1
P25025,P03366-PRO_0000042285,1
P05455,YP_009227196,1
Q06330,Q69022,1
Q07812,Q77M19,1
Q96EC8,P29991-PRO_0000037944,1
P62195,P05777,1
Q9BPW8,Q77M19,1
Q8IUD6,P03129,1
Q9NW15,YP_009227201,1
Q13951,P12504,1
Q99615,B8ZX49,1
Q9BRK3,P03182,1
Q9H2V7,P0CK49,1
P04843,P0DOE9,1
P42574,YP_009227203,1
Q12800,P03485,1
P60866,Q05322,1
Q9NZ01,P29990-PRO_0000037929,1
O95786,P04487,1
O75396,P03246,1
Q92748,O41949,1
Q9GZM7-1,P04013,1
Q3ZCQ8,Q77M19,1
Q9UPW6,YP_009227203,1
P42224,Q9IK91,1
Q8N766,YP_009227203,1
Q92908,P17388,1
P51955,Q8JSN5,1
P54105,P05780,1
Q13627,Q89733,1
Q8WUY1,YP_009227196,1
P61978,NP_751919,1
P08865,P05780,1
Q8TAT6,YP_009227205,1
Q07812,P24356,1
Q9P035,Q9WMX2-PRO_0000037551,1
Q16517,Q8JSN8,1
Q9BUN8,P09727,1
P02776,Q2F862,1
Q8IXB1,P06932,1
P31689,P0CK56,1
Q13151,Q1K9H2,1
P16989,P07939,1
Q15172,O41958,1
P11021,P06790,1
Q16629,P36778,1
Q6PIU2,P06460,1
Q13162,P04413,1
Q92759,Q69022,1
Q14974,P04620,1
Q15361,P06788,1
P51659,Q99IB8-PRO_0000045602,1
Q3B726,P24835,1
O43242,Q77M19,1
Q5QP82,Q76RH3,1
Q15223,G3G922,1
P02794,NP_803144,1
Q53GT1,Q76RI8,1
O95297,P0CK49,1
Q9Y3I0,P05777,1
Q13488,P06428,1
Q9Y463,P03255,1
Q09028,P16727,1
Q14393,P06788,1
Q9NR30,P03430,1
Q9Y285,P03070,1
Q96AG4,P06461,1
A1L0T0,P06428,1
P62258,P05780,1
Q07955,YP_009227196,1
Q5VTE0,Q05322,1
Q9UM11,P36778,1
Q9NRL3,P03081,1
Q3KQU3,P0CK48,1
Q9H0D6,P29991-PRO_0000037936,1
Q9H3P7,P04578,1
Q68CZ6,P03508,1
E9PFW3,P06930,1
Q8N4H5,Q32ZE1-PRO_0000435839,1
Q16206,P03206,1
Q9NRR5,YP_009227204,1
P04843,Q6VGT1,1
P20226,P06790,1
P62491,P0DOE9,1
P15121,P03496,1
Q8TAP6,K9UT94,1
P39656,P06461,1
Q96N66,YP_009227204,1
P12004,Q89268,1
Q9Y6A9,Q99IB8-PRO_0000045597,1
Q9UL15,B8ZX49,1
P26038,P03470,1
Q9Y3L5,P03468,1
O15427,P06460,1
Q9HC07,P03182,1
Q9NXS2,P0CK58,1
Q9P0L0,P04578-PRO_0000038428,1
P46782,YP_009227196,1
P10415,F5HGJ3,1
P33947,Q77M19,1
Q9NQ92,A5A5U1,1
P00395,O36551,1
O43765,P05780,1
Q7Z4F1,Q8AZJ3,1
Q9NV96,P0CK56,1
G3V5T9,P03129,1
P80404,P03246,1
O15321,B4URE7,1
P23396,P36801,1
P49257,Q98138,1
Q15392,P04578,1
P10321,P06463,1
Q9UHV2,P04019,1
Q9BTT0,Q05322,1
Q8IWX8,YP_009227203,1
P49721,P13285,1
X6R8F3,P24830,1
P13010,Q77M19,1
O14773,P06428,1
Q9H0S4,P04620,1
P58876,P0C1C6,1
P49368,P03225,1
G3XA98,NP_751919,1
P25685,Q8AZK7,1
Q8WWH5,P06422,1
Q9BRK3,P69901,1
P42677,P03470,1
P55884,P03452,1
P23528,P0DOE7,1
O95817,P0CK56,1
P12272,P06788,1
Q8N4X5,P03433,1
P09012,YP_009227196,1
D6REE5,Q88940,1
P62277,P05780,1
P53999,Q89268,1
Q9Y5M8,YP_009227203,1
Q96FE5,Q66479-PRO_0000426162,1
Q6NSJ5,P36827,1
Q8N2K0,YP_009227200,1
Q9HD33,P03431,1
Q9BV35,Q76R62,1
P17987,Q1K9H5,1
Q14974,O92837,1
X6R8F3,P06930,1
Q06330,P03203,1
O15305,P36780,1
Q99442,P04578-PRO_0000038428,1
Q9P015,P03508,1
Q9NVI7,P0DOE9,1
Q96E22,YP_009227196,1
Q8N5A5,P06429,1
Q9HBE1,A0A024B7W1-PRO_0000443019,1
O95816,P03496,1
Q96GC5,P29991-PRO_0000037936,1
P09012,P06428,1
Q9UDW1,P05780,1
Q7Z4N8,Q8AZK7,1
P17844,P15659,1
P48060,P06461,1
P12814,Q02842,1
O14828,P06792,1
Q9Y673,YP_009227204,1
P50914,Q0HD54,1
P46937,P15682,1
P55735,Q1K9H5,1
Q92552,P29991-PRO_0000037936,1
O00483,P06461,1
Q9NZL4,YP_009227197,1
P62805,P0C1C7,1
Q8NC60,P06429,1
P30044,P03470,1
P28300,P03182,1
P68104,Q9WMX2-PRO_0000037548,1
O00585,P24766,1
P17813,P69901,1
Q9Y3C4,P36801,1
O95831,P0CK49,1
P11021,P24830,1
P17152,P05780,1
Q16611,P03246,1
Q16537,Q9WMB5,1
Q14653,F5HF68,1
Q9NPA0,YP_009227201,1
Q16644,P27958-PRO_0000037566,1
A0A3B3IUA2,P36827,1
P08621,P03496,1
P63241,P03496,1
Q9UJZ1,P06429,1
P29558,P15682,1
Q14444,Q20MH3,1
Q9GZR7,YP_009227205,1
Q96N66,P0CK49,1
Q5VW32,NP_579881,1
P40938,Q8AZK7,1
Q92831,Q8JSN8,1
Q9Y2X3,P03433,1
Q12893,P10204,1
Q8NAV1,A0A024B7W1-PRO_0000443032,1
Q02539,A9YDK9,1
O00716,Q2PRM9,1
Q5VTR2,P17389,1
Q9HD45,P06792,1
Q8N766,P04578-PRO_0000038428,1
P04844,P19712-PRO_0000038050,1
Q07960,YP_009227203,1
P48741,W6AVY5,1
P49755,YP_009227200,1
O75695,P06460,1
Q8WVX9,P03452,1
P14635,Q32ZE1-PRO_0000435839,1
Q71DI3,Q05322,1
Q13443,P0CK49,1
Q9H813,P10204,1
P63244,P05777,1
P46778,Q805H7,1
Q9Y295,P17388,1
Q9NP72,B8ZX49,1
P62820,P05777,1
P50914,P04487,1
O15260,YP_009227197,1
O15131,P14357,1
Q9NPD3,P17383,1
O00767,P03468,1
P23497,P03169,1
Q12906,P15682,1
Q4KMQ2,YP_009227201,1
O14880,P03087,1
Q8N511,YP_009227203,1
Q7Z7H8,P03428,1
Q9BT88,K9UT94,1
P52434,P03430,1
Q9BRH9,P03493,1
Q9Y5V3,P0CK49,1
Q96HS1,P03470,1
P21796,P0DOE7,1
P49257,YP_009227198,1
P37108,P03427,1
P10176,O36551,1
Q9Y4L1,P04578,1
P17844,Q20MH3,1
P46977,C5E519,1
Q9P0B6,NP_751926,1
O94826,P29991-PRO_0000037944,1
P22681,P08393,1
Q6UB35,P69723,1
P52434,Q98140,1
P62269,P15659,1
Q9NVP1,P03508,1
Q9UJY5,P36791,1
Q9Y4L1,P21698,1
P06454,Q77M19,1
Q9UKV5,YP_009227200,1
A0A2R8Y5P7,NP_579876,1
Q14697,P04578,1
Q9BQ04,P15682,1
Q8NBZ7,A0A024B7W1-PRO_0000443029,1
P46781,EBI-6857440,1
P35221,P0CK58,1
Q9BUQ8,C5E526,1
Q9Y678,P68978,1
Q6P3R8,P05780,1
P48643,P03427,1
E7ES52,P04608,1
O00571,P29990-PRO_0000037929,1
Q14232,P12792,1
Q8TBB1,P03070,1
Q8WWK9,P17388,1
Q8NBX0,P03070,1
Q9NS69,P05777,1
Q07021,P03470,1
Q12946,P0CK56,1
Q9Y3I0,P03428,1
Q9GZP9,Q99IB8-PRO_0000045600,1
Q13148,P05777,1
Q6NW24,Q2I360,1
P62736,D1LN35,1
P51665,P03470,1
P23588,Q82506,1
Q04941,NP_751926,1
G5E9I4,P17367,1
P56181,NP_751926,1
Q9C005,P03508,1
O00231,P03126,1
O75330,YP_009227196,1
P05091,P03468,1
Q13951,P69723,1
Q6VY07,P04601,1
P84098,P05780,1
P07919,P29991-PRO_0000037944,1
P10644,P06463,1
O00567,B2BUF1,1
Q70UQ0,P03182,1
Q9NZN4,P03220,1
Q9P0L0,P29991-PRO_0000037944,1
P07237,P05777,1
O00459,P03428,1
O00308,P06422,1
P08240,P06930,1
P63208,P05777,1
P51398,P03470,1
Q13895,P06429,1
P50454,Q99IB8-PRO_0000045596,1
P51572,YP_009227203,1
P35610,YP_009227203,1
Q9Y6A9,YP_009227197,1
P05787,O41952,1
P11166,A0A024B7W1-PRO_0000443029,1
P58753,P0C6I1-PRO_0000324727,1
P11021,P04578,1
P52597,Q77M19,1
Q9NVA4,P06927,1
Q15233,Q6QDQ4,1
Q96CS3,P69901,1
Q9NYH9,P05780,1
P02794,Q8AZJ3,1
P62328,P03470,1
Q92905,B2BTY8,1
Q9Y295,Q8JSN5,1
P06703,P0CK49,1
Q14331,YP_009227196,1
P50991,Q00335,1
Q9Y6E2,P06821,1
Q8WUK0,B4URE7,1
O95573,P03220,1
P60468,P03427,1
O75386,P12520,1
Q06210,P06428,1
Q96S66,YP_009227200,1
Q9BVV7,P03468,1
Q5W5X9,P14079,1
Q9UIA0,P03508,1
O60831,P06927,1
Q9UMS0,Q6VGT1,1
P30559,P06792,1
Q13509,P03468,1
Q9UKN8,P03470,1
Q9NRW7,A0A024B7W1-PRO_0000443029,1
Q9Y2G8,Q20MH8,1
Q07666,Q1K9H2,1
Q99873,A0A024B7W1-PRO_0000443032,1
Q13084,Q1K9H2,1
Q9NNX6,NP_739583,1
Q9Y3F4,P15682,1
Q5T8D3,P12520,1
P46977,P29990-PRO_0000037929,1
P43307,P05777,1
O14681,YP_009227201,1
Q8N7H5,P03070,1
O76024,YP_009227200,1
Q8IWX8,Q32ZE1-PRO_0000435842,1
O75925,P36780,1
P36941,P88995,1
Q13823,C5E522,1
P12814,P09992,1
Q9H0U9,P68331,1
O75947,C5E519,1
P60903,P05777,1
O15269,P29990-PRO_0000037929,1
Q86V81,P05777,1
Q15629,P06428,1
P0DMV8,P15682,1
P03905,Q9QLP4,1
P61978,P03496,1
P63173,P05780,1
Q8N257,P04487,1
P02545,Q82506,1
P48444,P03468,1
Q9Y2R5,Q05323,1
P48201,P03087,1
Q9Y676,P03496,1
P63104,P03452,1
P62829,P03470,1
O14910,P03126,1
P36897,O40948,1
P17987,P15682,1
Q9BWG6,P06429,1
Q96PK6,P03496,1
Q9H0D6,P15682,1
Q5T447,P17383,1
P08670,Q89733,1
Q9Y4E8,YP_009227201,1
Q9NP80,Q9WMX2-PRO_0000037548,1
P35637,Q05127,1
P0CAP2,Q98140,1
P36578,P05777,1
Q96D53,P03427,1
H0Y4G9,P26672,1
Q9NX00,P12520,1
P20226,NP_751927,1
P63010,P17367,1
Q9HAV0,YP_009227203,1
Q15382,A0A024B7W1-PRO_0000443029,1
Q969X0,Q58HT7-PRO_0000268116,1
P16435,YP_009227196,1
Q5H9R7,P03225,1
Q4VXU2,Q20MH8,1
Q96S65,P10230,1
P62244,P03496,1
P09758,P36801,1
Q8NBM4,Q20MH8,1
P02792,P24835,1
P48047,P06460,1
P40227,P09992,1
P10074,Q80908,1
P09525,YP_009227204,1
Q9HAV0,P05777,1
P78371,P29990-PRO_0000037929,1
P53985,Q20MH8,1
P61026,P06821,1
Q15269,P17383,1
O43889,P03452,1
P18669,P03470,1
P54652,P03070,1
O94973,P06464,1
P51665,P13285,1
Q14568,Q1K9H5,1
Q63ZY3,Q8AZK7,1
Q15904,YP_009227197,1
Q92979,P04620,1
Q9NR46,P29990-PRO_0000037929,1
Q8N456,Q99IB8-PRO_0000045601,1
Q8N1B4,P04015,1
Q5SSJ5,P29991-PRO_0000037936,1
P51991,Q5MJ03,1
Q9BRK3,P03246,1
Q99797,P29991-PRO_0000308279,1
P10827,P03255,1
Q9Y228,P0CK47,1
O60684,P04620,1
Q96KG9,Q8AZK7,1
Q8WTT2,P29991-PRO_0000037936,1
P56589,P29991-PRO_0000037944,1
P39019,P03470,1
P61803,P17385,1
Q8N0U8,YP_009227196,1
Q12797,P06460,1
P62753,P03470,1
P27449,P0CK45,1
O00499,Q80HT9,1
P35637,Q8JPQ9,1
Q9NRQ2,P14357,1
O00469,P0CK58,1
Q9Y224,P05777,1
O15321,P06460,1
P35638,P0C746,1
A2AJT9,Q9QLP4,1
Q9UBX5,Q9WMX2-PRO_0000037547,1
Q92783,YP_009227205,1
Q96PU5,P12520,1
P10412,P03454,1
O15350-4,P27958-PRO_0000037566,1
O94766,Q32ZE1-PRO_0000435839,1
P09958,P04608,1
Q96JJ7,P03081,1
Q9HCU5,Q1K9H5,1
O43402,YP_009227200,1
P19525,O92972-PRO_0000278746,1
Q9UJJ9,P03182,1
Q9NP58,P69901,1
Q15562,P06428,1
P27797,P36801,1
Q13586,Q8AZJ3,1
Q9BYN8,Q1K9H5,1
P46778,P05780,1
Q9Y6N5,P0C739,1
Q93052,Q69117,1
P12814,P27958-PRO_0000037577,1
Q9Y5M8,P06428,1
Q96BZ9,YP_009227196,1
O94927,YP_009227199,1
P60903,P06465,1
Q13283,P03454,1
Q8N448,Q67296,1
E9PGN7,NP_803144,1
P51116,P03496,1
P63241,P10204,1
Q96PU8,P03496,1
P53007,I6T1Z2,1
A6NKF1,C5E524,1
O00483,P06927,1
P07305,P04014,1
P62258,P03470,1
P60468,Q2MG95,1
Q13151,P03430,1
Q9BST9,YP_009227199,1
Q86W74,YP_009227203,1
P25398,P06428,1
Q12797,C5E526,1
Q9NUD5,Q6QDQ4,1
P62304,P10240,1
O15350,P04020,1
P52943,Q2MG95,1
Q92575,YP_009227203,1
P82930,P03433,1
P0C7W6,P10217,1
P02750,Q9WMX2-PRO_0000037550,1
P31040,Q1K9H5,1
P26599,Q6QDQ4,1
Q02539,P0C1C7,1
P40429,P69901,1
Q8TED1,P0CK56,1
P07305,P03427,1
Q16254,P03129,1
Q02241,YP_009227202,1
Q96EK4,P06932,1
Q9C005,P06821,1
Q52WX2,Q8JSN5,1
P48741,P04578-PRO_0000038427,1
O75688,Q82506,1
Q8WUM9,K9UT94,1
P49736,Q8JPQ9,1
Q96AQ6,YP_009227196,1
P14625,P09992,1
O14662,A0A024B7W1-PRO_0000443029,1
P22362,Q9DHV5,1
P07437,P12418,1
Q9UI30,P04591-PRO_0000038596,1
O95639,Q194T2,1
P35998,P69901,1
Q99567,YP_009227199,1
Q9BYM8,P10231,1
Q9BVP2,P19712-PRO_0000038050,1
O43402,YP_009227196,1
Q86XL3,YP_009227203,1
Q6NUM9,P03468,1
Q92522,P03430,1
Q9P0K7,P29991-PRO_0000308465,1
P82932,P03255,1
P35232,P04578,1
Q13287,P03120,1
A7MCY6,P17362,1
Q9Y5A9,P15682,1
Q14566,Q76353,1
Q9NQB0,P04608,1
Q99470,P04578-PRO_0000038427,1
Q9NZQ3,P0C706,1
Q9Y6M1,P15682,1
P62979,P36801,1
Q8NHP6,YP_009227200,1
Q9Y4W2,C5E527,1
Q1W4C9,P29996,1
O43920,P29991-PRO_0000037944,1
O95817,P03182,1
P07900,P05780,1
P62249,P03470,1
P39019,B4URE7,1
P42677,P15659,1
Q9H0U9,P05928,1
Q5T2W1,P06463,1
P35606,P68978,1
P28288-1,Q99IB8-PRO_0000045596,1
Q32MZ4,YP_009227196,1
Q9UNK0,O41952,1
P18085,Q89268,1
Q99615,Q1K9H5,1
Q9NWU5,Q99IB8-PRO_0000045592,1
Q8WVX9,B4URF7,1
Q06033,Q8AZJ3,1
O15523,P05777,1
O14964,P14079,1
Q9Y678,P03081,1
Q15326,Q6SW29,1
P14868,P03468,1
P16118,A5A5U1,1
P67809,Q0HD54,1
P19387,P03508,1
O60725,P29990-PRO_0000037929,1
P61981,P03470,1
P47897,P06428,1
P50749,Q8JSN5,1
P35606,P03468,1
Q12797,P03070,1
Q96JJ7,YP_009227203,1
O00425,P03211,1
P26373,P36801,1
A6NFX8,P06930,1
P23396,P05777,1
P31943,Q9WPI5,1
D6REE5,P03120,1
Q96SI9,Q20MH3,1
Q9NUL5,P09992,1
P24534,P06428,1
P25445,P06460,1
A0A3B3ISM6,P03433,1
Q86VM9,P03428,1
Q96HN2,P04608,1
Q71DI3,P03508,1
Q14165,P06460,1
P55084,Q77M19,1
O95831,P05777,1
P11021,P05777,1
Q9BV47,P08563-PRO_0000041302,1
O95235,Q77UU1,1
Q02809,Q98143,1
P37108,P03454,1
Q9H8S9,Q9WMX2-PRO_0000037551,1
Q8N1B4,P06921,1
P83731,P36801,1
P52292,P0DOE7,1
Q86X55,P88959,1
P18031,P03182,1
Q9UNM6,Q2MG95,1
Q9BYC8,O40939,1
P53365,P06921,1
P35544,YP_009227205,1
Q8TD10,P06932,1
Q13724,P04578-PRO_0000038427,1
Q8TD31,Q6VGT1,1
Q9NPA0,NP_751926,1
P38606,P29990-PRO_0000037929,1
P19525,P21605,1
Q96DU9,Q1K9H2,1
P62995,P15659,1
Q8NBJ9,P06792,1
Q9Y6N5,P0CK56,1
Q14393,P03220,1
P12004,P06429,1
Q71RC2,YP_009227198,1
O95237,P03087,1
Q9BVG9,YP_009227204,1
Q9Y2Q3,P06463,1
P62249,P09992,1
P61204,P03496,1
P62906,P15659,1
P00403,P03182,1
Q8TC12,P06930,1
P39656,Q2MG95,1
Q9NYF8,P15682,1
Q969X5,P0CK49,1
Q8N5G2,YP_009227200,1
Q8IV54,P14075,1
P51571,Q05322,1
Q12800,P69258,1
P62633,Q20MH4,1
Q53GQ0,P05919,1
Q9Y224,P12792,1
Q96QE5,P03118,1
Q9BXR0,P03433,1
Q15773,P15659,1
Q86U42,P03495,1
P51116,P03508,1
P13010,Q8AZK7,1
Q7L1W4,YP_009227200,1
P80188,P06422,1
Q9UKJ1,P06436,1
B4DLR8,P03496,1
Q15637,P03431,1
Q6NZI2,P0CK48,1
Q9NVV9,P04485,1
O14735,P06422,1
Q8N6Y0,Q67296,1
Q14498,P04620,1
Q96BK5,YP_009227196,1
Q96IK5,Q1HVG4,1
Q8WV28,Q3KSV2,1
Q03518,P0C739,1
O14734,P04413,1
P08172,P0CK58,1
Q5XKP0,P0C739,1
P10909,P36827,1
Q99460,P03427,1
P35638,Q9DGW5,1
Q99816,Q1K9H5,1
P40429,P03496,1
Q16236-1,O41958,1
Q7Z7M9,P06460,1
Q9BPW8,Q8AZK7,1
P61289,P12520,1
P19474,P10225,1
O94919,P06792,1
P11940,YP_009227196,1
Q96HV5,P03087,1
O60814,P06465,1
Q9P2W9,YP_009227196,1
P16278,O92597,1
Q6NZI2,P03430,1
P10909,P0C739,1
Q96EY7,Q05323,1
P62942,K9UT94,1
O15173,YP_009227201,1
Q6P996,P03220,1
Q53LP3,P36801,1
Q13015,P03496,1
Q9NZ43,P29991-PRO_0000037944,1
P62805,Q05127,1
P14625,P06428,1
P05161,P03495,1
P10074,P03129,1
P05556,YP_009227198,1
P25789,P15659,1
P05026,Q76R62,1
P34810,NP_751919,1
Q92905,P06427,1
Q9HA82,YP_009227196,1
Q16586,P29996,1
O75475,P15682,1
Q14790,NP_740299,1
P08237,C5E526,1
P82933,P05777,1
Q9UMX0,NP_751928,1
P11908,P03454,1
P23396,P03496,1
P52799,Q9IH62,1
Q13099,Q99IB8-PRO_0000045592,1
P09622,P09992,1
P07384,P04578,1
A0A3B3IUB5,P06788,1
P26599,P29991-PRO_0000308465,1
Q13243,P15682,1
P15514,P36778,1
Q92844,P17362,1
Q9Y2J4,P0DOE7,1
P09012,P03454,1
P15498,P89654,1
Q92615,Q1K9H5,1
P07355,P06428,1
Q13610,P17383,1
Q99471,A0A220NMU2,1
P61313,P15682,1
Q14974,P03225,1
Q96CV9,P14335-PRO_0000037710,1
A0A3B3IS55,P03433,1
P68371,NP_751928,1
O00566,YP_009227196,1
Q6PI48,Q8JPQ9,1
O43592,P29990-PRO_0000037929,1
P22087,P03496,1
Q13077,P03466,1
P02794,Q9WMX2-PRO_0000037548,1
Q96JC1,P36778,1
Q13445,P05780,1
Q8WVC6,P29990-PRO_0000037929,1
Q15365,P36780,1
Q86X19,P06428,1
Q5SRD1,Q1K9H5,1
Q674X7,Q8JSN8,1
P51398,P03508,1
P04406,P06463,1
O60831,P0CK56,1
P11413,P03428,1
P51571,P06792,1
E5RHG8,P06821,1
Q13601,YP_009227205,1
Q9P003,P05780,1
Q9H0F6,Q9WMX2-PRO_0000037552,1
H3BS86,P03427,1
P46783,P04487,1
P08670,Q9WMX2-PRO_0000037548,1
O00232,Q8JPQ9,1
O00220,P03087,1
P09496,P03454,1
Q96QF0,P36780,1
Q15366,P03454,1
Q71UM5,Q1K9H2,1
P26641,Q77M19,1
P46459,Q32ZE1-PRO_0000435839,1
Q14790,P08160,1
Q96CS3,P03468,1
P61106,P0DOE9,1
Q9Y5S1,P03182,1
P61927,P15682,1
Q9UL40,Q32ZE1-PRO_0000435829,1
P30101,YP_009227200,1
Q16342,A0A288CFT1,1
Q9Y6N5,P03508,1
Q96RS0,P04618,1
O60831,P03182,1
Q9NP87,P14079,1
P22626,P15659,1
Q5H9R7,P03452,1
Q9UN36,NP_705926,1
O14782,P10225,1
P28074,P04608,1
Q96FJ0,P06430,1
Q8NEM2,P06428,1
Q86SQ7,Q9WMX2-PRO_0000037548,1
P31689,Q05322,1
Q13243,P05777,1
O95433,P06465,1
Q99615,W6AVY5,1
O00303,P03470,1
P06748,P68951,1
P61221,Q9WH76,1
P52272,P15659,1
P00367,Q8AZK7,1
P05388,P09992,1
O43402,YP_009227203,1
O60218,P09992,1
Q13137,P27915-PRO_0000037996,1
P42766,YP_009227200,1
P03905,Q8JSN5,1
P61353,P05780,1
Q9GZR7,P17383,1
Q8NFQ8,YP_009227196,1
P41247,P36817,1
P62753,Q77M19,1
K7EKS1,P03428,1
P84077,P04601,1
Q5TAP6,P06932,1
O75746,Q77M19,1
P62899,P03211,1
Q92997,P06821,1
P68363,P05777,1
O14602,P29991-PRO_0000037946,1
O15350-1,P04019,1
Q7Z4Q2,YP_009227204,1
Q9Y5Q9,P23372,1
O75569,Q05127,1
O14818,Q69027,1
P08621,YP_009227196,1
Q14257,P0C739,1
Q13323,P04492,1
Q969F0,P03185,1
P12956,P03454,1
Q14574,B4URE7,1
Q9Y291,P06428,1
P11166,O56232,1
Q9NVI7,Q2MG95,1
Q9Y3D5,Q99IB8-PRO_0000045592,1
Q8NC44,P06460,1
Q9BQG2,YP_009227199,1
P68543,P29991-PRO_0000037946,1
Q9H0D6,P03430,1
P10909,P06460,1
Q8TC12,P06461,1
Q6NXT6,YP_009227196,1
P26368,P03430,1
Q13162,P14357,1
Q8IZ07,Q8AZJ3,1
Q9NWA0,P68336,1
F5GXF0,P12977,1
Q13761,Q8JSN8,1
P56545,P06821,1
Q70UQ0,YP_009227196,1
Q99714,Q1K9H5,1
P04406,P03470,1
O43760,P06428,1
Q13610,Q05127,1
P16989,P03430,1
Q86U38,P04620,1
P49257,YP_009227197,1
Q9Y3D0,P36799,1
Q14697,YP_009227200,1
Q9UKF6,YP_009227205,1
P62917,P05780,1
O15427,P06792,1
Q9Y679,YP_009227198,1
Q8IXQ4,Q32ZE1-PRO_0000435842,1
Q86UE4,P29991-PRO_0000037936,1
Q9NQX7,P69901,1
O94762,YP_009227205,1
P21796,Q77M19,1
P61978,Q8V1E7,1
P49848,YP_009227205,1
P63208-1,Q6TVJ4,1
Q9UJ14,P0CK56,1
P35250,P03126,1
Q8N163,Q99AU3,1
Q9UK41,P03410,1
Q12959,Q9ICL1,1
P43243,Q6QDQ4,1
P31689,P0CK49,1
P46781,P03508,1
Q96CP6,YP_009227205,1
Q13310,P07939,1
O15173,P0CK56,1
A8MPP1,P29991-PRO_0000308465,1
Q9P0K7,P14357,1
P49207,Q0HD54,1
O60506,P15659,1
P08579,Q8AZK7,1
Q07955,P03427,1
Q9Y5M8,P0CK49,1
Q99436,P13285,1
Q00325,P15659,1
P62195,P15659,1
P04843,Q05322,1
P17676,P06790,1
Q7L5D6,Q99IB8-PRO_0000045596,1
Q6PI77,Q0A2H1,1
P22087,P03466,1
P43686,P03454,1
Q15773,Q8AZK7,1
P06730,Q6QDQ4,1
Q9UHI6,Q69022,1
O14893,P12520,1
P49458,P03430,1
Q9BWF3,Q05127,1
Q9Y5V3,P30119,1
Q7RTY1,Q1K9H5,1
P23528,P03430,1
P08195,P09992,1
Q9NSD9,P03430,1
Q9Y3B7,P03430,1
P01850,P04578,1
Q93050,YP_009227198,1
Q14145,P03114,1
Q53H12,P0C739,1
O95864,P06460,1
P0C0S5,YP_009227196,1
Q16543,P24772,1
P36578,P05780,1
P17980,Q69027,1
P48643,P03468,1
Q8WXD5,Q20MH8,1
Q96C10,P19847,1
Q9HD33,YP_009227204,1
Q93050,O36551,1
Q96S52,P06792,1
P61289,P03428,1
P82930,P03508,1
C9JLW8,Q99IB8-PRO_0000045598,1
O14929,P05780,1
O15444,P34015,1
P43360,P03508,1
P27348,P03165,1
Q15208,P03470,1
O76064,P08393,1
Q9BZW8,Q98822,1
O43927,Q2KRY7,1
P27824,Q05320,1
P08195,I6T1Z2,1
P12235,Q9WPI5,1
P08708,Q6SW29,1
P13667,P03129,1
P55209,Q9WMX2-PRO_0000037551,1
P57105,P03126,1
O75530,P04601,1
Q9BYC5,O36551,1
P85037,Q77UV9,1
O00232,P03454,1
O95816,B8ZX49,1
P08579,YP_009227205,1
Q6P161,YP_009227200,1
Q8NDB2,P08563-PRO_0000041304,1
Q9HDC9,P0DOE9,1
Q96EL3,Q1K9H2,1
Q9UBU9,P22575,1
P62829,P15659,1
P51398,P05777,1
Q15020,P03496,1
P06733,P05777,1
Q8WU76,YP_009227198,1
P11021,Q9WMB5,1
Q12797,Q2MG95,1
P23142,Q9WMX2-PRO_0000037548,1
Q92575,YP_009227200,1
P50402,Q2MG95,1
P61011,P04620,1
P62081,P06429,1
Q9H2W6,P29991-PRO_0000037936,1
Q96C19,P05777,1
Q9BZG1,P69901,1
P18621,Q1K9H5,1
P62081,P19712-PRO_0000038050,1
O60488,P0DOE9,1
P17066,Q01639,1
Q8WUA4,O36551,1
Q8N490,P05780,1
P0DMV8,P03470,1
P28799,YP_401728,1
Q9H4L5,Q76RG8,1
P13378,NP_751919,1
Q9BVC4,P04020,1
Q9Y2X3,Q1K9H2,1
Q9UNE7,Q2PRM9,1
Q92575,YP_009227196,1
Q16222,P03470,1
P16989,P03427,1
P07339,P03470,1
O00264,P03485,1
P62314,Q1K9H2,1
K7ERV3,P06428,1
O14777,P0C725,1
Q15363,P03470,1
Q8WVX9,C5E519,1
P35268,D1LN35,1
P67775,P0DOJ9,1
P18077,YP_009227203,1
Q7KZF4,Q69022,1
O14640,O41957,1
O60831,P04578,1
P84098,P04487,1
P61247,P03454,1
P13639,P03427,1
P0DP23,P03430,1
Q86VS8,C5E519,1
Q01581,YP_009227197,1
Q8N423,C4P224,1
P35232,Q77M19,1
Q9BWJ5,P29991-PRO_0000037946,1
Q13177,P04020,1
P62081,P06821,1
P22626,P09992,1
P07910,P15682,1
P04439,P04578-PRO_0000038427,1
Q9H307,Q82506,1
Q9UH62,P69901,1
P39656,P17385,1
P09543,P30119,1
Q02543,P03470,1
Q9NX76,A0A024B7W1-PRO_0000443029,1
Q6ZWT7,P03087,1
Q9Y282,P0C739,1
P09382,P05777,1
P12814,P15682,1
Q9BZK7,P06428,1
Q9GZT8,P14079,1
Q9NVI7,P69901,1
O75934,Q20MH3,1
Q9UKC9,Q9WMX2-PRO_0000037552,1
O14929,YP_009227205,1
P27348,A0A288CFT1,1
O00567,P17388,1
Q86W33,P06929,1
Q70UQ0,P06460,1
Q14141,P17367,1
Q9Y3F4,P03470,1
P31689,P09992,1
Q96CG3,P03427,1
P42773,F5HC81,1
O15533,P04578,1
Q9NR28,E5LBS6,1
Q9BUF5,P29990-PRO_0000037929,1
B1AHL2,P03126,1
Q9NZL3,Q8JSN8,1
Q9H396,P06427,1
P43487,C5E519,1
P31943,P19712-PRO_0000038050,1
P23284,YP_009227203,1
P23396,P03427,1
Q96N66,P06428,1
Q13015,P03468,1
O95793,P03427,1
Q9Y694,NP_751919,1
O00483,P03182,1
Q08117,P06429,1
Q16739,P13285,1
Q6ZN84,P03427,1
Q96AQ6,Q8AZJ3,1
P18124,P27958-PRO_0000037577,1
A8K979,P03427,1
Q9NZ45,P03468,1
O15270,P0C739,1
P61978,P03454,1
O75506,P03470,1
Q14978,C5E526,1
P10644,P03259-2,1
Q3ZAQ7,YP_009227204,1
P12814,P0C701,1
P49458,P19712-PRO_0000038050,1
Q86Y82,P0CK58,1
Q53H12,P05780,1
Q9NVS2,O40939,1
Q9NY74,C5E527,1
A0A2R8YEM2,P04608,1
Q13526,P04591-PRO_0000038594,1
P32942,P04578,1
Q8N983,P09992,1
Q13950,P36780,1
Q9P003,P06428,1
P60903,P06821,1
Q13155,P69258,1
P05067,P06428,1
Q9NXH8,P03177,1
Q8IYB3,I6TAH8,1
Q01130,Q82506,1
Q07065,P04578-PRO_0000038428,1
Q9NXW2,P03431,1
B0QYN7,Q808S4,1
Q12933,P06429,1
Q96IX5,P06461,1
P55735,Q8AZK7,1
Q9BTV4,Q99IB8-PRO_0000045597,1
Q9H944,P0DOE9,1
Q9NV96,P06461,1
Q96MF7,P03070,1
P68104,P06429,1
P27348,P05777,1
Q8TBR4,P06428,1
Q13247,P15659,1
Q96A33,Q20MH8,1
P50479,P30119,1
Q5MJ08,P27958-PRO_0000037566,1
P19525,A0A024B7W1-PRO_0000443032,1
P02768-1,P89884,1
Q16342,Q76R61,1
Q15208,Q20MH0,1
Q86XR8,P05919,1
Q9BUZ4,P03129,1
Q9BQB6,P06464,1
Q14498,P03470,1
P61981,Q1K9H5,1
O95139,A0A024B7W1-PRO_0000443029,1
A0FGR8,C5E527,1
O95754,P03070,1
O14735,P03182,1
P08195,P03454,1
Q04206,P0C774,1
Q00765,Q05320,1
P07237,YP_009227201,1
P06748,P03427,1
Q9Y237,P27958-PRO_0000037566,1
P10301,C5E519,1
A0A0C4DG91,P06427,1
P21964,P0CK48,1
P09486,B8ZX49,1
P49368,P03220,1
Q13509,P15682,1
Q9GZT3,Q20MH8,1
Q96DZ1,YP_009227203,1
Q08117,Q69022,1
P10398,I6T1Z2,1
Q12959,P03126,1
O00425,Q6QDQ4,1
Q5VTH9,P03427,1
P67809,P03430,1
P50479,K9UT94,1
Q9Y230,P03468,1
Q9HAP2,Q9WMX2-PRO_0000037548,1
Q9UNE7,P03081,1
P31943,P03129,1
P84098,P15682,1
Q7Z3S9-1,O41949,1
P52434,P15659,1
P10398,P10191,1
Q13247,P03430,1
Q99460,P05777,1
P28799,P0CK47,1
Q07955,Q1K9H2,1
Q14554,P04578-PRO_0000038427,1
Q8TDB6,P17384,1
P30519,P0C739,1
A6NNZ2,P21605,1
Q96ST2,P06428,1
P50479,P06430,1
Q9NX40,YP_009227201,1
P08047,P14079,1
P50914,P03430,1
P06748,Q77M19,1
Q14576,P10228,1
P55072,B4URF7,1
P35250,P06929,1
O15523,Q6QDQ4,1
P78406,P21698,1
Q53RE8,P06477,1
B7ZAQ6,YP_009227198,1
P62750,P27958-PRO_0000037566,1
Q9Y5X1,YP_009227205,1
Q8N5Y8,YP_009227203,1
Q9HD33,P29991-PRO_0000037936,1
F8W6G1,P27915-PRO_0000037996,1
Q9BWU0,A0A024B7W1-PRO_0000443032,1
Q9Y5M8,P06930,1
Q96CT7,YP_009227196,1
Q86TM6,P36801,1
P19634,YP_009227196,1
P52292,P88911,1
O95429,C5E527,1
P08047,P17387,1
Q8TC07,P0DOE9,1
P48029,A0A220NMU2,1
Q9H425,Q32ZE1-PRO_0000435838,1
Q9Y2X3,P04620,1
P11142,Q8JSN5,1
Q4ZIN3,P17385,1
Q9P0N9,P06428,1
P48960,O41949,1
P60468,Q2PRM9,1
Q8NCP5,E7BBT6,1
C9JUA4,NP_803144,1
Q9GZR2,YP_009227196,1
Q07065,Q1K9H5,1
P35609,C5E524,1
Q8IZ07,P12520,1
P07225,Q99IB8-PRO_0000045596,1
Q9UFG5,B4URF0,1
P56545,P17387,1
O00505,B8ZX42,1
K7EQ78,O56232,1
Q15223,P06930,1
P17676,P06422,1
O14925,Q77M19,1
P62491,P29990-PRO_0000037929,1
Q9H2V7,P03182,1
A4GXA9,Q32ZE1-PRO_0000435839,1
Q9BZ63,P03427,1
P56192,P03225,1
P50402,P0CK48,1
P54652,Q84940,1
B4DG79,YP_009227199,1
Q9UJZ1,P06821,1
Q9Y4L1,YP_009227200,1
O14735,P06792,1
P13797,NP_705926,1
O14735,P36791,1
Q49A26,P15682,1
Q9NP64,A0A024B7W1-PRO_0000443019,1
Q9BXK5,P06792,1
Q6IAA8,O36551,1
P60903,P03225,1
Q9NUQ6,Q77UV1,1
Q8N511,YP_009227201,1
Q13363,P10186,1
Q12824-1,P04014,1
Q6IAA8,P0CK49,1
P38435,P06460,1
O94776,Q32ZE1-PRO_0000435842,1
P68104,Q9WPI5,1
Q8IUQ4,P03200,1
O75688,P0C739,1
P24534,Q77M19,1
Q9HCU0,P03182,1
P07199,P06788,1
Q8N4L2,P06460,1
P19224,P03452,1
Q9BRP8,P17388,1
Q92805,Q9Q2G4,1
P62306,Q20MH8,1
P26641,P06790,1
P08865,P03454,1
Q13247,P03427,1
Q11201,NP_803170,1
P13010,P15682,1
Q9BQA1,P03129,1
Q96IX5,P0CK49,1
Q15363,Q77M19,1
P02675,Q99IB8-PRO_0000045602,1
P08962,P06428,1
O95235,P36778,1
P48060,P03246,1
P16070,Q2PRM9,1
P61247,P04620,1
Q01130,P29991-PRO_0000037946,1
Q96N66,P0CK48,1
B3KNR3,P19712-PRO_0000038050,1
Q9NUJ1,P06464,1
P04844,P05777,1
K7EQ03,P03496,1
P19838,P08563-PRO_0000041302,1
Q96IX5,P15659,1
Q13227,P04019,1
P27986,YP_009227205,1
O14773,P05777,1
O43791,P24830,1
Q9Y6H1,P08563-PRO_0000041302,1
Q9H8M7,P36817,1
P82914,P17383,1
Q53HC0,P03410,1
Q9H5Q4,B4URE7,1
P62861,Q0HD54,1
Q9BYM8,P0CK53,1
P40227,Q2MG95,1
Q5H9R7,YP_009227205,1
Q6IAN0,P29990-PRO_0000037929,1
F5H7A5,P03427,1
O95218,YP_009227205,1
P38646,P09992,1
Q8N4Q1,Q8AZJ3,1
P12272,P06428,1
A8MXH2,P03431,1
P26196,P03410,1
Q96AH0,P23372,1
Q96T49,Q6VGT1,1
Q9P015,Q99IB8-PRO_0000045592,1
Q13454,YP_009227203,1
Q8N766,P29990-PRO_0000037929,1
Q969E2,P29996,1
O95573,P05919,1
Q8NC51,P03470,1
Q6P1R4,P06428,1
Q8IY81,P17388,1
Q9UKX7,P29991-PRO_0000037946,1
Q96EY1,P0C6N0,1
Q99871,Q1K9H5,1
Q03519,P03468,1
P62266,P15659,1
Q9NR80,P29991-PRO_0000037936,1
E7ES52,P03259,1
P20226,P06422,1
P27694,P88981,1
P52597,Q05127,1
Q9Y399,P03431,1
P55084,P03452,1
O00463,P06430,1
Q15293,P88970,1
P08311,P0C1C6,1
P00395,P36827,1
Q9Y6W3,P03454,1
Q8IYB3,YP_009227196,1
Q16543,P04413,1
P78371,P09992,1
I3L0A0,P16727,1
Q01813,P0CK49,1
Q8N5P1,Q32ZE1-PRO_0000435829,1
Q15773,YP_009227197,1
Q12905,P05777,1
Q8IWA4,P29990-PRO_0000037929,1
Q99832,P05780,1
Q8WWH5,P06790,1
P30566,O40945,1
O76031,P17383,1
P11142,Q99IB8-PRO_0000045599,1
Q01081,P10191,1
Q9Y6M1,P29991-PRO_0000037936,1
P15291,P03468,1
Q9H9J2,P03496,1
P30519,P06461,1
O15260,P05777,1
P62805,P04487,1
P50479,P03246,1
Q9NXC5,YP_009227205,1
O94927,P03508,1
Q5UCC4,YP_009227196,1
Q15370,P05777,1
Q92905,P12520,1
P60228,P03470,1
Q9H2K0,Q8JSN8,1
A0A0U1RQC9,P03126,1
Q9Y4W6,P03428,1
P17275,Q9DGW5,1
P55072,P03470,1
Q9Y6C9,P06792,1
P27694,P17384,1
Q93065,P10204,1
Q9Y5S1,P06792,1
O96005,YP_009227200,1
P30626,Q3KSV2,1
Q08AM6,P03508,1
Q86YV9,Q2MG95,1
P52294,Q1HVF7,1
P49588,YP_009227199,1
Q9BPW8,P69901,1
P19012,P03410,1
P52434,P05780,1
Q92764,Q1K9G9,1
A0A2R8YFH6,P36801,1
P62316,P03427,1
Q15561,P06428,1
Q9Y6M9,A0A024B7W1-PRO_0000443029,1
P46778,P06428,1
P06576,P05780,1
Q00587,P03452,1
Q13227,P14079,1
G5E9W7,P03433,1
P68371,P09992,1
Q01534,Q6VGT1,1
B5MCF9,P03431,1
Q9H497,P04578,1
Q9BZG1,P0C739,1
Q8NI60,I6T1Z2,1
Q9Y3B4,Q77M19,1
Q13509,P03428,1
P08670,P03129,1
P34932,B8ZX49,1
P60174,P03470,1
Q07666,P03470,1
Q15398,P14075,1
Q8N5R6,P03196,1
Q96HT8,P06430,1
Q7Z6J9,P06929,1
Q13015,YP_009227199,1
Q9NUD5,I6TAH8,1
Q9UM11,P36780,1
P26373,Q77M19,1
Q6UW68,P06428,1
Q8WXG1,Q9WMX2-PRO_0000037552,1
Q8N5C6,P04620,1
Q6Y1H2,Q32ZE1-PRO_0000435839,1
Q13637,P0C739,1
P63151,Q2MG96,1
Q96S66,YP_009227203,1
O00308,P03207,1
P02538,P36780,1
P63220,P15682,1
P25705,P05777,1
P53999,P05777,1
Q14257,P03427,1
Q16629,P36780,1
Q13630,P06428,1
P14618,P14340-PRO_0000037966,1
J3KQ48,P03129,1
P49458,YP_009227198,1
Q8N271,P06428,1
P62244,P03470,1
Q9NPL8,Q77M19,1
P62140,YP_009227205,1
Q8N5M9,P29991-PRO_0000037944,1
P43487,Q89733,1
O75494,P03433,1
Q13049,Q2MG95,1
Q14833,P29991-PRO_0000037940,1
P35527,P03427,1
Q9NVI7,P88970,1
O43707,Q69139,1
Q9H4A5,Q76RI8,1
P62888,P03427,1
P46777,Q82506,1
Q99708,P15659,1
Q92575,YP_009227201,1
Q13435,Q9WMX2-PRO_0000037548,1
P54725,Q77M19,1
P62263,P36827,1
Q92831,P03119,1
Q12849,P03470,1
Q9UBB4,P29990-PRO_0000037929,1
O15427,P0CK49,1
D3DTH7,P03427,1
P25789,P03427,1
Q15185,Q1K9H5,1
Q15185,P03470,1
P35998,P03454,1
A0A087WX97,P06428,1
Q9UGI0,P03428,1
Q99523,P04578,1
O43765,P17385,1
P40939,Q77M19,1
E7ERX5,P03427,1
Q9Y5V3,P03204,1
Q15797,P26669,1
Q9Y2Z0,YP_009227198,1
Q9H6T3,P19712-PRO_0000038050,1
P50402,Q1K9H5,1
Q9H0D6,P03427,1
P78536,YP_009227203,1
Q9Y224,P15682,1
Q9UMX0,Q9WMX2-PRO_0000037546,1
P30101,D2XQB9,1
Q8IYS2,P29991-PRO_0000037944,1
P43246,P06821,1
P63313,P05777,1
P35080,P03225,1
Q12805,Q69027,1
P53365,P36791,1
P20339,P06821,1
P20618,P36817,1
Q969W1,P03087,1
P32969,YP_009227196,1
P51648,P03431,1
O00425,Q6VGS8,1
Q9H7H0,P06428,1
P27635,P03454,1
P42766,P03454,1
P05166,Q8AZK7,1
P62851,P19712-PRO_0000038050,1
P49821,YP_009227196,1
P25789,P06463,1
O15444,P24766,1
Q13765,P03427,1
Q96SB4,P29991-PRO_0000037936,1
Q12893,A0A024B7W1-PRO_0000443029,1
Q6Q788,Q99IB8-PRO_0000045598,1
Q96IX5,Q2MG95,1
P50416,P03496,1
Q13451,P03496,1
Q92945,B4URF6,1
Q14699,P0C739,1
P62491,P05777,1
Q15796,P36801,1
O75396,P69901,1
Q9BVI4,YP_009227196,1
P51911,Q2MG95,1
Q9P2I0,I6T1Z2,1
Q9BQB6,P69901,1
P09382,Q76R62,1
Q15365,P06422,1
P62917,P15682,1
P11142,P03485,1
P62753,EBI-6857440,1
Q8IXI2,A0A024B7W1-PRO_0000443029,1
Q96DT6,Q1K9H2,1
Q9NX40,YP_009227197,1
P12956,P05777,1
Q9BZQ6,P69901,1
Q9BWM7,P69901,1
Q04864,P06932,1
O96005,P06460,1
P62244,P19712-PRO_0000038050,1
O43752,A0A024B7W1-PRO_0000443029,1
Q8NC54,P0CK58,1
P62195,P13285,1
P07355,Q99IB8-PRO_0000045602,1
Q14011,YP_009227196,1
Q05086,P29991-PRO_0000037941,1
P04632,P06423,1
Q9Y3D3,YP_009227196,1
O00232,P05777,1
P37198,Q2HR75,1
Q9BPW8,P03428,1
Q8IWT6,YP_009227200,1
Q02809,P0CK56,1
P20916,Q4JR05,1
B3KS98,P06929,1
P98194,P13285,1
P43121,P29996,1
Q9UP83,Q20MH8,1
P63010,P15682,1
Q9BUM1,P29991-PRO_0000037944,1
Q5SW96,P10204,1
Q9Y230,P0CK48,1
P32969,P15682,1
Q9BVC6,P06460,1
P18085,P05780,1
P14373,P03225,1
P10809,P03427,1
Q13330,Q77M19,1
Q6NUK1,P03468,1
P55081,YP_009227201,1
Q9Y265,P04578,1
Q13114,NP_941987,1
Q14697,P04578-PRO_0000038427,1
Q6IBJ0,P06921,1
P23396,Q05322,1
A0A3B3ISQ4,P14357,1
P51148,Q2MG95,1
P0C7W6,P03428,1
Q9HAS0,Q20MH8,1
P00156,P06428,1
Q96S52,YP_009227198,1
Q8NEB9,Q99IB8-PRO_0000045601,1
Q7Z7M9,P0CK56,1
Q13200,Q77M19,1
Q9H4P4,Q76RF7,1
Q92905,P06423,1
O75477,YP_009227200,1
P18859,P0C739,1
P05981,Q69027,1
Q8NCP5,P06429,1
Q13217,P03468,1
Q9BYJ9,E5LBS6,1
P26196,P09992,1
P27824,Q9WMX2-PRO_0000037550,1
Q9HD45,P03182,1
Q12805,Q9WMX2-PRO_0000037548,1
P62899,P19712-PRO_0000038050,1
Q9NRD5,Q9WMX2-PRO_0000037548,1
Q86UE4,P03427,1
P46977,B4URF7,1
P62891,P06428,1
P08133,P03470,1
O60218,P03433,1
Q99942,NP_751926,1
Q9Y3E5,P06821,1
P31943,P03454,1
Q9UNN8,P03182,1
P22362,P24766,1
P00558,P15682,1
P61313,P05777,1
Q9NXS2,K9UT94,1
Q8IVV7,Q98143,1
P62910,P05777,1
Q96EB1,Q1K9H5,1
P05455,P03427,1
Q9BWH2,P29991-PRO_0000308280,1
F6RFD5,P06821,1
Q9Y5M8,P05777,1
P62195,Q2MG95,1
Q8WWI5,A0A024B7W1-PRO_0000443029,1
Q6EEV4,H9XIJ5,1
Q9BSD7,P29990-PRO_0000037929,1
P45973,Q20MH4,1
Q9UK22,P10193,1
P31948,P17385,1
P25445,P03246,1
P05546,Q99IB8-PRO_0000045599,1
P62263,P19712-PRO_0000038050,1
P63167,Q6DP94,1
Q14011,P15682,1
P63279,P03230,1
Q9BRK3,P06460,1
Q9Y2S7,P03452,1
P62854,P03454,1
O14744,P03496,1
P56945,NP_751919,1
P78406,P03519,1
Q7KZF4,YP_009227204,1
Q9Y2H1,P05777,1
Q00839,P90495,1
Q9Y287,O40948,1
Q14498,P15659,1
Q9Y3B1,P36801,1
Q9UBX3,B4URE7,1
Q13162,YP_009227200,1
Q9NRG1,P06463,1
P07737,P0C1C6,1
P48029,YP_009227200,1
Q6P1M0,P06460,1
Q13526,Q69027,1
Q2NL82,Q05127,1
O43615,P03470,1
P55081,A0A024B7W1-PRO_0000443032,1
Q6P1W5,P10210,1
P52298,P03466,1
P31153,P03427,1
O00257,I6T1Z2,1
P50281,B8ZX49,1
P25445,Q2MG95,1
Q96CV9,P29882,1
Q13263,P15682,1
P50991,P15659,1
Q96RD7,YP_009227201,1
Q16637,P03134,1
P16403,P03470,1
Q92530,P03410,1
Q9Y6N5,P06932,1
Q96AG4,P05780,1
O43699,P29996,1
Q8NHH9,YP_009227200,1
O43347,P29991-PRO_0000037936,1
P27824,P05780,1
Q8IUE6,YP_009227205,1
Q9H3P7,P03300-PRO_0000424692,1
P25705,P15682,1
P62877,P03129,1
Q9H2H8,Q99152,1
Q9UBX3,P29990-PRO_0000037929,1
P62195,YP_009227197,1
O75489,P29990-PRO_0000037929,1
P56545,P35256,1
Q9BQA1,P03508,1
P09914,P06789,1
P62750,P03427,1
Q15942,O92551,1
Q9Y3U8,YP_009227196,1
Q9NW15,Q76RI8,1
Q9P2W9,Q1K9H5,1
Q8NF17,P03431,1
Q99966,P03259,1
O95816,Q77M19,1
Q9H0M0,P03322,1
Q9NYF8,P03430,1
Q9P2X0,A0A024B7W1-PRO_0000443029,1
Q5T9A4,P05919,1
Q99447,Q9WMX2-PRO_0000037548,1
Q9P246,YP_009227196,1
Q96HC4,Q69117,1
Q02539,Q20MH0,1
Q96SI9,A0A024B7W1-PRO_0000443019,1
P38919,Q20MH3,1
Q9Y570,P03118,1
Q96DZ1,P69901,1
P17844,P27958-PRO_0000037577,1
Q5SRE7,P0C722,1
P41091,P15682,1
O60684,Q77DB4,1
P24158,P0C1C6,1
Q96AY2,P05928,1
P10809,NP_705928,1
Q4G0J3,P29991-PRO_0000037936,1
P05556,P05780,1
P07478,O40939,1
Q7L2Z9,P10224,1
O75396,Q77M19,1
P10275,Q69027,1
P39023,Q77M19,1
O14777,Q9WMX2-PRO_0000037548,1
Q5H9R7,P05777,1
P63151,P05780,1
O00233,YP_009227204,1
O75390,E5LBS6,1
P33991,P03433,1
Q99816,O55779,1
Q9Y2S6,P27958-PRO_0000037566,1
P62805,Q84940,1
Q03169,P03452,1
Q9C035-1,P03332,1
Q6NUK1,P05780,1
Q8N7H5,P06935-PRO_0000037753,1
Q8N474,P03211,1
Q9UBB4,F5HFG5,1
Q9HAU4,B4URF7,1
P35221,Q02840,1
Q96P47,P17387,1
Q9UJY5,P06423,1
Q14738,P05780,1
Q92973,Q20MH8,1
P17706,YP_009227203,1
Q8N490,P0CK49,1
P37802,Q20MH4,1
P06753,P05777,1
P42224,Q9WMB5,1
P37198,YP_009227199,1
Q14807,Q8JSN5,1
Q8TDB4,P03182,1
P08865,P09992,1
Q9UJD0,P06429,1
Q16512,P03126,1
Q9BQB6,P06932,1
Q04323,P05777,1
Q06210,P0CK56,1
P30101,P06792,1
Q99460,P69901,1
P02511,P05777,1
P61106,P04578,1
Q14258,P03470,1
P10155,P03431,1
P08631,P12504,1
O14929,YP_009227197,1
O15270,P0CK56,1
O75251,Q20MH8,1
Q5T2T1,Q76RI8,1
P42766,P03430,1
Q9H8L6,P0C706,1
P11142,Q8AZK7,1
P05067,Q8JSN5,1
Q8TDD1,H9XIJ5,1
Q5T7P8,P08563-PRO_0000041302,1
Q9BQT9,P04578,1
P45880,P29990-PRO_0000037929,1
Q9Y5S1,P0C739,1
P02675,P29991-PRO_0000037940,1
P52292,Q77M19,1
O95816,P15682,1
Q92890,P69901,1
P61073,P04608,1
Q99848,P03211,1
P56589,P05780,1
Q96K37,P06460,1
Q9UL18,B2BUF1,1
Q05639,Q05322,1
P26641,P03427,1
P63208,P05919,1
P14868,Q77M19,1
Q07065,P05780,1
Q14247,P17387,1
Q15485,NP_751926,1
Q12948,P36801,1
Q9Y2W1,P15659,1
Q86VD7,P03427,1
P62191,P03129,1
P62701,O56264,1
Q16611,P03182,1
Q12834,P03120,1
P52294,P03070,1
Q13247,P04487,1
O15321,P03182,1
O95793,P03211,1
P00367,P03428,1
P43356,P03466,1
P30281,P04608,1
O95841,P03493,1
M0QXF9,P06463,1
P51570,I6T1Z2,1
P36578,P06428,1
P63151,P17386,1
Q15629,K9UT94,1
Q969E2,P06460,1
P18859,Q77M19,1
Q70UQ0,P04578,1
Q00325,Q05322,1
P81605,P03454,1
Q9UHD2,P08353,1
P34932,NP_776010,1
Q96DU7,P06428,1
P11940,P03427,1
P29590-5,P03243-1,1
P37837,P36817,1
P49458,YP_009227204,1
Q8NBM4,P06460,1
Q9GZM8,P03182,1
P62829,P04620,1
O43660,P04620,1
Q9Y4P3,Q05127,1
O75844,YP_009227198,1
Q9H6U8,YP_009227198,1
P49458,P10204,1
Q15326,P03255,1
Q9BWL3,P03129,1
Q9Y676,P09992,1
Q8TDL5,P23372,1
Q92615,YP_009227202,1
P11166,P69901,1
P16401,P09992,1
Q96G23,YP_009227203,1
Q96AA3,YP_009227196,1
Q9UM00,Q99IB8-PRO_0000045596,1
Q16649,E7DBL9,1
Q8WYN0,Q2RBU1,1
Q9UH99,YP_009227196,1
P35544,P04620,1
Q14240,P10225,1
Q96BI1,P69901,1
O00264,P03246,1
P02671,P29991-PRO_0000037941,1
Q8WWH5,P06788,1
Q7L2H7,F5HAW0,1
P56134,C5E519,1
O00255,P05780,1
Q63ZY3,K9UT94,1
Q9NQH7,Q98143,1
P10074,E7BBT6,1
P08238,Q8JPQ9,1
P17661,Q9WMX2-PRO_0000037548,1
Q7KZN9,P03468,1
Q9Y570,P24830,1
Q96AQ6,P0C739,1
Q9UKN8,P03430,1
Q8NBW4,B4URE7,1
P01009,Q9WMX2-PRO_0000037550,1
P00492,Q76R62,1
Q6VN20,P03454,1
O95292,P03087,1
P55064,P03087,1
Q8N684,P03470,1
Q9P0L0,YP_009227203,1
Q15233,P10230,1
Q9Y3A3,P03129,1
Q92598,P03496,1
Q709F0,Q77UV9,1
P30504,P17385,1
P50336,YP_009227199,1
P49755,P03428,1
P50402,P03225,1
P37108,P19712-PRO_0000038050,1
Q8IV08,Q20MH8,1
P52294,P03508,1
Q16799,YP_009227203,1
Q96S55,P12792,1
Q14533,P06790,1
Q8N423,Q98822,1
Q00534,Q77Q36,1
P29966,P03246,1
P45954,Q99IB8-PRO_0000045597,1
Q9P0I2,YP_009227203,1
Q8NC51,P15682,1
P35544,YP_009227196,1
P98194,P0CK49,1
P22492,O55777,1
P62280,P06428,1
Q7L2H7,P05780,1
Q8WXG1,Q9WMX2-PRO_0000037551,1
Q02543,P03427,1
P18621,Q0HD54,1
A0A0U1RQC9,NP_751927,1
O75431,P29991-PRO_0000037944,1
Q9P0L0,Q99IB8-PRO_0000045600,1
P08708,P03428,1
Q9UKX7,YP_009227205,1
Q9Y2G8,P06460,1
O15305,P06422,1
Q15223,P29996,1
Q9H0D6,Q05323,1
P25786,P03454,1
P67812,YP_009227198,1
Q12959,P54667,1
Q96EP5,P04620,1
Q9NX61,P0C739,1
Q5TAQ9,P36799,1
P63244,P03470,1
P54136,P03468,1
O95232,I6TAH8,1
P50402,P13285,1
Q96JJ7,P06792,1
O94905,YP_009227200,1
Q9BY50,YP_009227200,1
Q9UQ90,Q99IB8-PRO_0000045602,1
Q9UJA5,A0A024B7W1-PRO_0000443019,1
Q92665,P03428,1
P63279,Q07275,1
P18077,YP_009227196,1
O95864,YP_009227203,1
Q12904,Q99IB8-PRO_0000045599,1
Q9UBS4,Q77M19,1
O14975,YP_009227196,1
P50914,P15682,1
Q14164,K7Y1A2,1
O00483,P36801,1
Q96KP4,YP_009227199,1
P31942,D1LN35,1
Q8N163,P15682,1
Q49A26,Q0A2H0,1
Q01534,Q2KRY7,1
Q13243,P03430,1
P49411,Q05322,1
Q96J84,Q1K9H5,1
Q9Y6Y0,P29990-PRO_0000037929,1
Q9NQ55,P17383,1
Q15904,YP_009227198,1
P06239,Q9YJQ8,1
Q6DD88,P06792,1
Q969E2,P03246,1
Q9Y371,P29990-PRO_0000037929,1
O95573,P03182,1
Q6ZRP7,P29990-PRO_0000037929,1
P27635,P06821,1
P37108,P03129,1
Q92598,P05777,1
O75964,P03454,1
Q96IX5,P05780,1
Q13148,P29990-PRO_0000037929,1
Q15006,P17385,1
Q9NZL9,P88959,1
Q99733,YP_009227196,1
P53801,P69901,1
Q9BQ70,B4URF7,1
Q15369,Q77M19,1
P14866,Q05323,1
P49368,P15682,1
Q6PML9,YP_009227197,1
Q14790,P06423,1
Q7L5N7,C5E519,1
Q13263,P06821,1
Q9Y6K0,P06460,1
Q6NUQ4,P06927,1
Q01650,P29990-PRO_0000037929,1
Q99816,Q3KSS4,1
P09543,K9UT94,1
P55283,Q8JSN8,1
P61619,P03468,1
Q9UNE7,P29991-PRO_0000308465,1
O75494,P03431,1
P62899,Q20MH0,1
P52292,P03070,1
P63208,B4URF7,1
O43570,P03468,1
P57105,Q77M19,1
E9PRY8,P06930,1
Q8WWH5,P06423,1
P08962,P04578-PRO_0000038428,1
O15217,P29882,1
P38646,W6AVY5,1
Q9HB21,Q8JSN8,1
Q9H936,P03182,1
Q96KG9,P03120,1
P43243,P03129,1
Q9Y305,P17383,1
P07910,P21605,1
Q9H490,P06792,1
P13645,P05777,1
Q12834,YP_009227197,1
P09543,Q2PRM9,1
Q8TD10,P29882,1
P49755,P03452,1
Q06124,O40945,1
P05387,Q82506,1
Q8NHL6,M0QVI9,1
P25963,Q77M20,1
Q9C035,P03470,1
Q9GZM5,P29991-PRO_0000037944,1
Q86X55,I6T1Z2,1
Q04864,P03129,1
O75607,P05777,1
P11413,YP_009227202,1
O15173,YP_009227203,1
Q9UH99,C5E526,1
P23284,Q8JSN8,1
P49591,Q9Q2G4,1
Q86V81,P03427,1
Q12906,Q0HD54,1
Q9HC24,Q9WMX2-PRO_0000037550,1
Q9UNL2,P29990-PRO_0000037929,1
P11940,P03430,1
Q5BJE1,P03427,1
Q15365,Q67020,1
P0CG47,P04578,1
P01889,P03470,1
P35637,P03496,1
Q969N2,P06460,1
Q8TD20,Q82506,1
O96011,P29991-PRO_0000037944,1
Q9Y6N5,P03225,1
Q6NUQ1,Q20MH8,1
P14618,Q9WMX2-PRO_0000037552,1
O15541,YP_009227205,1
P61769,Q8JSN8,1
P42081,P04601,1
P50416,P03428,1
P35080,P06428,1
O43242,P15659,1
Q15796,AP_000107,1
Q99615,Q9DUG7,1
Q96AG4,YP_009227196,1
Q9UMS4,P03430,1
P50402,P03427,1
Q9HCD5,P03508,1
Q71U36,EBI-6857440,1
Q8TAD4,YP_009227203,1
O95905,YP_009227199,1
Q8N5K1,YP_009227196,1
Q8NFQ8,Q2MG95,1
P46779,P15659,1
P20719,O92597,1
Q8NHQ9,P17383,1
P78324,P03427,1
O14828,P03468,1
P05412,Q9WMX2-PRO_0000037544,1
Q16236,P04015,1
Q9H0U3,YP_009227201,1
Q9BXK5,P06790,1
Q08170,P04487,1
Q15758,P03468,1
P49368,P04413,1
B4DUA7,P68336,1
P19838-PRO_0000030311,P10226,1
Q9NRX5,P06460,1
Q9HD45,P0C739,1
Q8TCN5,C5E526,1
Q07817,P03496,1
P30154,Q20MH8,1
Q5J8M3,YP_009227204,1
Q9H845,A0A024B7W1-PRO_0000443029,1
Q573B4,P09503,1
P61201,P17383,1
Q8WWH5,B4URF7,1
Q9UI14,Q02840,1
A1L443,P15682,1
Q13263,P03496,1
Q96JM3,P03427,1
Q14699,P03246,1
P06703,P03470,1
O60493,P13285,1
Q15428,P15682,1
Q00839,Q05322,1
G5E9S8,P03431,1
O00425,YP_009227203,1
Q9NR30,P05777,1
P33240,I6T1Z2,1
P08172,P06927,1
Q8TBZ6,Q32ZE1-PRO_0000435842,1
Q9Y230,P03129,1
O95786-1,Q99AU3,1
P55212,P07385,1
Q6YN16,Q1K9H5,1
Q12849,P15659,1
P50914,P03427,1
Q86YB8,P06930,1
P60842,P03470,1
Q71U36,O55779,1
P68431,P04578-PRO_0000038427,1
H0YL14,D3YP88,1
Q9HD33,P03428,1
Q5C9Z4,I6T1Z2,1
P04844,P15659,1
P28288,Q9WMX2-PRO_0000037541,1
P47755,P06821,1
Q13263,P06429,1
P26641,NP_751919,1
P26599,YP_009227203,1
Q15233,P05777,1
P46778,Q9DUG7,1
P63167,Q4TWM1,1
Q16891,P15659,1
A6QRH7,P03468,1
Q00325,Q01220,1
P28347,P03070,1
Q9Y3B9,P29991-PRO_0000037946,1
Q14498,P03430,1
Q8WYN3,Q8JSN5,1
O94905,YP_009227198,1
P61106,P29991-PRO_0000037944,1
Q9BYD2,P03470,1
P51575,Q99IB8-PRO_0000045603,1
P68104,P04487,1
Q93050,YP_009227203,1
Q8NC51,Q0HD54,1
O94972-1,P88980,1
Q9Y6N5,P03246,1
Q9BT67,P0CK58,1
O75398,Q9WMX2-PRO_0000037548,1
P62805,P15059,1
Q9HAW0,A0A024B7W1-PRO_0000443029,1
Q13950,P06921,1
A0A087X231,P04608,1
Q15008,P06463,1
Q03519,P04578,1
Q3KQU3,Q05127,1
P50991,P03454,1
O43852,P05777,1
Q969X0,P29991-PRO_0000037946,1
Q86T03,O36551,1
P40616,P10204,1
Q96CX2,P03182,1
P18847,E7DBL9,1
P40227,Q77M19,1
Q9BWK5,Q8JSN5,1
P62136,P03508,1
P53365,P04015,1
Q9BYX7,P29990-PRO_0000037929,1
P55072,P15659,1
P16070,K9UT94,1
P46778,P03430,1
Q8WUH6,P06477,1
Q9Y6Q5,P03129,1
P30419,P04601,1
P30443,B4URE7,1
Q96Q11,YP_009227204,1
P08172,P0C739,1
P62140,P05777,1
P10147,Q2F862,1
Q99653,P29991-PRO_0000037944,1
Q8NI38,Q6VGT1,1
P04899,P05777,1
O95232,P03470,1
P62906,P05777,1
Q14318,I6T1Z2,1
Q9GZM5,P06927,1
P49257,Q20MH8,1
Q16401,Q99IB8-PRO_0000045599,1
P62263,P15682,1
P17858,P03452,1
Q02539,Q01220,1
Q92905,Q69027,1
O15355,Q1K9H5,1
P62913,Q1K9H5,1
Q96RN5,P06428,1
P62269,P09992,1
P25440,YP_009227205,1
O95218,P03070,1
Q9NPH2,P0C765,1
Q9NUL5,NP_803144,1
Q92905,P89653,1
P36578,P03454,1
Q8WWF6,Q1K9H5,1
Q14974,P03107,1
Q16763,P27958-PRO_0000037566,1
Q06210,P05777,1
P52815,P09992,1
Q92905,P88912,1
P42892,P0CK56,1
Q92667,P29991-PRO_0000037941,1
Q9GZM5,P06460,1
Q8IXM3,P03496,1
P25786,P03430,1
P04733,P06428,1
O15260,P03452,1
Q9Y265,P29990-PRO_0000037929,1
Q99459,P15682,1
P13051,P68466,1
P82675,I6TAH8,1
P82914,P03470,1
P51114,P03470,1
P28288,YP_009227197,1
Q9BQ15,P36801,1
Q9UGP8,Q9WMX2-PRO_0000037541,1
P31930,Q77M19,1
Q01813,P03496,1
P05165,H9XIJ5,1
O14920,Q49PX0,1
Q8N7H5,P29991-PRO_0000037946,1
Q15165,Q05320,1
A0A0A6YYI3,YP_009227196,1
O95292,Q1K9H5,1
Q13371,A0A024B7W1-PRO_0000443032,1
Q00325,P0DOE9,1
Q8N9N5,Q6VGT1,1
P49755,YP_009227203,1
O95400,P23372,1
Q9NY12,YP_009227205,1
O60256,P03454,1
P42677,P03225,1
P53778,NP_751927,1
Q9Y297,Q9WB91,1
P28161,P19712-PRO_0000038050,1
P30101,P0C739,1
P16070,P03246,1
P10075,O40921,1
Q08050-1,P03129,1
P0CG48,P04325,1
P20248,P03070,1
O95816,P03468,1
Q9GZT3,P05919,1
P62191,P03126,1
Q75N03,P05777,1
Q9HCU5,P17385,1
Q6P5X7,P03087,1
Q15084,P09992,1
P48061,P34015,1
P08172,P06792,1
Q9H0W5,B4URF7,1
O14907,P03126,1
O75531,P03454,1
Q99623,P29990-PRO_0000037929,1
P11940,P05777,1
Q08ER8,P06428,1
P08240,P06792,1
Q8NCA5,Q194T2,1
Q9NWZ8,Q20MH8,1
O94906,Q20MH8,1
Q9NR33,P06429,1
Q8WVP7,P29991-PRO_0000037944,1
P08579,P03431,1
Q6PCB5,Q20MH3,1
P42224-1,P06498,1
Q16584,P06930,1
Q15257,NP_751927,1
O14672,P0CK56,1
A6NNZ2,P17387,1
P84022,NP_803144,1
P06733,P06428,1
P35268,Q05322,1
Q02539,P03495,1
Q5JR04,P03433,1
Q5VYV7,P05928,1
E9PIE3,P03129,1
P62318,P05777,1
P17028,YP_009227205,1
Q9BV19,P29882,1
P50990,P03129,1
Q01892,Q69022,1
P14618,P06428,1
O43716,Q99IB8-PRO_0000045598,1
P09543,Q9DUG7,1
Q9HCU5,P06461,1
P62306,P05777,1
Q8WWY3,P03120,1
Q52LJ0,YP_009227201,1
O14579,P06461,1
P04637,P26663-PRO_0000037536,1
K7EQ78,P06930,1
O60563,O12161,1
Q13501,YP_009227197,1
P62249,P05777,1
P17096,P03470,1
P05091,YP_009227205,1
P26196,Q6VGS8,1
Q9BRZ2,A9YDK9,1
Q92633,P06792,1
Q05639,P04413,1
P98175,P05777,1
P62191,Q2MG95,1
P33316,O40945,1
P35637,Q997F2,1
Q9Y3Y2,YP_009227196,1
O43504,Q9WMX2-PRO_0000037547,1
Q8NBN3,Q9QLP4,1
Q9NSK0,Q8JSN8,1
Q3KQU3,P03431,1
P19525,P03496,1
P53567,P0C746,1
Q96IK5,P03466,1
P24941,C6L852,1
P31946,P15682,1
P48651,Q1K9H5,1
Q9Y4K3,Q01220,1
Q53GQ0,P06465,1
Q15008,P17386,1
P43686,P13285,1
P03928,P06460,1
Q9UJC3,P29991-PRO_0000037946,1
Q06124,P88959,1
P81605,Q1K9G9,1
Q8IWA4,P03468,1
P04259,P10191,1
O96006,P03225,1
Q15434,P06930,1
Q15046,P04591,1
Q9UPT5,P03468,1
Q969R2,Q99IB8-PRO_0000045603,1
P53367,Q9WMX2-PRO_0000037551,1
P01111,P06821,1
Q8TBB1,P06932,1
Q99615,Q77M19,1
P27986,Q99152,1
O95758,P03431,1
P08238,Q69028,1
P54851,Q9WMX2-PRO_0000037550,1
P51665,P03427,1
P84098,Q89733,1
P82675,Q05323,1
P48047,P09992,1
Q96JC1,P24830,1
Q9H4A6,Q1K9H5,1
P46782,P04487,1
P53618,P15682,1
P02538,P06790,1
Q99615,P03470,1
P63220,P29991-PRO_0000037946,1
P20226,P06463,1
Q16891,P0C739,1
P04637,P06423,1
P23396,P19712-PRO_0000038050,1
P67936,P05780,1
Q9UJV9,YP_009227198,1
Q06136,YP_009227200,1
P45880,Q77M19,1
P47914,P09992,1
Q13185,P03086,1
P60709,P03427,1
Q9NX63,Q1K9H5,1
Q92990,Q20MH8,1
P02511,P03428,1
P35659,P03430,1
Q9NUS5,P06428,1
Q9BQ70,P17386,1
P43243,P03427,1
Q07955,P03211,1
Q49A26,Q67020,1
Q9BWK5,P27958-PRO_0000037566,1
Q8IXW5,Q98140,1
Q6ZMI0,P03427,1
Q9Y3D0,H9XIJ5,1
O15269,YP_009227203,1
P45378,Q1HVI8,1
P09496,P36780,1
P05114,P10204,1
O60506,Q8AZK7,1
Q9NW15,YP_009227196,1
P49721,P30119,1
P78362,P05777,1
Q9HD45,P29991-PRO_0000037944,1
Q7L523,P06930,1
O75787,YP_009227198,1
Q00765,Q9WMX2-PRO_0000037550,1
Q9UI14,P19557,1
O43294,P03220,1
P62917,Q0HD54,1
P00403,Q76R62,1
P12956,P19712-PRO_0000038050,1
P55081,P29991-PRO_0000037946,1
P54105,P15659,1
Q96L92,P06463,1
Q99805,P0C739,1
EBI-4399559,P03135,1
Q13077,P29882,1
P00403,NP_751926,1
O95169,P29991-PRO_0000037944,1
Q9NVI7,P05919,1
Q5JTV8,YP_009227203,1
Q16254,B8ZX42,1
Q07820,Q9Q2G4,1
O15260,YP_009227203,1
P13489,P0CK56,1
Q01130,P03118,1
M0R0R2,P36801,1
Q01094,P03255,1
P05787,P15659,1
P61964,P06430,1
Q9UHC7,P36827,1
P61353,P05777,1
Q5VSY0,P17383,1
Q8WWY3,P04620,1
Q6P996,Q20MH8,1
P36578,Q69138,1
Q9Y5Q8,P29991-PRO_0000037944,1
Q9NX58,Q9WMX2-PRO_0000037547,1
P30153,P06463,1
Q8N0U8,P06461,1
Q9Y241,Q77M19,1
Q9UI12,P06428,1
Q15369,D2CFJ1,1
P62191,Q1K9H5,1
J3KQE5,J9Z5B4,1
O00629,P03116,1
O43292,P06927,1
Q13227,P06462,1
Q9BTV4,P06927,1
O96000,O36551,1
P07437,Q997F2,1
P62851,P06429,1
Q9Y2R9,I6TAH8,1
P13804,P29990-PRO_0000037929,1
O75381,P0CK56,1
Q9NTJ5,Q76SF8,1
P28065,Q9WMX2-PRO_0000037551,1
P62857,P06481,1
Q6ZMU5,P03129,1
Q9H5V8,P03120,1
P62805,Q9WPI5,1
Q5T9A4,Q99IB8-PRO_0000045603,1
Q9BWE0,A0A024B7W1-PRO_0000443019,1
P82914,Q20MH0,1
P05412,Q9DGW5,1
P02786,P0CK58,1
P63244,P29990-PRO_0000037929,1
Q7Z7N9,Q9WMX2-PRO_0000037551,1
P28074,Q1K9H5,1
O76024,P29991-PRO_0000037945,1
Q96N66,P06927,1
O60725,P05780,1
Q96ST2,P29991-PRO_0000037946,1
P23284,YP_009227196,1
Q9Y570,P06790,1
P16989,P09992,1
P27797,Q76R62,1
Q13563,P69901,1
Q02297,P29996,1
Q12805,Q66479-PRO_0000426156,1
Q8WUM4,P03347,1
P57772,Q77UV9,1
P62277,P04487,1
Q9Y3B4,P15682,1
Q12959,P0CK58,1
P16220,P03259-2,1
Q96BJ3,P06430,1
Q8IYU8,YP_009227196,1
Q96K19,P06792,1
Q14116,Q6TUZ6,1
Q9BT56,P29996,1
Q96FQ6,P06460,1
P31948,P03470,1
Q6IPX4,P36801,1
P61964,P27958-PRO_0000037566,1
O14828,P05919,1
P78347,O36551,1
P80303,P04578,1
Q9NX14,Q32ZE1-PRO_0000435839,1
Q9NXS2,P69901,1
Q14257,K9UT94,1
Q9NQ88,YP_009227199,1
P61916,H9XIJ5,1
Q96I25,P03470,1
Q9NX24,YP_009227196,1
Q9UBX5,Q3KSQ1,1
Q9NS86,P15682,1
P46782,P03454,1
P62807,P15659,1
P14625,P05780,1
A0A2R8YFB8,P06428,1
O15321,P06927,1
Q9Y295,Q9WH76,1
Q13200,P15659,1
Q13509,P04620,1
Q96CA5,P03129,1
O95793,Q1HVF7,1
P62424,P05780,1
Q9Y371,Q69022,1
P27105,YP_009227196,1
Q86WN1,Q3KSV2,1
Q9Y6H1,Q99IB8-PRO_0000045592,1
Q8N9I9,P03070,1
Q12857,P03264,1
Q5T8I9,P14079,1
Q32P28,Q8AZK7,1
Q07020,Q8AZK7,1
Q9UBM7,Q77M19,1
Q9UBB4,I6T1Z2,1
Q5MIZ7,Q9WMX2-PRO_0000037545,1
Q6PI77,P03496,1
P24534,Q82506,1
O15260,P36801,1
Q9P2W9,Q99IB8-PRO_0000045600,1
C9JUH5,P06929,1
Q08722,P06792,1
Q86VP1,P24830,1
Q9BU61,Q77M19,1
P52597,P03129,1
Q96BJ3,P03118,1
P31151,P90495,1
Q9Y5J1,Q32ZE1-PRO_0000435829,1
Q92841,P19712-PRO_0000038050,1
Q16540,I6TAH8,1
O60506,P21605,1
Q9NZE8,A0A024B7W1-PRO_0000443019,1
O75616,P69723,1
Q9NWW5,Q99IB8-PRO_0000045600,1
Q9HAV7,P03428,1
Q96ME1,P06429,1
P25685,P03431,1
Q96JB3,Q2I360,1
Q9P015,I6TAH8,1
P49721,Q2MG95,1
Q8NHP6,YP_009227204,1
Q15365,A5Z256,1
Q9Y6M1,Q6VGS8,1
P00403,P06788,1
O14975,P03468,1
O00716,P03129,1
Q9UJ14,P69901,1
P46782,P19712-PRO_0000038050,1
Q6ICM0,P06788,1
Q9H5Q4,C5E519,1
P07237,B4URF7,1
Q16585,P69901,1
Q9Y6J8,Q8JSN8,1
P19086,P08563-PRO_0000041303,1
P51572,P03454,1
Q9Y2R0,P05777,1
P46782,P03496,1
Q86UE4,P0DOE9,1
O60831,P03177,1
Q9UJV3,P0CK48,1
Q7Z7M9,P06428,1
P16403,Q20MH3,1
P55036,P06463,1
O00459,Q9WPI5,1
E9PH82,P03428,1
Q8TBC3,P06788,1
Q9Y262,H9XIJ5,1
P83881,P05777,1
Q7Z736,Q1K9H5,1
Q5UCC4,YP_009227203,1
P08670,P16727,1
P17947,Q69022,1
O14579,P0CK56,1
P29966,P06460,1
P04150,A0A288CFT1,1
Q92769,P03433,1
Q96S52,YP_009227203,1
Q9NTJ5,P06792,1
Q9Y247,P06428,1
Q9NR12,P0CK56,1
O14737,YP_009227199,1
Q13151,Q8AZK7,1
Q93062,Q04360,1
Q15717,P05777,1
Q92688,Q05322,1
O43175,P03470,1
P19474,P03427,1
Q13618,P17387,1
P31040,P04601,1
P78381,P06460,1
Q6ZN40,NP_705926,1
O43278,P06929,1
P17152,O36551,1
P61769,P03203,1
Q13636,YP_009227198,1
E9PF18,P06465,1
Q13724,P03246,1
P11413,P03496,1
P05783,NP_751919,1
Q16555,C5E522,1
EBI-6269288,B8PZP3,1
P46087,P09992,1
P11387,P14079,1
P20248,P03204,1
P22736,P36778,1
P61981,P03496,1
Q96GC5,P03466,1
Q8N983,P03466,1
P62841,P05780,1
Q96IX5,Q77M19,1
Q9Y653,P06792,1
P55081,P04620,1
Q14165,P29991-PRO_0000037945,1
P60228,P06821,1
P29590,F5HCM1,1
Q9Y320-1,Q99IB8-PRO_0000045596,1
Q8NEB9,Q17UT5,1
Q9BZZ5,P06932,1
Q9HCD5,P15682,1
Q13586,P0C739,1
Q16576,P15659,1
P18545,P0C762,1
P08579,Q20MH3,1
Q9H4L4,B4URF7,1
Q14318,Q66479-PRO_0000039497,1
Q8IWZ3-2,P88996,1
P17676,Q69027,1
P07858,P06460,1
Q8IYX8,P03211,1
Q02978,P03496,1
P53634,P04578,1
O00483,P03468,1
Q9BV38,P17382,1
Q15084,P15682,1
P40926,P05777,1
Q16254,Q9DUG7,1
Q96DI7,P04620,1
P13674,P04578,1
Q9Y2R5,P29991-PRO_0000037936,1
P43307,YP_009227200,1
P51648,I6T1Z2,1
O75534,YP_009227202,1
P28331,P17385,1
Q9NUJ3,C5E526,1
Q9HD26,A4URT5,1
Q9H6F5,E5LBU3,1
P11166,P03468,1
P40429,P06927,1
P48643,P09992,1
O95674,P06792,1
P61254,P03470,1
P82673,P03496,1
P36952,P36799,1
P04792,P03118,1
Q96DA6,P29996,1
P53999,P15682,1
P82932,P14079,1
P62191,K9UT94,1
P23368,YP_009227196,1
Q03169,P03496,1
Q92598,P15659,1
P04637,P06790,1
P35268,P04487,1
Q15046,P06821,1
Q15654,Q1K9E3,1
Q9Y6N5,P03428,1
Q9P2R7,P0DOE9,1
Q15022,Q9QLP4,1
Q9H496,G3CKS7,1
Q9Y2T1,P03495,1
P61626,P0C1C6,1
Q8WUY1,P03452,1
P09234,P03430,1
P43307,P03431,1
Q00839,P03470,1
Q9Y2R5,I6TAH8,1
P27105,P03470,1
Q00765,P17385,1
Q00839,P21605,1
Q9H0U3,YP_009227203,1
P06733,P05780,1
P49588,YP_009227202,1
P82930,P03431,1
P27797,NP_751920,1
Q9UQ13,O40917,1
P43629,P29996,1
P82650,Q05323,1
Q96FQ6,P06477,1
Q13547,P03204,1
Q6SZW1,Q32ZE1-PRO_0000435839,1
Q16236,P06423,1
Q9UBS4,P03508,1
P62491,Q77M19,1
P28065,P13285,1
Q8WVD3,P17387,1
Q00577,P03470,1
Q86Y07,YP_009227203,1
Q96DF8,YP_009227205,1
O95999,P06930,1
P17844,NP_751919,1
Q13151,P03454,1
Q96JJ7,P06461,1
O75880,P24835,1
Q8NDF8,Q76RF6,1
Q9NS61,Q8JSN5,1
P05161,P03070,1
O15270,Q20MH8,1
Q12846,P06792,1
O00429,P05780,1
O75688,K9UT94,1
P68363,Q77M19,1
Q96RQ3,P04487,1
P29353,P06788,1
P35232,Q05322,1
Q02750,P10204,1
Q5T653,Q1K9H2,1
Q9NX63,P05777,1
P50402,Q77M19,1
Q9BRU9,A0A024B7W1-PRO_0000443019,1
Q01105,P09992,1
O14967,YP_009227201,1
P06576,P06429,1
Q8N6N3,A0A024B7W1-PRO_0000443032,1
Q9NZI7,Q77Q82,1
P39687,P29991-PRO_0000037946,1
Q99460,YP_009227204,1
P49458,YP_009227205,1
Q9NXH8,Q69117,1
Q9Y6N1,P03468,1
P11940,Q9J0X9,1
Q9Y262,Q99IB8-PRO_0000045592,1
Q5T124,P0C762,1
O00505,P03496,1
Q96QF0,P06422,1
P82912,P03433,1
O75489,P03428,1
Q96RF0,P17388,1
P20248,P06788,1
P78347,Q8JPQ9,1
I3L0L0,P06929,1
Q02878,P14079,1
Q969X5,P06461,1
Q9P032,Q77M19,1
Q9UBX5,Q66479-PRO_0000426156,1
P62070,P05780,1
P78362,P15682,1
P19784,P04618,1
P14209,NP_751926,1
P01375,Q1M1E0,1
Q99640,YP_009227196,1
P55084,O40918,1
Q04941,Q9WMX2-PRO_0000037550,1
P13804,P03428,1
O00232,P03452,1
P62857,P05777,1
Q96JJ7,P0CK49,1
P23434,Q99IB8-PRO_0000045601,1
Q9NPF4,Q76RH5,1
Q9Y6N5,Q6VGS8,1
Q8WYA6,Q32ZE1-PRO_0000435842,1
P07900,P00524,1
P15153,Q02840,1
P09012,P03470,1
O96017,P06726,1
Q16629,P03430,1
P48047,Q20MH4,1
O95377,P24835,1
Q15369,P03129,1
P46778,P05777,1
O15533,Q8JSN8,1
Q9NZN4,P05777,1
Q9Y6V7,P04591,1
E9PF18,P36827,1
Q9NV70,O36551,1
P50914,Q20MH0,1
P30101,Q99IB8-PRO_0000045596,1
P62263,P05780,1
Q8IVT5,P17387,1
F5H669,P03428,1
Q6P1J9,YP_009227203,1
Q86U06,P04590,1
Q07065,P04578,1
P49755,YP_009227204,1
O43707,Q1K9H5,1
P07093,Q2HRB6,1
Q96LP2,B4URF7,1
Q9NPC7,P06429,1
P35414,P29996,1
P04792,P06790,1
P05091,P06821,1
P05412,E7DBL9,1
Q9Y5M8,P06460,1
Q5BJH7,P29991-PRO_0000037944,1
Q6P1W5,P03410,1
Q8NEY8,P03428,1
Q8TCT9,C5E519,1
Q13637,P0CK49,1
B0QYN7,Q89268,1
Q9UBS4,P06821,1
Q14696,P06429,1
Q8NE86,P29991-PRO_0000037944,1
Q9UNM6,YP_009227203,1
Q8IUZ0,YP_009227199,1
Q7Z7H8,P17383,1
P05204,P06788,1
A0A0A0MSG2,P06465,1
Q9Y6N5,P03070,1
P67936,Q99IB8-PRO_0000045599,1
P63241,P06821,1
O75688,P05780,1
Q8NFH5,P10205,1
Q6P1M0,P0CK56,1
P35520,P06788,1
P02511,P23372,1
P61020,P0DOE9,1
P25685,P17385,1
Q8NEW0,P0C739,1
Q96FJ2,Q6SW29,1
P19013,Q805H7,1
P19013,P11258,1
P10321,B4URE7,1
P48643,P12977,1
P53801,P03246,1
Q99613,P15682,1
Q9HBM0,YP_009227200,1
Q8NET6,Q99IB8-PRO_0000045596,1
P61289,P03470,1
Q9BWM7,P06460,1
P06400,Q9DUG7,1
Q06330,Q3KSV2,1
Q14257,P03454,1
Q9H190,P03495,1
P49760,P03129,1
P51116,P03428,1
O60831,B8ZX49,1
Q9Y2S7,P03118,1
Q9BT92,P06428,1
Q05519,P03470,1
Q14188,P36801,1
P61769,P06932,1
O15173,P29990-PRO_0000037929,1
Q8WUM4,B4URE7,1
Q13232,P03182,1
O95817,Q9DUG7,1
Q7Z4Q2,C5E519,1
Q15427,P03427,1
P09382,P06821,1
Q58FF3,Q99IB8-PRO_0000045597,1
Q96IT1,P04288,1
Q96KC8,YP_009227203,1
P62314,P03427,1
P36542,P15659,1
O95758,P15682,1
O00767,P69901,1
Q12893,P06460,1
P53007,P03452,1
P27449,P06429,1
O95816,Q9DUG7,1
Q99956,C5E519,1
Q71U36,P24772,1
Q96HH9,P06461,1
Q9Y676,Q05323,1
Q5SRD1,I6T1Z2,1
O60506,P05777,1
Q15361,P36817,1
Q9NZI8,P04487,1
Q9Y3B6,YP_009227196,1
Q9GZV8,P08393,1
O00231,P03470,1
P49023,P03225,1
O14773,E5LBV4,1
Q9P0J0,P03431,1
P09012,P29991-PRO_0000037946,1
Q13155,P05780,1
P82675,P03496,1
Q99832,P03427,1
Q3B726,YP_009227196,1
Q00526,F5HC81,1
Q9UPU7,Q9WMX2-PRO_0000037548,1
Q9NP87,P03410,1
P43686,P06821,1
Q9BWU1,P0DOE9,1
P28066,P05777,1
Q9BZQ6,P04578-PRO_0000038427,1
D6RJ07,P03431,1
Q8IV08,P06927,1
P24864,C6L852,1
O95816,W6AVY5,1
P52815,Q5EP28,1
Q9Y2Y4,E7BBT6,1
Q92973,P29990-PRO_0000037929,1
Q2TBE0,Q80HW9,1
Q96S55,YP_009227202,1
Q9P035,Q99IB8-PRO_0000045602,1
P54727,P03470,1
O00264,P06792,1
Q9NPA8,C5E524,1
EBI-7794107,Q8V1H6,1
P28070,Q2MG95,1
P31942,P04620,1
Q8N6L1,Q77M19,1
P33993,P03496,1
O00339,P36817,1
P12838,P0C1C6,1
Q9BX68,P06477,1
Q14699,P03182,1
Q06587,P06932,1
A0FGR8,Q77M19,1
P55884,P03433,1
P04733,P06463,1
P19525,P04591,1
Q14BN4,YP_009227205,1
P47914,P27958-PRO_0000037566,1
Q9Y2R0,O36551,1
Q8NC44,P24835,1
P04406,P15682,1
P61981,Q8AZK7,1
Q92831,P14079,1
P07858,P0CK48,1
P15880,P29990-PRO_0000037929,1
O76050,P06430,1
Q99729,YP_009227196,1
Q99623,P17385,1
P05455,P15682,1
P31323,P03259-2,1
Q9UDY4,B8ZX49,1
Q9ULM6,E5LBX2,1
Q99417,Q1K9H5,1
O95236,P03225,1
P19838,Q6VGT6,1
Q8IY81,Q05127,1
Q9UNE7,C5E527,1
Q8N806,Q8JSN5,1
Q96C01,P04020,1
P34932,P06821,1
P62861,P04487,1
E5RG17,NP_751919,1
P55036,YP_009227203,1
P02775,P29996,1
Q9NVL8,Q6VGT1,1
P46776,P03470,1
O43252,YP_009227199,1
Q9Y5V3,Q9WMX2-PRO_0000037548,1
O75506,P15659,1
P28070,P27958-PRO_0000037577,1
Q15293,Q1K9H5,1
Q9BZF3,Q9Q2G4,1
Q9BYC5,P04578,1
Q9P0K7,P0DOE9,1
P27105,P03427,1
Q16527,P03246,1
P34932,Q8JPQ9,1
Q9NR19,Q2I360,1
P17858,P04620,1
O75348,Q0A2H1,1
O00505,P03211,1
Q96GD4,Q77M19,1
P05141,P03454,1
P10644,P17388,1
G5E9A6,P06821,1
Q9NPH5,P03087,1
Q9BVK6,P0DOE9,1
Q9Y6G9,P06821,1
P17931,Q05320,1
P09758,P27958-PRO_0000037576,1
O00560-1,O41955,1
Q9UJY1,P03427,1
Q14186,Q2PRM9,1
Q9Y3F4,Q6QDQ4,1
Q92831,P04015,1
Q99623,P06927,1
P62249,Q8AZK7,1
Q15005,YP_009227200,1
P16070,Q2MG95,1
Q9NWU5,P29991-PRO_0000037936,1
Q63ZY3,P0CK58,1
O96006,P06486,1
P14618,P03129,1
O96000,P06463,1
O75190,P03452,1
P06239,P03079,1
Q92499,C5E522,1
P09651,P59595,1
Q99873,O36551,1
Q96L92,P03126,1
A8MU27,P19893,1
P27797,P04578-PRO_0000038427,1
Q9NS86,P03470,1
Q9Y5Z9,P03468,1
Q9UM00,P29990-PRO_0000037929,1
P49458,P03427,1
Q15631,NP_751919,1
Q10713,Q1K9H5,1
Q7L0J3,Q77M19,1
Q8WZ19,E7BBT6,1
Q9H6F5,P27958-PRO_0000037576,1
Q9H074,P29991-PRO_0000037946,1
P13861,P68716,1
Q9P270,P06464,1
Q03135,P06927,1
P52907,P29990-PRO_0000037929,1
P50222,P03070,1
Q9BQG2,YP_009227197,1
Q9Y6A4,Q32ZE1-PRO_0000435842,1
Q8NBQ5,P03452,1
P26038,P05777,1
Q86Y07,YP_009227196,1
Q9H8Y8,Q99IB8-PRO_0000045602,1
Q9BRL6,P03454,1
Q96GQ7,C5E522,1
P38159,P03454,1
Q9UH99,YP_009227200,1
P23921,YP_009227197,1
Q9NP72,P69901,1
Q5T280,P06428,1
P48643,Q1K9H5,1
P49321,YP_009227200,1
Q01105,P03211,1
Q9BPW8,YP_009227198,1
Q13363,P03255,1
Q8IV08,P0C739,1
P22736,P06423,1
O95470,P06821,1
Q07973,P03468,1
P25685,B4URF7,1
Q9NQT4,P04620,1
P12268,Q77M19,1
Q9Y657,P03470,1
P02795,P36827,1
Q96G03,YP_009227199,1
Q9NSC5,YP_401728,1
Q7KZF4,P03470,1
P05556,P03087,1
Q9BX59,P04578,1
Q9UMX0,P17385,1
Q96FZ2,YP_009227202,1
P49023,P06931,1
Q9UL15,YP_009227198,1
O95786,Q6UY62,1
Q9H4Y5,P06788,1
Q9UBB4,P03468,1
P02647,O41963,1
Q96JJ7,Q20MH8,1
Q16611,P24356,1
Q5T447,D2XQB9,1
O94766,Q20MH4,1
O75608,YP_009227197,1
Q9BRQ6,O36551,1
P42892,P69901,1
Q9NXW2,P03182,1
O75688,P06428,1
Q9UQ80,P03470,1
P50402,P06927,1
Q96HA8,P06932,1
Q00403,P03070,1
O94906,I6T1Z2,1
Q8WXD5,P12520,1
O95232,P03427,1
P62829,P03427,1
P53803,Q98140,1
Q9UM11,P06921,1
O94992,P04608,1
P20645,B4URE7,1
Q9NYJ8,Q8JSN5,1
Q13190,YP_009227196,1
Q6DKI1,YP_009227196,1
P11021,NP_751920,1
Q71DI3,P03428,1
Q8IUD2-2,P29991-PRO_0000037946,1
P68133,P03454,1
Q96I25,YP_009227201,1
Q9UNM6,P03431,1
P49756,YP_009227196,1
Q96AG4,P03454,1
P12931,P06821,1
Q8N6T3,Q1K9H5,1
Q9H501,P29991-PRO_0000037946,1
Q6ZMU5,P06429,1
O43395,F5HFL9,1
Q9Y692,Q0A2H1,1
Q9UQF2,P20505,1
Q9Y6N5,P06428,1
P62191,P0CK58,1
O14656,P04578,1
O15226,O41958,1
Q9NS73,P06932,1
P07951,P03470,1
Q3MJ40-1,O41932,1
Q3ZCQ8,P29990-PRO_0000037929,1
Q9P2Y5,Q2RBU1,1
Q9UKB1,P03070,1
O94776,YP_009227196,1
P18077,Q1K9H2,1
Q969H6,P14079,1
Q13572,P06427,1
Q5VWQ0,Q32ZE1-PRO_0000435829,1
Q8N9N5,P03428,1
Q9UHV2,P0C6N0,1
Q2TB90,P03496,1
O43402,YP_009227197,1
O14744,P03470,1
Q15365,P06921,1
O14908,P06463,1
E9PIL3,P03126,1
P62241,P15659,1
Q9H4B7,P17389,1
Q969I6,Q76R62,1
P62140,P03468,1
O43809,P05777,1
Q9Y305,P03452,1
P61313,Q0HD54,1
P46459,P03470,1
Q9H7B4,NP_751927,1
P82914,P05777,1
Q4G0J3,P03129,1
P04083,P03431,1
Q9P086,P36780,1
Q96AM1,P06927,1
O15235,P17387,1
P06733,P06921,1
P29466,P07385,1
Q8IZ52,D2XQB9,1
P61254,EBI-6857440,1
P02511,P10191,1
Q9UHY1,P06921,1
P41250,P06821,1
Q14790,P06422,1
P17936,P06932,1
Q92598,P21698,1
P55209,Q77M19,1
P53007,Q77M19,1
Q8NBU5,P29991-PRO_0000037944,1
O75964,P05780,1
Q9HDC5,YP_009227204,1
Q8IV39,P29996,1
P07305,Q05127,1
Q5JSB6,P03129,1
P07737,Q9WMX2-PRO_0000037544,1
A0A0C4DGB5,P06788,1
Q01780,Q05127,1
Q96N66,P0C739,1
Q9Y679,YP_009227204,1
Q9Y2V7,Q20MH4,1
P11940,P16749,1
P55199,YP_009227205,1
O00483,P06792,1
P27824,O09720,1
Q9Y6H1,W6AVY5,1
P49006,Q1K9H5,1
O75955,YP_009227201,1
Q8IYB3,P03470,1
H0Y4G9,NP_751927,1
Q9BU76,YP_009227196,1
Q14596,YP_009227200,1
Q9BT22,P29990-PRO_0000037929,1
P30041,P06821,1
Q9Y5V3,Q5EP37,1
O43251,P0C0U1,1
Q969V3,P05777,1
Q8IWC1,Q1K9H5,1
Q13620,YP_009227204,1
Q13427,Q805H7,1
Q16629,P04015,1
Q15050,P03496,1
Q9Y6M5,P03468,1
P41218,P06725,1
Q05086,P06462,1
Q8IZ07,P03246,1
Q9BUB5,P24835,1
Q96JJ7,B8ZX49,1
P62750,P05777,1
P63104,P06821,1
O75821,B2BUF1,1
Q9H936,Q77M19,1
Q14738,P08563-PRO_0000041302,1
P78371,P17388,1
P06703,P03452,1
P00387,P04578,1
A0AVG3,P0CK48,1
Q9BZE4,P05777,1
Q9BRP8,P17763-PRO_0000264658,1
O95298,Q32ZE1-PRO_0000435839,1
A0A3B3IS20,P12848,1
Q9UGY1,P04591-PRO_0000038596,1
P52429,YP_009227198,1
Q14257,P0CK56,1
Q9NXH8,P03225,1
P29074,P03126,1
O60831,K9UT94,1
Q99623,P05777,1
P40939,P17382,1
P04792,P05777,1
O00743,P03452,1
Q96NY8,Q786F2,1
P62195,P03259,1
Q53GQ0,P03468,1
Q9Y4P3,P03470,1
Q13111,H9XIJ5,1
Q9UFG5,P29991-PRO_0000037944,1
P04844,P03427,1
Q8N163,Q05323,1
P0DP58,Q8JSN8,1
P16070,Q9DUG7,1
Q16555,P06821,1
O60812,I6TAH8,1
A0FGR8,P29991-PRO_0000037944,1
P07355,P03508,1
Q9NXS2,P06927,1
K7EIK7,P06428,1
Q9BQT8,Q77M19,1
P62829,Q997F2,1
O14672,P69901,1
Q99623,P06792,1
Q9C0E8,P06460,1
Q01813,Q20MH8,1
Q9H5V8,P13285,1
Q8N5Z5,P06821,1
Q86VU5,P15659,1
Q969X5,P0CK56,1
P29966,P03081,1
P04035,Q99IB8-PRO_0000045602,1
Q9UBF2,P03452,1
Q9HD23,Q99IB8-PRO_0000045592,1
Q14533,P36791,1
Q5VTE6,I6T1Z2,1
Q96J84,P0CK58,1
Q3KQU3,Q8AZJ3,1
P07237,YP_009227198,1
Q8NCP5,Q80908,1
P55884,Q6QDQ4,1
O43504,B4URE7,1
Q12800,Q77Q82,1
P22736,Q9WMX2-PRO_0000037545,1
Q86SX6,Q99IB8-PRO_0000045592,1
Q96D09,P03225,1
Q86V81,P03470,1
Q86T24,YP_009227205,1
Q8NC51,Q8AZK7,1
Q9Y2B0,P16749,1
O95817,Q20MH0,1
Q6NUQ1,B4URF0,1
O75348,Q20P38,1
P68400,P06464,1
P78560,P14079,1
P02794,P27958-PRO_0000037576,1
Q9NRP0,P69901,1
Q96MT8,Q99IB8-PRO_0000045599,1
Q99538,P06463,1
Q5TAQ9,P12520,1
P05198,P05777,1
Q15424,P15682,1
Q5JPH6,YP_009227202,1
Q71UM5,P30119,1
Q5XKP0,P05780,1
O95757,P21698,1
Q9Y678,P29990-PRO_0000037929,1
P05165,P04487,1
Q8NBX0,Q32ZE1-PRO_0000435839,1
P13807,P06428,1
P60900,P09992,1
Q9H9B4,Q77M19,1
Q13283,P04578-PRO_0000038427,1
Q8N163,P06821,1
P42680,Q9WNA9,1
P52294,P16727,1
P62834,P03182,1
Q92890,YP_009227199,1
P42568,Q76RH5,1
O14787,Q77M19,1
O94905,P05777,1
Q969X5,P04601,1
Q96BR5,Q77M19,1
Q9Y6N5,P69901,1
Q92993,A0A220NMU2,1
Q8IYM9,P03129,1
P05787,P29991-PRO_0000037945,1
P49458,P04620,1
P25685,P06788,1
P11940,Q9WPI5,1
Q9H1E5,P29996,1
P05783,P05777,1
Q9P0L0,Q9WMX2-PRO_0000037551,1
Q9UNM6,P09992,1
P17980,P15659,1
I3L0K7,P03468,1
Q7Z2W9,A0A024B7W1-PRO_0000443019,1
Q9UKD2,P15682,1
P36957,Q99IB8-PRO_0000045598,1
A0PK00,YP_009227203,1
P04233,P03431,1
Q9UJV9,YP_009227199,1
Q71RC2,Q6QDQ4,1
Q05639,P12792,1
Q9Y4K3,P12792,1
Q8IUE6,YP_009227197,1
P29590,NP_751919,1
P20618,P13285,1
Q9P086,Q77UU1,1
Q9UKM9,P03496,1
Q8TD31,Q2KRY7,1
Q7Z2T5,P17383,1
P55916,P03495,1
Q86W33,P06428,1
Q9UKK9,Q32ZE1-PRO_0000435838,1
P48729,YP_009227196,1
P80723,P03470,1
P41567,Q8JSN5,1
Q16254,P06788,1
Q5UCC4,YP_009227204,1
P05388,P15659,1
Q969F0,P06792,1
Q9NPF4,Q77M19,1
Q16630,P03470,1
P62081,P06788,1
Q9UNM6,YP_009227197,1
Q9NPB0,P0C739,1
P50991,P21698,1
EBI-4399559,P0DOE9,1
Q9Y376,P17387,1
Q96SH1,P06465,1
O15173,YP_009227198,1
Q9Y4E8,I6T1Z2,1
Q96J86,P29996,1
Q9NQB0,Q99IB8-PRO_0000045596,1
Q99460,P06463,1
P30519,YP_009227196,1
Q99832,YP_009227202,1
Q9UBK9,NP_803144,1
Q6PIU2,P06461,1
O14818,Q2MG95,1
P35080,P03177,1
P56134,I6T1Z2,1
P63104,P03428,1
O60701,P05780,1
P12273,P21605,1
Q8TC12,P06792,1
Q2YD98,YP_009227205,1
P50990,P15682,1
P05412,Q89268,1
Q9Y277,P04578-PRO_0000038428,1
Q9BZW7,P12792,1
P07339,P06428,1
Q9Y6D9,P12792,1
P25205,P15682,1
Q9NXR1,P03182,1
O00560,P0C739,1
P29590-8,P03255-1,1
Q9BVP2,C5E519,1
P60900,Q1K9H5,1
Q9BZK7,P17387,1
Q8IY26,P06460,1
P31689,Q77M19,1
P04637,P03126,1
P42892,Q69117,1
P13929,Q99IB8-PRO_0000045600,1
Q9Y2G8,YP_009227203,1
Q99460,P03430,1
P17676,P03120,1
P45880,P05780,1
P04792,P06921,1
P61247,P05780,1
P54105,P03470,1
P24557,P0CK49,1
P78536,YP_009227196,1
P25705,P05780,1
Q08380,P03454,1
Q9BQE3,Q05322,1
Q96HH9,P69901,1
P20226,A0A288CFT1,1
Q9NX61,P06792,1
Q16850,YP_009227197,1
O75152,Q805H7,1
O94763,P17367,1
O76050,P06788,1
Q16236,Q77UU1,1
O95817,Q5EP37,1
Q8N1F7,Q20MH8,1
O43889,P0C6Z3,1
Q86TG7,Q05323,1
Q96JC1,P06921,1
Q9NVP1,P29991-PRO_0000037936,1
P50502,P17385,1
Q8TAA9,O36551,1
Q86YD7,P03129,1
Q96QV6,P03466,1
E9PH82,P03433,1
P20700,Q9WMX2-PRO_0000037546,1
Q12959,P04019,1
Q96D09,C5E526,1
Q9NQ55,Q05322,1
P62191,P30119,1
Q9UNF1,P06930,1
Q13769,YP_009227199,1
Q99856,Q99IB8-PRO_0000045595,1
P63244,P03206,1
Q9BRX8,Q99IB8-PRO_0000045600,1
Q6NVV1,P04487,1
O95298,P36801,1
Q99442,P29991-PRO_0000037944,1
Q9NRD1,P04578-PRO_0000038428,1
P78316,YP_009227203,1
Q9HDC5,YP_009227203,1
O95573,P03508,1
Q9NZI8,Q1HVF7,1
P62191,YP_009227204,1
P11279,Q77M19,1
A0A0C4DGQ5,P06465,1
Q13895,Q05127,1
Q9UKX7,Q8JSN8,1
P63208,Q76VT2,1
P21673,P69722,1
Q92526,Q194T2,1
Q8NDX5,P03129,1
P28074,P13285,1
P08670,P06463,1
Q9UKV5,P69901,1
Q9BQB6,P03182,1
P02760,Q99IB8-PRO_0000045600,1
Q9Y3D8,NP_751927,1
Q8TEB1,P12504,1
P17480,P17382,1
P98194,P69901,1
P14921,P14079,1
O95817,Q2MG95,1
Q07812,P03495,1
Q15059,YP_009227205,1
Q15166,Q9WMX2-PRO_0000037550,1
Q9P0T4,P14079,1
F5GY05,NP_803144,1
P56181,P06477,1
Q9NWQ4,A0A024B7W1-PRO_0000443019,1
Q96EY1,Q2MG95,1
P22626,Q8AZK7,1
P11474,P36780,1
P05164,P0C1C6,1
F6SYF8,P0CK48,1
Q53GQ0,Q9WMX2-PRO_0000037541,1
P12235,P03496,1
Q13347,P03427,1
O43809,P15682,1
Q9NW15,Q32ZE1-PRO_0000435839,1
P08107,P29846-PRO_0000037677,1
Q15036,P17389,1
P14618,P24835,1
Q6NUK1,Q99IB8-PRO_0000045597,1
P62333,P03431,1
Q9NTK5,Q1K9H2,1
Q9UH62,P06460,1
A0A087WUS5,P03129,1
P53618,Q8JPQ9,1
Q9NZJ7,P06927,1
Q96AX2,P03427,1
P43630,P04578,1
Q92804,P03454,1
Q9NVV0,YP_009227204,1
P46778,Q77M19,1
Q14393,Q2MG95,1
Q9Y5Q8,Q77M19,1
P14625,P03452,1
O76024,P06460,1
P41221,P03220,1
P20290,P15682,1
Q15629,P0C739,1
O00206,P26672,1
Q13015,P17385,1
M0QXB4,P06428,1
Q13586,P04578,1
Q13416,P03211,1
P22674,A0A288CFT1,1
Q8TAU3,P03126,1
Q9BYD3,YP_009227196,1
A0A0A0MTL5,P03129,1
Q9NR50,YP_009227205,1
Q14103,P15682,1
Q12904,P03468,1
P11413,P03508,1
Q9HCU5,P0C739,1
P46778,P69901,1
Q9BUB7,Q9QLP4,1
P12814,P03454,1
P01009,NP_751919,1
Q8IZ52,P69901,1
P20618,Q1K9H5,1
P35998,Q8AZK7,1
Q8N1B4,P36780,1
Q8N766,P17385,1
Q99442,P06927,1
Q9BPW8,P0DOE9,1
P12956,P03430,1
Q8N766,YP_009227201,1
P54219,P03087,1
Q9UKM7,Q8JPQ9,1
Q9Y2G8,YP_009227197,1
Q8WU76,YP_009227203,1
Q96EC8,P03433,1
Q16629,P24830,1
P82673,P03466,1
O43251-6,P29990-PRO_0000037934,1
Q9Y4W6,P0DOE9,1
Q5H9R7,Q5EP37,1
Q9NZL9,O40945,1
O75844,Q32ZE1-PRO_0000435839,1
O75494,YP_009227204,1
O75844,YP_009227200,1
P0DI83,P0C6Z1,1
Q86WA8,Q20MH8,1
Q9Y3B4,P05780,1
Q08117,Q6VGT1,1
Q9Y4W6,C5E519,1
P61158,P24835,1
P82664,Q1K9H2,1
P35250,P24835,1
Q8IZ07,B8ZX49,1
P63279,P29991-PRO_0000037945,1
O15217,P12888,1
P35613,Q05322,1
P14678,P36801,1
P30050,P03454,1
P53801,P06460,1
P13639,Q77M19,1
Q13137,P03182,1
Q9BRK5,P05777,1
O95816,YP_009227197,1
P31350,YP_009227203,1
Q08AF3,P69723,1
Q13895,P05777,1
P25398,P15682,1
P68400,P03129,1
P49848,Q1K9H5,1
P62277,Q8AZK7,1
Q12905,P21605,1
P18621,P19712-PRO_0000038050,1
Q9HA82,YP_009227200,1
P10909,P06821,1
P78385,P36799,1
P06733,P03126,1
Q9NQX7,P0CK56,1
P15529,P08362,1
Q8N6M3,P03468,1
P62861,P06821,1
P84098,P03430,1
P05787,P05777,1
Q9UJS0,P06461,1
Q9NVP1,P03466,1
P26641,P05777,1
P39023,P03211,1
Q6ZPD9,P12520,1
Q9H936,P03428,1
Q15717,P03496,1
P17544,P0C746,1
Q96PZ0,D0UZP9,1
Q16656,P14079,1
Q5MNZ6,YP_009227202,1
Q9Y2Z0,F5HBQ9,1
P55081,P06932,1
O15269,P17389,1
Q13077,Q67296,1
Q5SQN1,YP_009227204,1
Q96A33,P12520,1
Q9Y6N9,P06464,1
Q7Z6J6,Q32ZE1-PRO_0000435839,1
O43765,P04017,1
Q15365,Q1K9H2,1
P38159,Q04360,1
X6R8F3,P06428,1
Q9NUP9,P03126,1
P31689,P03225,1
P62241,EBI-6857440,1
P62807,P03430,1
Q99832,P06429,1
P25685,P18099,1
P45880,P17385,1
P42677,P03430,1
Q14257,Q8AZK7,1
P60604,P17385,1
P62333,P0DOE9,1
P23284,P15682,1
B7Z4C8,P06788,1
O00257,P03129,1
Q99816,P08363,1
P22736,Q77UU1,1
Q8N5Q1,B8ZX42,1
Q8IYD1,P05780,1
Q01130,Q1K9H2,1
Q96DI7,O40939,1
Q8WYH8,P10224,1
P52294,Q32ZE1-PRO_0000435842,1
P19525,P29990-PRO_0000037929,1
P20810,P03470,1
P04049,P15054,1
P17980,P29990-PRO_0000037929,1
Q15370,D2CFJ1,1
Q15629,P03177,1
Q969N2,P0C739,1
Q8TDL5,P05777,1
Q3KQU3,P30119,1
Q13769,YP_009227203,1
O00165,Q8JSN5,1
P37268,YP_009227196,1
Q969Z3,Q32ZE1-PRO_0000435839,1
Q8N983,P03070,1
Q9UL15,B8ZX42,1
P39656,P05777,1
P17980,P03470,1
Q8N766,YP_009227200,1
Q13435,Q82506,1
Q96TC7,P03182,1
Q9NVJ2,P0DOE9,1
Q96MC5,P06827,1
Q96T37,P04620,1
Q9NY93,Q32ZE1-PRO_0000435829,1
Q13438,YP_009227203,1
Q9Y6M1,YP_009227196,1
Q99733,P15682,1
Q9Y6C9,P06460,1
P52292,P03466,1
P01130,P03452,1
P51523,P06422,1
Q8NDN9,Q69022,1
O00471,O36551,1
Q14684,C5E519,1
P35268,Q05127,1
Q9BVI4,YP_009227205,1
P46777,O41964,1
O95551,Q808S4,1
Q69YU5,P05780,1
Q14694,P15682,1
O94992,P29991-PRO_0000037946,1
O95154,P29991-PRO_0000037941,1
Q9Y230,P0CK56,1
Q6PF18,P06429,1
P27797,P05777,1
Q12894,YP_009227196,1
Q96PU8,P05780,1
Q969F0,P03410,1
P84157,YP_009227196,1
Q9UKT9,P68331,1
Q9NZL4,C5E519,1
Q9UMS5,P03087,1
O75387-1,P88995,1
P25705,P15659,1
Q00325,P15682,1
P40938,C5E519,1
P04196,Q99IB8-PRO_0000045596,1
O95365,A0A024B7W1-PRO_0000443019,1
Q6P2C8,P0DOE9,1
P08758,K9UT94,1
Q8N682,P29996,1
Q14684,Q05127,1
P62701,P05777,1
Q9H4H8,YP_009227196,1
P49755,I6T1Z2,1
Q9BPZ3,P17383,1
Q06055,Q9WMX2-PRO_0000037550,1
P05556,Q8AZJ3,1
P08195-1,Q99IB8-PRO_0000045596,1
Q5BJH7,P06792,1
Q9UPN7,P17386,1
A9Z1X7,Q9QLP4,1
P63151,P06463,1
P84098,P36801,1
P07437,P35256,1
O15372,P03470,1
P09769,Q8JSN8,1
P25398,B4URE7,1
Q12983,P04492,1
Q9NTJ5,P0C739,1
P50281,P0CK49,1
Q13424,P06463,1
Q15366,Q77M19,1
P50502,YP_009227201,1
Q86V85,YP_009227203,1
P07910,P03427,1
Q13620,EBI-15928529,1
Q16880,YP_009227196,1
O00303,P03454,1
Q96C57,P29991-PRO_0000037946,1
P84098,P03470,1
Q15942,Q2MG95,1
P33993,P26555,1
Q8N183,Q32ZE1-PRO_0000435839,1
Q9UMX0,Q9WMX2-PRO_0000037549,1
Q14376,P06788,1
Q96CP6,YP_009227200,1
Q6UXK2,B9A6D9,1
Q9Y6I9,P03087,1
Q2TAL8,YP_009227200,1
O15371,NP_786948,1
Q7Z6L4,P29996,1
P84098,P19712-PRO_0000038050,1
Q9BUZ4,Q1HVG4,1
F8VYE8,P06821,1
P46977,P06792,1
P62277,Q1HVF7,1
O00483,P03177,1
P62304,P04620,1
P50616,P03118,1
P04844,YP_009227203,1
Q12996,P04620,1
Q9H7D7,Q98143,1
Q5T7W7,P06930,1
Q15366,P09992,1
Q96EY7,I6TAH8,1
A6NCC3,P29991-PRO_0000037946,1
Q6UN15,I6T1Z2,1
O43390,P03427,1
Q99961,P03322,1
Q08426,P27958-PRO_0000037566,1
Q8IZ69,YP_009227196,1
J3KQ48,Q9QLP4,1
P33993,P05780,1
Q9H967,A0A024B7W1-PRO_0000443019,1
Q9UK41,P14079,1
Q6NXQ0,P36780,1
Q8IXK0,P06430,1
P78347,P03431,1
O76003,NP_751919,1
Q14116,P36801,1
O96005,Q99IB8-PRO_0000045600,1
Q9NP64,Q9WRJ7,1
O15372,Q32ZE1-PRO_0000435842,1
Q9NXF7,Q20MH8,1
P05783,P06428,1
Q15654,P10215,1
P62913,P03427,1
Q96K37,P06792,1
P17844,P29991-PRO_0000037941,1
O75964,P0C739,1
Q9BVC6,P36801,1
O14503,P03428,1
Q9BSD7,P03508,1
O75251,Q77M19,1
Q53H12,B4URF7,1
P50990,P69723,1
Q70UQ0,B8ZX49,1
O43791,P06422,1
Q13610,P03430,1
P28066,P29990-PRO_0000037929,1
P42167,C5E524,1
Q9NV96,P0CK58,1
P20226,P87662,1
P48643,P05780,1
P60903,P0CK48,1
Q96S52,P06460,1
Q11201,P29996,1
O15305,P06921,1
P63000-1,EBI-7355238,1
P61978,P05777,1
P49755,P06930,1
Q9UER7-1,P03243-1,1
P09661,P09992,1
P28300,P06464,1
Q7L2H7,P03470,1
Q07955,P05777,1
P68400,P16727,1
A1L0T0,P29990-PRO_0000037929,1
P0DMV8,Q89933,1
Q53GQ0,Q99IB8-PRO_0000045596,1
Q96QE5,P06423,1
P06748,P06428,1
P53801,P0C739,1
Q14103,P03470,1
Q6UB35,C5E527,1
Q96IX5,P03182,1
Q0P5N6,P06429,1
Q8WXU2,P14335-PRO_0000037710,1
P46783,P03454,1
P01889,P03431,1
O43707,P05777,1
Q70UQ0,B8ZX42,1
Q9BXS5,P18272,1
P50402,YP_009227196,1
P40692,YP_009227202,1
P04818,P03508,1
Q96N66,YP_009227196,1
P62244,P05777,1
P62249,P03430,1
E9PBF6,P03428,1
Q96EK4,P06930,1
P32121,Q9Q2G4,1
Q15287,Q1K9H2,1
P09651,P36827,1
Q96S52,P17385,1
Q8NC54,P0CK56,1
Q13227,P36778,1
Q6DD88,P06927,1
P13674,C5E526,1
P42224,Q4VCP9,1
Q8WWY3,Q2KRY7,1
Q15046,NP_579880,1
Q9HBM0,YP_009227198,1
P28799,P18272,1
O60783,Q05323,1
P62906,P15682,1
Q9NRX2,Q1K9H5,1
B4DM74,P03428,1
P78545,P24835,1
Q15750,P03182,1
Q68DY1,P10191,1
P19105,P05780,1
Q02878,P04487,1
Q01813,P04620,1
P34932,Q77M19,1
Q96TA2,P06930,1
P40189,Q2HRC7,1
Q15020,P03431,1
P46781,P05777,1
P62847,YP_009227196,1
P11021,P03118,1
P07355,P27958-PRO_0000037577,1
Q9C005,P03433,1
Q9Y3D9,P03470,1
P31785,P04578,1
Q9UHV9,YP_009227199,1
Q9BUZ4,P14335-PRO_0000037710,1
Q15369,P06788,1
Q9NY93,Q99IB8-PRO_0000045603,1
P53007,P29990-PRO_0000037929,1
Q6UX15,P0CK58,1
P26196,Q99IB8-PRO_0000045598,1
P55769,P04591-PRO_0000038596,1
P62306,P09992,1
P06400,P03129,1
Q9HB07,P36799,1
B5BTY4,P19712-PRO_0000038050,1
O14925,P15659,1
P82675,P03431,1
Q96AA3,YP_009227200,1
P28288,YP_009227201,1
O15111,YP_009227199,1
Q13033,P03485,1
Q14507,P03087,1
P50990,F5HC81,1
P06733,P24835,1
Q9H3N1,YP_009227203,1
O15260,P06463,1
Q6NT76,P03495,1
P54652,P03427,1
O15260,P17385,1
Q9Y6R0,P06464,1
Q9H0U4,Q77M19,1
P27797,YP_009227203,1
Q9UEG4,Q05127,1
Q9BTD8,YP_009227196,1
P35268,Q9WPI5,1
Q8N1B4,P03120,1
Q5SWX8,P03428,1
O95721,Q98136,1
Q1KMD3,P29991-PRO_0000037936,1
H3BSP9,P24830,1
Q9Y262,P03454,1
Q92598,P03430,1
P11169,P29996,1
Q86UE4,P15682,1
Q14444,P21605,1
Q9NQ39,P03466,1
P51648,P29991-PRO_0000037946,1
O00232,P15659,1
Q9NSC5,P03200,1
Q9C005,P03468,1
Q13287,B2BTY8,1
Q86SG4,P06429,1
O00391,P69901,1
B7ZAQ6,YP_009227204,1
P07196,YP_009227204,1
Q8N2K0,P0CK49,1
P03905,P06428,1
Q14790,Q77UU1,1
Q8IWX8,P36827,1
P30050,P04487,1
P60866,P03470,1
Q9BQE3,P03454,1
P05412,P20505,1
P11142,P03470,1
Q96RI1,O41949,1
P08172,K9UT94,1
O60779,P29996,1
Q9Y6N5,P04020,1
Q5H9K5,P14079,1
P30153,Q77M19,1
Q5T3F8,Q9WMX2-PRO_0000037548,1
O75323,Q8AZK7,1
Q15185,P05919,1
Q01813,P0C739,1
Q969N2,P06927,1
A0A0C4DG17,P36801,1
Q6UWJ1,P06792,1
Q9Y680,NP_751919,1
Q9NWW5,P29990-PRO_0000037929,1
Q8N684,P04620,1
Q13049,P06821,1
O15372,Q77M19,1
Q9UBS8,YP_009227205,1
Q9Y617,P06930,1
P17980,P0CK56,1
P51572,Q77YB1,1
Q15561,P03129,1
Q15633,Q2PJP0,1
P05141,P09992,1
Q147U7,Q2KRY7,1
Q8NC54,P69901,1
Q13227,P06422,1
F8VNR3,P06930,1
Q96T21,P03433,1
Q96HS1,P0DOE9,1
O43741,P06429,1
P46778,P03209,1
Q01813,P12792,1
Q6P1J9,YP_009227202,1
Q9P2C4,P06460,1
Q96N66,P0CK56,1
O43719,Q32ZE1-PRO_0000435842,1
Q13469,P04608,1
O43390,P03430,1
Q5T749,P15682,1
Q7L273,P12792,1
Q92974,P05777,1
Q8WZ19,P06430,1
P26639,P04591-PRO_0000038593,1
Q9GZM5,P17385,1
G5E975,P04608,1
P52298,P09992,1
Q9Y3T9,P03468,1
Q96I59,P04591-PRO_0000038593,1
O76021,P29991-PRO_0000037936,1
P55084,Q6DPW5,1
P26368,P03508,1
Q9BQA1,P36810,1
P51659,P03427,1
Q14134,H9XIJ5,1
P62081,P03427,1
P78330,P06429,1
Q96EY1,Q77M19,1
P62308,P15682,1
Q02539,Q89733,1
Q9NVH0,P05780,1
Q14103,Q8AZK7,1
P51784,P15659,1
P40616,P05777,1
P17936,P06430,1
Q15005,Q99IB8-PRO_0000045596,1
Q15038,P06788,1
Q9NP81,P06788,1
Q9UNS2,P05780,1
C9JGE3,P04620,1
Q9H257,P03508,1
P27797,K9UT94,1
Q96MT8,P14079,1
Q9HD26,P10240,1
O43237,P0DOE9,1
P14866,P03430,1
Q8IUR7,Q98143,1
Q13586,P03246,1
P16220,E7DBL9,1
Q8NHQ1,P06428,1
P78310,P03275,1
P31146,Q58HT7-PRO_0000268112,1
Q16537,P05919,1
Q9UJX3,YP_009227204,1
Q9Y265,P06821,1
H0YJ75,P03433,1
P21912,A0A024B7W1-PRO_0000443029,1
K7EQ78,P23372,1
P19338,P03332,1
O15381,YP_009227205,1
Q14444,P03427,1
Q96B97,P08393,1
P02794,P0CK48,1
Q6P996,A0A0C7TUY8,1
O95807,P03129,1
Q96JJ7,P06927,1
Q6P996,P03225,1
Q96PK6,B4URF7,1
Q9NVV4,A0A024B7W1-PRO_0000443019,1
Q9NVI7,P06927,1
Q9Y5S9,Q05323,1
P52272,P15682,1
Q8IUR0,P06821,1
Q13263,Q8JSN5,1
Q9BQE3,P03430,1
Q9UNX4,P04620,1
O95140,Q32ZE1-PRO_0000435839,1
Q7Z4H7,P10210,1
Q9H7E2,YP_009227202,1
Q9BRK4,P0C762,1
P10809,P15682,1
P33991,B4URF7,1
Q14790,P07385,1
Q01130,P36780,1
P02750,NP_751926,1
Q9NVI7,P03508,1
Q13247,Q82506,1
P11142,P03129,1
P45880,P04578-PRO_0000038428,1
P18847,P0C746,1
P63151,Q20MH0,1
P62834,P03470,1
P49368,Q2MG95,1
P78318,YP_009227202,1
Q96AB3,B4URE7,1
P42167,P03496,1
P35613,P29990-PRO_0000037929,1
Q99832,P29991-PRO_0000037940,1
Q8TE76,Q9WMX2-PRO_0000037548,1
P35080,P03496,1
P82673,Q05323,1
P09661,YP_009227196,1
O14787,P06428,1
Q16875,P03470,1
P23246,P05777,1
Q4V328-1,O41946,1
P82650,P17383,1
Q96DF8,C5E527,1
Q4KMQ2,YP_009227204,1
P25398,P06477,1
O15371,P03431,1
Q32Q12,P06930,1
Q9BQ16,Q9WMX2-PRO_0000037548,1
P21796,P04578-PRO_0000038428,1
Q02978,P06461,1
P10909,P69901,1
Q13620,YP_009227205,1
Q8NEF9,P29991-PRO_0000308465,1
P07858,P16749,1
Q14974,P15682,1
Q8TCT9,P06792,1
P27544,YP_009227203,1
P19525,P27958-PRO_0000037570,1
Q6P179,P04578,1
O60812,I6T1Z2,1
Q9Y230,P03496,1
O95429,Q9DUG7,1
P83881,P03427,1
P22492,P03496,1
Q8TCJ2,P06927,1
Q96IK5,P03203,1
Q8NCG7,P36827,1
P62917,P04487,1
Q99848,Q1K9H2,1
P18465,P24741,1
Q92997,P03431,1
Q9Y3B7,P09992,1
A6NKD9,Q77M19,1
Q12926,P03466,1
Q15773,Q77M19,1
Q9Y3Y2,Q82506,1
Q86VK4,P27915-PRO_0000037996,1
O75494,P03508,1
E9PJC4,P03452,1
Q8ND71,P03427,1
P18124,Q77YB1,1
Q68CQ7,I6T1Z2,1
P50991,P29990-PRO_0000037929,1
Q8NBS9,P06821,1
Q15369,A9YDK9,1
Q96FJ2,P03508,1
P07237,P03468,1
Q9BUK6,P24835,1
Q9Y3B7,Q1K9H2,1
Q8TCJ2,YP_009227197,1
Q5SNT2,YP_009227197,1
Q9UMS4,P03427,1
B8ZZN6,NP_579883,1
Q15424,Q05323,1
P18077,P03496,1
P14866,P05777,1
Q9H0C2,P29996,1
P10253,Q9WMX2-PRO_0000037548,1
Q15392,P06792,1
Q5VV42,P69901,1
Q14D33,P06428,1
Q06136,P06927,1
Q92831,NP_040311,1
Q9Y2C5,P03087,1
Q9NRX2,P03466,1
Q15370,Q84940,1
A0FGR8,P03182,1
P16070,P06927,1
O43169,Q77M19,1
P06400,Q6H1D8,1
P02794,Q69117,1
Q16352,P14079,1
P61201,Q99IB8-PRO_0000045598,1
P08240,YP_009227200,1
P52737,YP_009227205,1
P50416,P03508,1
P34932,P17389,1
P42166,P06821,1
Q96HR9,Q05320,1
Q9NYK5,Q1K9H2,1
P31943,P09992,1
Q9NWS8,Q32ZE1-PRO_0000435839,1
Q9BWG6,P03129,1
P20700,P15659,1
P33897,P06460,1
P62244,P06821,1
Q9NS69,P0DOE7,1
O95210,YP_009227196,1
P60709,P14340-PRO_0000037966,1
P04899,P06428,1
O43294,P03225,1
P02788,P0C1C6,1
P83731,YP_009227196,1
O60508,Q20MH3,1
O00115,P24835,1
Q7Z434,NP_803144,1
Q8IV08,YP_009227203,1
O15258,P04578-PRO_0000038428,1
Q71UM5,P03081,1
P51148,P03452,1
P07437,P12792,1
Q9Y5V3,C5E527,1
Q9UBS4,Q8JPQ9,1
Q07666,P00524,1
O15111,Q07857,1
P50402,P10218,1
Q96IX5,P06460,1
P11940,Q6QDQ4,1
P02795,O41952,1
Q9GZS3,Q76353,1
Q96S66,YP_009227196,1
Q96N66,Q2MG95,1
P48047,P17385,1
Q9H0H5,P06430,1
P11021,P04608,1
P25789,P03070,1
Q8TCT9,P17385,1
Q12905,P05780,1
Q7RTN6,P17387,1
Q8N7W2,P06430,1
Q9UBF8,P03495,1
Q9GZQ8,P03454,1
Q13347,P03129,1
Q92552,P03427,1
P31943,Q8JPQ9,1
Q96T49,P06429,1
P62258,P15682,1
Q92665,P17388,1
Q99729,Q05127,1
Q68EM9,P03087,1
Q15349,Q77UV9,1
P61289,NP_803144,1
P27694,Q89268,1
P07305,P05777,1
P04196,O41947,1
Q9Y2X3,Q20MH8,1
P11166,P05777,1
Q96S52,YP_009227201,1
P12004,P05777,1
Q9P032,P03452,1
O00425,YP_009227196,1
P62829,Q77M19,1
P51959,P27958-PRO_0000037566,1
Q9UMS4,P15682,1
Q92478,P10191,1
Q96CP6,YP_009227196,1
Q9HAT0,P03255,1
Q9BUJ2,Q1K9H2,1
Q16635,P12977,1
P22087,P17389,1
P24534,P05777,1
P31947,P03188,1
P49736,YP_009227201,1
P54652,P24772,1
Q969F0,P14079,1
Q9UKY4,P29996,1
P05062,Q76R62,1
Q9Y5G0,P0CK56,1
P55209,P05777,1
Q6ZMV9,H9XIJ5,1
Q8N5A5,P03129,1
Q9BRK4,Q8JSN8,1
P08238,Q05322,1
P50402,P06792,1
Q99447,Q66479-PRO_0000426156,1
P55084,Q194T2,1
P98175,Q32ZE1-PRO_0000435842,1
Q7KZF4,YP_009227202,1
P04637,P03427,1
P62424,Q20MH0,1
Q86V81,P15659,1
P40429,P03225,1
P10599,P15682,1
Q15020,P04608,1
P36542,P05780,1
Q9BS26,P06463,1
Q4KMQ2,P06792,1
P10809,Q69027,1
O60282,P03427,1
Q8TD31,P06428,1
Q92956,P57083,1
P14136,Q20MH4,1
P84090,P03452,1
P51572,Q77M19,1
P17813,P0C739,1
Q9NVJ2,P05780,1
Q9BQA1,P03427,1
Q9Y2G8,K9UT94,1
Q15637,P03508,1
Q8NEG0,P06429,1
Q96LI6,P03070,1
P62266,P03470,1
P19013,P06463,1
Q9Y3I0,Q9WMX2-PRO_0000037541,1
O94788,P03468,1
Q8N4L2,P69901,1
P62277,P03427,1
Q92985,P29128,1
Q7L2H7,Q9Q2G4,1
F8WB74,P06430,1
Q6ZNA4,Q8JSN5,1
Q9NQX7,P06461,1
P62829,P05780,1
Q9UKB1,Q84940,1
B4DLN1,P03428,1
P82921,YP_009227196,1
J3KT10,P06821,1
Q01167,Q77UV9,1
P27694,P03070,1
Q9UNM6,P15682,1
Q99873,P03185,1
P31948,Q77M19,1
P67870,Q6SW29,1
P67775,Q69027,1
Q9Y3B4,P15659,1
Q7L7L0,P03495,1
Q07666,P15659,1
P60604,Q20MH8,1
Q9BT43,P06429,1
Q9UKV5,P29990-PRO_0000037929,1
O96005,P04578,1
P27824,P17382,1
E9PDI4,P06428,1
P54136,P05780,1
Q66K89,Q8V1H6,1
P52907,P03452,1
P62829,P04487,1
P52292,P04620,1
P04844,P04578,1
Q13287,P24830,1
Q99816,P14076,1
Q9UHX1,A0A024B7W1-PRO_0000443032,1
Q99741,P03211,1
Q8WWY3,P15682,1
P39023,Q77YB1,1
Q12905,P17388,1
P23497,P03410,1
P62847,P03430,1
P38432,YP_009227205,1
P39656,P03246,1
P26842,P03087,1
Q96AA3,YP_009227198,1
O14933,P06477,1
P51817,Q89270,1
Q92844,Q49PX0,1
P11142,Q05322,1
Q8NFJ5,P06930,1
Q6IC98,YP_009227196,1
P17844,P19712-PRO_0000038050,1
Q9UKL0,P08393,1
Q9UNK0,YP_009227200,1
O00635,B8ZX42,1
Q14232,Q32ZE1-PRO_0000435829,1
Q9BRS2,P03427,1
Q02978,P15659,1
P68032,P15659,1
P30153,P03083,1
Q9Y6I9,YP_009227200,1
P22413,P03182,1
O00264,P0DOE9,1
O95219,Q9WMX2-PRO_0000037548,1
P52815,I6TAH8,1
G3V5R9,P68619,1
P00403,P03468,1
Q16589,P06429,1
P61803,Q77M19,1
P11172,YP_009227202,1
P28702,YP_009227199,1
O14735,Q5EP37,1
Q92973,P03107,1
P50990,P03470,1
P29966,P03225,1
Q9Y5S9,Q1K9H2,1
Q9UER7,NP_739591,1
Q9NV96,P69901,1
P82933,YP_009227205,1
Q99459,YP_009227205,1
P48643,P69723,1
Q69YU3,Q8JSN5,1
P12004,B4URF7,1
Q5SQN1,YP_009227203,1
P51812,P0CK58,1
Q86UE6,NP_751919,1
Q9NXH8,P0CK56,1
P06748,P0DOE7,1
Q9P000,F5HFG5,1
P60468,Q69117,1
Q9UBW8,P05780,1
Q13217,P04578,1
Q92841,P03427,1
O15173,K9UT94,1
Q96QF0,P06790,1
Q9Y5B0,P04608,1
P38919,P15682,1
Q9BTX1,YP_009227198,1
P27824,P03496,1
O75907,P0C739,1
Q12933,P0C722,1
O00629,P03070,1
Q9ULW3,Q05127,1
P14923,P03431,1
Q8WW24,P03410,1
Q16585,P06461,1
Q99653,P29990-PRO_0000037929,1
O43663,P05780,1
E9PFW3,P04591,1
Q15293,NP_789740,1
Q71RC2,Q6VGS8,1
P43304,P0C739,1
Q9H0U3,P04578-PRO_0000038427,1
P49406,P29991-PRO_0000037936,1
Q76N32,NP_751928,1
P60468,P03246,1
Q15329,P03129,1
Q13077,P0C736,1
P23588,P15682,1
Q9P246,YP_009227204,1
Q9NZL4,P03070,1
P42677,Q00335,1
O15523,Q9WMX2-PRO_0000037541,1
P26641,P29990-PRO_0000037929,1
Q5QP82,P29991-PRO_0000037945,1
O00629,P31345,1
P09601,YP_009227203,1
Q2NL82,P17383,1
Q14188,P03129,1
P51398,P03427,1
O95816,P10225,1
Q9H3G5,Q76RH5,1
P13010,P03427,1
P29966,P03496,1
O95639,Q3SBS4,1
Q8N5N7,P03466,1
Q9UBW8,P05777,1
P22626,Q5MJ03,1
Q9UK99,Q99IB8-PRO_0000045599,1
Q5JR04,P03431,1
Q07021,Q77M19,1
P56589,YP_009227200,1
O94763,P17383,1
P08195,C5E519,1
P61009,YP_009227198,1
P68104,Q77M19,1
A0A087X2G6,P36817,1
Q9NX61,P29991-PRO_0000037944,1
Q9H7D7,P05777,1
P61619,P0C739,1
P31689,P03427,1
Q9Y2U8,YP_009227203,1
Q99460,Q2MG95,1
Q96HS1,P05777,1
Q9BQB6,B8ZX49,1
Q7Z429,O41925,1
O94830,YP_009227200,1
P83731,Q0HD54,1
Q86U38,A0A024B7W1-PRO_0000443019,1
Q9HA38,P03495,1
Q8N5K1,YP_009227198,1
Q07817,P24830,1
Q9Y320,YP_009227196,1
P30408,P06428,1
Q8WV44,F5HFL9,1
Q96MT8,P14335-PRO_0000037710,1
Q9BT22,P29991-PRO_0000037944,1
Q16236,P36778,1
P09429,P06428,1
A6NK53,P03427,1
Q86VP1,P03195,1
Q96CN4,A0A024B7W1-PRO_0000443032,1
P20290,P15659,1
Q15738,P0DOE9,1
Q9Y692,P15682,1
Q96AE4,P03508,1
Q13283,P21605,1
Q8IUD6,E7BBT6,1
Q9Y5X1,Q9WNA9,1
P41221,P0CK56,1
Q8WWH5,P36827,1
P18859,P17385,1
Q15645,P05777,1
P33897,P06792,1
O75558,P10224,1
O75688,P03427,1
P40227,P03225,1
P52747,P17387,1
Q01113,P69723,1
P62750,P03454,1
Q9BW85,P04020,1
Q9UHD2,Q05127,1
E9PRY8,P04608,1
Q8TCT7,P03182,1
Q9NX74,P03496,1
P50990,P05777,1
Q13868,YP_009227196,1
Q96TC7,P06792,1
Q9Y2G8,YP_009227204,1
Q92504,P05780,1
Q13443,P06792,1
O14545,YP_009227197,1
O43559,Q9WMX2-PRO_0000037548,1
P00973,O89168,1
P42766,P03470,1
O60858,YP_009227201,1
P11387,P03433,1
P08133,P0CK58,1
O95967,P03220,1
Q8IZ07,P0C739,1
O95817,P03081,1
Q5SQP8,A0A288CFT1,1
P62269,O56264,1
P45973,P29991-PRO_0000037946,1
Q9BQE3,Q997F2,1
Q8N960,Q9WMX2-PRO_0000037551,1
P84095,P03468,1
P00846,L0N4F0,1
P54652,P05777,1
O15269,Q77M19,1
P25398,Q82506,1
Q9H0U3,P04578,1
P06493,P29990-PRO_0000037929,1
P42771,Q8AZK7,1
Q9HAQ2,P14079,1
P53801,P0CK56,1
O15173,P69901,1
P24534,P03454,1
Q8N1B4,O36551,1
Q8N5C6,P29991-PRO_0000037936,1
P11142,P15682,1
Q12797,P03225,1
Q8WWY3,P06921,1
Q6P996,K9UT94,1
Q8N2K0,P06461,1
Q14974,P03101,1
Q86UL3,P29991-PRO_0000037944,1
O43186,P0DOF5,1
Q5DT03,P03087,1
P62829,P15682,1
Q8N5T2,P03255,1
P28300,P03225,1
Q9H496,P0CK50,1
A4D0U5,P03225,1
Q15459,YP_009227201,1
Q9NY93,Q20MH3,1
Q99623,P04487,1
P68104,Q9QLP4,1
Q9Y676,Q1K9H2,1
Q9UBM7,P04578,1
P49458,P03454,1
Q5BKZ1,P17388,1
Q14164,I0DF37,1
P32969,Q8AZK7,1
P05141,P15059,1
O43719,P04608,1
B8ZZN6,P27313,1
Q93050,YP_009227196,1
Q92530,P06463,1
Q9Y4W6,P03452,1
P20248,P03129,1
Q8N4L2,K9UT94,1
Q6DKI1,P03428,1
Q9P0L0,Q99IB8-PRO_0000045602,1
Q8TBB1,P03211,1
Q13362,Q9WMB5,1
Q9HC07,P0C739,1
P46779,P03430,1
Q8N6Y0,Q9WMX2-PRO_0000037548,1
Q8IZ52,Q9WMX2-PRO_0000037548,1
P09543,P0CK48,1
Q9NRA8,Q9WMX2-PRO_0000037548,1
P35606,P36801,1
Q13177,P04601,1
Q9NRF9,Q9Q2G4,1
P14210,P10204,1
Q9Y2R5,P17383,1
Q9UGP8,Q99IB8-PRO_0000045600,1
Q9Y6C9,B8ZX49,1
Q16831,P06788,1
P48643,P17388,1
O95159,P06460,1
P67812,P06460,1
P47897,P03126,1
P83881,P15682,1
Q9BV38,P88968,1
Q5VTE6,B4URF7,1
Q9UJQ1,P03087,1
Q9NR30,P03470,1
P23396,O56264,1
P13378,Q9WMX2-PRO_0000037549,1
Q6PML9,P06792,1
Q8NHP6,YP_009227203,1
Q5VW38,A0A024B7W1-PRO_0000443029,1
Q9Y244,P06790,1
O75344,Q9WMX2-PRO_0000037551,1
Q07021,P10238,1
P54136,P03496,1
P62266,P03427,1
Q9UHD2,P27958-PRO_0000037572,1
Q9NR50,P12792,1
O60220,Q05128,1
Q9NVV0,P06792,1
O95992,P03087,1
P20226,P36791,1
P62873,P03496,1
Q9NUL7,Q32ZE1-PRO_0000435829,1
Q16629,P36791,1
O00483,P0C739,1
P53365,P06422,1
Q16850,P0DOE9,1
P40306,P06429,1
Q13363,P05777,1
Q00577,Q5EP28,1
Q71UM5,P03220,1
B7ZAQ6,YP_009227196,1
Q6UN15,P36827,1
Q9ULX6,P0DOE9,1
P49755,P17385,1
P26641,P03430,1
Q8N8R3,P03468,1
Q9NS69,P29990-PRO_0000037929,1
Q9NXH8,P0CK48,1
Q7KZI7,Q76RH4,1
Q8TAS2,P36799,1
Q03518,P03170,1
Q5T760,P03431,1
Q86SK9,YP_009227203,1
P07099,P0DOE9,1
O43242,P03431,1
O00116,P0DOE9,1
Q96MU7,Q8JSN8,1
P10620,P0C739,1
O95573,P03428,1
P27105,P06927,1
P49368,P05780,1
P23526,Q9Q2G4,1
P47992,P34015,1
Q9BVI4,P15682,1
Q9Y6I3,K9UT94,1
P40227,P17388,1
O95470,YP_009227203,1
P07237,Q99IB8-PRO_0000045596,1
Q9Y394,P06792,1
O00571,Q8JPQ9,1
P18077,P03470,1
O95251,P68331,1
O76013,Q69022,1
O43298,P03129,1
Q13177,NP_579876,1
P52597,Q9WPI5,1
Q15366,P05780,1
Q8WVC0,P29991-PRO_0000037946,1
Q01469,P03470,1
Q13547,P29128,1
P61619,P0DOE9,1
P11142,Q76R62,1
Q12894,P27958-PRO_0000037566,1
P39023,P19712-PRO_0000038050,1
Q86UL3,P0DOE9,1
P35268,Q0HD54,1
Q9BSB4,P05777,1
O95251,P06790,1
Q9Y4R8,B4URF7,1
O00767,P03452,1
P21796,P17385,1
P51970,P06821,1
Q12983,Q66479-PRO_0000039498,1
O00483,P06460,1
Q9BVP2,B4URF7,1
Q9UJ14,P03182,1
Q9Y5Y2,P29990-PRO_0000037929,1
P61289,P12504,1
P17302,P06792,1
Q8NHL6,C4P226,1
P00742,P03427,1
A6NHL2,B4URF7,1
P06400,Q2PRM9,1
O15523,Q8JPQ9,1
Q9H2J4,YP_009227202,1
Q09161,P03428,1
P04818,F5HBQ9,1
Q9BVP2,I6TAH8,1
P53618,P06460,1
O95793,P15659,1
P51114,P03454,1
Q05639,Q8JPQ9,1
P17987,P05780,1
Q00987,P04608,1
O94776,YP_009227197,1
Q8NC56,Q32ZE1-PRO_0000435839,1
P60903,Q1K9H5,1
P00403,P24835,1
Q9HBM0,YP_009227201,1
O43615,P29991-PRO_0000037944,1
Q9NR46,P03185,1
P28676,Q69022,1
Q53FD0,P03129,1
P14373,P29882,1
Q9Y6J9,C5E526,1
O75534,YP_009227205,1
Q9NR30,P03427,1
P78316,P05777,1
E9PGN7,NP_803170,1
Q92569,O56264,1
P52907,P15682,1
Q9Y657,P03427,1
P63272,P06428,1
Q16548,Q9WMX2-PRO_0000037548,1
P26373,P03427,1
Q15907,Q05322,1
O95758,P03470,1
P07237,D2XQB9,1
Q9Y4E8,P03470,1
Q8IW41,P29991-PRO_0000037941,1
Q9Y3A4,P06429,1
Q99436,P17386,1
P09669,O36551,1
P55072,P05777,1
Q9ULW0,P17387,1
Q8IVT2,Q32ZE1-PRO_0000435838,1
Q8N511,YP_009227198,1
O95678,P09992,1
Q86V81,O56264,1
P19338,P27958-PRO_0000037577,1
O60858,YP_009227198,1
P50990,P05780,1
O94901,YP_009227200,1
Q07817,P36780,1
P49368,P03427,1
Q9BXK5,P04015,1
Q06136,A0A024B7W1-PRO_0000443029,1
P12004,Q67020,1
Q32MZ4,P03433,1
Q15365,Q2Q067,1
P22695,I6T1Z2,1
Q9BT25,P29991-PRO_0000308465,1
Q8N6Y0,Q20MD1,1
Q9H5V8,P03182,1
Q9H5N1,P03427,1
Q12981,P04492,1
Q9P035,Q03463-PRO_0000278740,1
Q96D16,P06429,1
P31689,P15682,1
Q13242,P27958-PRO_0000037566,1
O75396,P0CK49,1
Q12846,P69901,1
P26641,P06423,1
Q8TD31,P17383,1
Q8IV08,P03225,1
Q8WUM4,P0CK58,1
P16152,P10204,1
P35221,P06930,1
P09543,Q2MG95,1
P62753,P04620,1
P17900,P06428,1
Q13227,P03118,1
Q9BV38,B2BUF1,1
P51809,K9UT94,1
Q9Y394,YP_009227200,1
P06702,P03470,1
P49257,P04578,1
Q9HBE1-1,P04013,1
Q969X5,P0C739,1
B2CML4,Q77YG0,1
O14683,P0C739,1
Q16718,B4URF7,1
Q7Z6G3,P03188,1
P08238,P03496,1
Q8NHG7,P06792,1
P06703,P03454,1
P02545,P03427,1
P02511,P17371,1
P50991,YP_009227202,1
P49368,YP_009227199,1
P61764,Q32ZE1-PRO_0000435839,1
Q96S55,P17386,1
Q9Y5K5,P17385,1
O43815,P03081,1
P13489,P03220,1
Q49AN9,P03431,1
Q13485,P03126,1
P17858,P29990-PRO_0000037929,1
P28072,Q8AZK7,1
Q9Y4R8,P03431,1
Q9UKL0,P03129,1
P04792,P12848,1
P49406,Q5EP28,1
Q14790,P36780,1
P62191,P03452,1
P04843,Q1K9H5,1
Q06136,YP_009227196,1
Q14576,P32888,1
Q16891-1,Q99IB8-PRO_0000045596,1
P78371,P05777,1
Q99653,Q77M19,1
O15305,P03118,1
Q13263,Q05322,1
P62805,P05777,1
P04049,NP_751927,1
Q15434,P03496,1
P11413,P03431,1
A0A075B6T4,P03129,1
Q8TAP6,P29882,1
Q92597,P06463,1
Q9UHV9,P17383,1
P05141,Q05322,1
O43143,P05777,1
P13646,P06428,1
Q8TCT4,P03105,1
P48556,Q1K9H5,1
Q9Y263,Q76353,1
Q8TCJ2,P29990-PRO_0000037929,1
P62269,P03454,1
P25787,P03118,1
Q13200,P29990-PRO_0000037929,1
Q8TCN5,P29991-PRO_0000308465,1
P07355,P04305,1
O75844,P06821,1
P49755,YP_009227197,1
P68400,YP_009227204,1
P18124,P03470,1
P35544,Q82506,1
P01009,NP_751926,1
Q9UKF6,I6T1Z2,1
P38606,C5E519,1
Q9Y6B6,YP_009227196,1
Q9UKD2,P03470,1
P46781,P04487,1
Q71UM5,B8ZX49,1
Q9H1K4,Q77M19,1
Q9HAV7,P04487,1
Q6NZY4,C5E527,1
Q7Z7H8,P03508,1
P16152,P03427,1
P15954,P03129,1
P51991,P03496,1
P51149,P04578,1
Q8NBS9,YP_009227201,1
P61313,P03427,1
P30153,Q9WMB5,1
Q9H0U3,YP_009227204,1
Q86XZ4,P06921,1
Q71UM5,P06792,1
P26927,Q99IB8-PRO_0000045599,1
Q99729,Q8AZK7,1
Q9P035,P03468,1
P43246,P29990-PRO_0000037929,1
Q3ZCQ8,H2A1D8,1
Q9Y5G0,P69901,1
Q92831,P03120,1
P09543,Q1K9H5,1
Q9Y639,P03246,1
Q15904,Q69027,1
Q09028,P05777,1
Q12800,P06821,1
P0DP23,P05777,1
Q9Y6J9,Q2MG95,1
Q14493,O92597,1
Q9UI12,B4URF7,1
Q6NTF9,Q77M19,1
Q9HC21,P29990-PRO_0000037929,1
Q92905,P36801,1
O95219,F5HFG5,1
P54136,P04591-PRO_0000038593,1
Q9Y679,A0A220NMU2,1
Q15717,P03427,1
P31025,Q80HW9,1
Q6PCB5,Q32ZE1-PRO_0000435829,1
P46782,Q2MG95,1
Q9Y5M8,P29991-PRO_0000037944,1
Q9UNE7,P12504,1
P84090,P03454,1
Q07666,P05777,1
Q969X5,P06460,1
Q9BUJ2,P09992,1
Q5T8D3,Q32ZE1-PRO_0000435839,1
Q95HD8,P27958-PRO_0000037566,1
Q03135,P29996,1
O14925,P03468,1
B4DLN1,P03452,1
Q86XZ4,Q05127,1
P48651,YP_009227200,1
P08047,Q6QCP6,1
Q9UJX2,P06821,1
Q15022,P06465,1
Q13619,EBI-15928529,1
P31689,P30119,1
Q9BRZ2,D2CFJ1,1
Q92552,Q1K9H2,1
Q16206,Q3KSQ2,1
Q07866,P03427,1
Q5JR94,P19712-PRO_0000038050,1
Q96LJ7,YP_009227196,1
P52272,P04620,1
Q99675,P17367,1
O43680,P03430,1
Q9BQ52,Q9WMX2-PRO_0000037549,1
P39023,P06428,1
O95273,Q8AZJ3,1
E9PFW3,P04601,1
Q9HB90,B4URF7,1
Q9Y6M1,Q1HVF7,1
Q9NZL4,Q9DUG7,1
P21964,B4URE7,1
P14923,P19712-PRO_0000038050,1
Q9BXS4,K9UT94,1
O95292,Q99IB8-PRO_0000045602,1
P46776,P15659,1
Q96CW1,P15682,1
Q9Y383,P05777,1
Q15365,I6T1Z2,1
P22061,P06821,1
Q8IXM3,P03428,1
P67870,P03211,1
Q96JC1,P04015,1
P62244,P04487,1
P61619,P05780,1
Q13242,Q1K9H2,1
Q9H9B4,Q32ZE1-PRO_0000435839,1
O15173,P06792,1
O14681,YP_009227198,1
P52294,P03433,1
Q9BQ70,P06821,1
Q7KZF4,YP_009227199,1
O94842,Q77UU1,1
O95831,Q2MG95,1
Q14694,Q76RH4,1
Q9UNS2,Q99IB8-PRO_0000045602,1
P07305,P03454,1
Q9NXH8,P03468,1
Q9NX63,P29991-PRO_0000037944,1
P26368,P03454,1
Q12849,P15682,1
P15311,P03454,1
Q9BU89,Q9Q2G4,1
P52292,P13199,1
O95881,YP_009227197,1
E9PRY8,P08393,1
Q8IV08,P06792,1
Q969F1,Q77M19,1
O60565,P0CK58,1
O43251,B4URF7,1
Q13283,P29991-PRO_0000037936,1
P35268,P05777,1
O60762,P0C739,1
Q9NYJ8,P04578-PRO_0000038427,1
P39656,P0DOE9,1
Q07817,P04015,1
P10415,NP_705926,1
Q8WWK9,YP_009227196,1
Q70UQ0,YP_009227201,1
Q9H3P7,O41931,1
Q8N7W2,P06429,1
Q8IY26,P0CK56,1
P07858,Q8AZJ3,1
Q9NY74,O41931,1
Q9NWS0,YP_009227199,1
P26196,Q2MG95,1
Q9HBE1,C5E527,1
Q8WVM8,P0DOE9,1
Q5UCC4,Q76SF8,1
P37198,Q9WMX2-PRO_0000037548,1
Q9UBS4,P29996,1
O95235,P06788,1
Q6ZPD9,O36551,1
P20155,P03087,1
P24752,Q9QLP4,1
P07910,Q9WPI5,1
O00170,Q69027,1
Q9NP72,P06792,1
Q9P013,P29991-PRO_0000037946,1
P07910,O56264,1
Q9H5V8,P24830,1
P52815,P03470,1
P17844,Q99IB8-PRO_0000045602,1
P26572,P36801,1
Q8IW93,P15659,1
Q9Y5B0,Q32ZE1-PRO_0000435842,1
P55084,O36551,1
Q8WUY8,Q32ZE1-PRO_0000435839,1
Q9NWU5,YP_009227196,1
P14625,P04578-PRO_0000038427,1
O95470,P05919,1
Q9Y6C9,P69901,1
Q8WW22,Q1K9H5,1
O95864,P06792,1
Q96T49,P06428,1
Q9NRW3,Q77YG0,1
O75787,YP_009227201,1
O95169,Q32ZE1-PRO_0000435839,1
O95251,P03118,1
Q9HAV0,P03470,1
Q16799,Q66479-PRO_0000039498,1
Q16629,P05777,1
P00352,P03431,1
Q969N2,P04578,1
P48643,P03496,1
Q9GZR7,P88995,1
Q92882,P10204,1
Q8N5N7,P29991-PRO_0000037936,1
P05455,Q5MJ03,1
Q5VTR2,P03107,1
Q13619,Q1K9H5,1
Q9Y5Q8,P03430,1
Q15365,P03120,1
Q96TA2,Q20MH8,1
P08708,Q8AZK7,1
Q10567,P19554,1
Q00325-1,Q99IB8-PRO_0000045596,1
O15117,P29991-PRO_0000037946,1
Q9BX70,P03120,1
Q9BTE7,P15682,1
P11441,YP_009227203,1
Q9NVV0,P04578-PRO_0000038428,1
O14818,A5Z256,1
Q12906,P03470,1
Q96IX5,P0C739,1
O15120,YP_009227198,1
P50750,P18098,1
P29590,P04489,1
Q96AA3,YP_009227201,1
P27105,P06461,1
P43307,P04578,1
Q08AE8,P68466,1
Q13895,P29991-PRO_0000037936,1
P00352,P03468,1
Q496I0,P03087,1
Q8NE79,P03427,1
C9JG87,P03428,1
Q9UMS4,P05777,1
P55010,YP_009227202,1
P01889,P05777,1
O00629,P17388,1
O15119,P03427,1
P82933,P03470,1
E9PF18,P06788,1
P28799,P0C762,1
Q05639,P15059,1
P08195,Q5EP28,1
P62829,P05777,1
Q5BJD5,P29990-PRO_0000037929,1
Q2NL82,P17388,1
P10321,P17385,1
P18124,P15659,1
Q9UHL4,P0C739,1
Q8TCJ2,P0DOE9,1
P35268,P15682,1
Q8WZ19,P03129,1
O75317,P17382,1
P52292,P03087,1
P62851,YP_009227196,1
P30050,Q0HD54,1
P54886,P17387,1
P00403,P06927,1
Q12981,YP_009227200,1
Q674X7,Q20MH3,1
P31689,P06463,1
Q15084,P04578,1
P51617,YP_009227199,1
O95299,P05780,1
Q96NY9,P05928,1
Q99816-1,P04591-PRO_0000038598,1
Q9BUP3,P03427,1
P48960,P03468,1
P78549,YP_009227196,1
Q15629,Q2MG95,1
Q9Y5M8,P03182,1
O95793,P29991-PRO_0000037936,1
Q9UHV9,P29991-PRO_0000308465,1
Q92890,YP_009227202,1
P15104,B4URF7,1
P31274,P06921,1
P09455,Q69022,1
O43815,YP_009227205,1
P0CG47,Q9DLK6,1
P04637,Q77UU1,1
P41247,P03129,1
Q9NUJ1,P17387,1
P62263,P03427,1
Q9NW13,P17388,1
O14503,P03495,1
P27797,P03454,1
Q13501,YP_009227203,1
P20618,Q2MG95,1
P29558,Q6VGS8,1
P05114,P17384,1
Q6UX71,P0C739,1
Q9UJY5,P36778,1
Q8TDG2,P29990-PRO_0000037929,1
Q9Y606,YP_009227201,1
Q96S59,Q77M19,1
Q9BWS9,P04578,1
Q9HC24,NP_751926,1
P07858,P03081,1
Q7Z6G3,P29882,1
Q8NBT2,P05780,1
Q7KZF4,YP_009227201,1
Q9Y265,P03452,1
O00469,P0CK56,1
P62847,Q1HVF7,1
Q12905,P03427,1
Q14247,P03470,1
O95273,P32888,1
Q6NZY4,P03508,1
P62937,P06428,1
P43307,P03452,1
P46781,P03427,1
Q9Y5A9,P03470,1
Q969X0,P27915-PRO_0000037999,1
P50222,P06821,1
Q9BS26,P04578,1
Q9BXH1,P68451,1
P62841,P03430,1
Q8NC69,Q0A2H0,1
A8K855,P03430,1
O14735,P06790,1
P27635,Q8AZK7,1
P50402,P0CK56,1
P98194,P06460,1
P41235,O41949,1
Q92997,P0DOF4,1
P06280,Q20MH8,1
P61163,P03454,1
Q8WVL7,P36810,1
Q8N2K0,P69901,1
P05787,P06428,1
O00186,A0A024B7W1-PRO_0000443029,1
Q53GT1,P17387,1
Q9NZL4,P36817,1
Q32P51,Q20MH4,1
Q5JQF8,Q05323,1
P36542,Q77M19,1
Q96TC7,Q32ZE1-PRO_0000435839,1
P52630,O55777,1
P62081,P03430,1
Q14699,P69901,1
Q86WC4,P0CK58,1
P68104,P05780,1
Q96CX6,P08563-PRO_0000041304,1
Q03135,P03430,1
Q99816,Q1HVF7,1
P49368,P69723,1
Q8TED1,P06461,1
Q96J02,P03126,1
P62851,Q20MH0,1
O43823,P03508,1
Q99460,P15659,1
O15182,Q32ZE1-PRO_0000435838,1
P02768,NP_776014,1
Q93062,P0CK56,1
Q13310,P03470,1
Q99081,Q1K9E3,1
P37173,Q8AZJ3,1
P31153,P03496,1
H3BPE7,Q89268,1
P22309,Q9WMX2-PRO_0000037550,1
Q02543,P19712-PRO_0000038050,1
O00422,Q99IB8-PRO_0000045595,1
P62318,Q6QDQ4,1
O94842,Q32ZE1-PRO_0000435842,1
Q8IYM0,Q77M19,1
O14828,Q99IB8-PRO_0000045598,1
Q86XZ4,P36791,1
O75896,P00521,1
Q07021,Q1HVF7,1
Q9BXP5,P15682,1
P0C7W6,Q20MD1,1
Q9UBE0,P29991-PRO_0000037944,1
Q92499,P03485,1
P48047,P05780,1
Q9NUL3,P03496,1
P63167,P03431,1
Q9P270,YP_009227203,1
Q12905,P15682,1
Q6ZSJ8,O92597,1
A0A3B3IT31,P0C6L3,1
Q15629,Q8AZJ3,1
Q13347,Q77M19,1
P29966,P0C739,1
Q8IZ52,P06463,1
P06241,P03077,1
Q96EB6,P29991-PRO_0000308465,1
P17844,Q6QDQ4,1
Q96I25,P15659,1
Q14511,P14079,1
Q5JTV8,C5E526,1
Q92569,C5E524,1
Q5JUV6,P03496,1
Q9GZP9,P06790,1
P43681,P03087,1
P06748,P05777,1
P62244,Q20MH0,1
Q9Y2Q9,P03428,1
P30153,P05777,1
P29074,P06463,1
Q7L7L0,Q05127,1
Q9Y4W6,P06460,1
P54652,P21698,1
Q16828,Q81870,1
Q86SZ2,P06821,1
Q15233,P04620,1
P00403,P06429,1
Q96BN8,Q20MH8,1
P26373,P19712-PRO_0000038050,1
Q13509,P15659,1
Q9UNF1,P0CK56,1
O14818,B4URF7,1
P28799,Q1HVB5,1
P08238,P04413,1
O00425,O56264,1
Q86VR2,P06460,1
Q32P51,Q99IB8-PRO_0000045603,1
O76050,P03129,1
Q9Y285,P0CK56,1
O15305,P06790,1
P11166,Q77M19,1
P53814,Q5EP37,1
P21673,P12504,1
P61247,P19712-PRO_0000038050,1
Q99567,P17383,1
Q8NCA5,P04608,1
Q8TCT9,YP_009227203,1
O95674,P06927,1
Q9UN86,P03427,1
O15155,YP_009227204,1
O75530,NP_705928,1
P38159,P03430,1
Q8IV08,P06460,1
P02675,P88993,1
Q9H269,YP_009227199,1
Q96MW5,Q76RH3,1
Q9UHW5,YP_009227196,1
Q9Y3E1,P27958-PRO_0000037566,1
Q8IWS0,P29991-PRO_0000037936,1
G5E975,NP_705928,1
Q99470,P03468,1
A0A0U1RQC9,P24830,1
Q96AQ6,P06792,1
O75688,P03454,1
Q9BWJ5,P05777,1
P53999,P04620,1
P83731,P05780,1
P68104,P03129,1
O95817,Q8AZK7,1
O94842,P14335-PRO_0000037710,1
O95967,P03211,1
P17987,P04413,1
P61247,Q20MH0,1
P14625,P15682,1
Q9NP72,P06461,1
P05556,YP_009227204,1
Q8TCT9,Q77M19,1
Q86Y82,Q32ZE1-PRO_0000435839,1
P50570,P06821,1
Q13011,P17386,1
P23588,P05777,1
O95573,P05780,1
Q15084,Q99IB8-PRO_0000045599,1
P51991,P03427,1
P53350,P17389,1
C9JV02,P03433,1
P09486,K9UT94,1
B4DLJ1,P17367,1
Q6ICI0,P29996,1
P62829,P29990-PRO_0000037929,1
Q9Y266,YP_009227199,1
Q9NWF9,P69722,1
P61247,P03496,1
P13746,P03203,1
Q9C005,P03496,1
Q86TS9,A0A024B7W1-PRO_0000443019,1
Q9UGJ1,YP_009227203,1
P60709,Q89733,1
Q9UJX3,YP_009227201,1
Q00325,P36801,1
Q9Y6N5,P03177,1
Q8N5R6,Q1HVE9,1
Q9Y3E5,P06792,1
O95816,Q05127,1
P50281,A0A0C7TUY8,1
P62913,Q0HD54,1
Q9UI12,P03468,1
O43889,P03205,1
P04083,P04305,1
I3L3D5,NP_751920,1
P07237,Q20MH8,1
Q14974,P0C1C6,1
Q9HCS7,Q9WMX2-PRO_0000037548,1
P56192,P04591-PRO_0000038593,1
O00743,P04620,1
Q96HA8,P03410,1
P04406,P03454,1
P42677,P0CK48,1
Q99750,P04288,1
P00505,P06788,1
P28070,P06463,1
O75787,F5H9K4,1
Q6UWN8,P10204,1
P58546,O40945,1
Q9BYD1,Q5EP28,1
P59910,B4URF7,1
Q9UDY4,P17385,1
Q7L1Q6,P06821,1
Q12996,I6T1Z2,1
A0FGR8,P29990-PRO_0000037929,1
Q9BWF2,Q9QLP4,1
P62263,P10204,1
Q13015,YP_009227202,1
Q9BUJ2,P10191,1
Q01433,Q77UV9,1
P02792,P06463,1
O43731,P03087,1
Q86TN4,P03070,1
Q96S65,P10231,1
Q15391,P29996,1
Q9Y5M8,P0C739,1
Q14699,P06792,1
Q9H307,P05777,1
B8ZZN6,P03204,1
P62851,P03430,1
P25205,P29990-PRO_0000037929,1
Q16543,P29991-PRO_0000308465,1
Q99538,P06929,1
Q00535,Q77Q36,1
Q96A33,YP_009227198,1
P10809,P03496,1
P24864,P06788,1
D6RFM5,P03452,1
Q9NUL3,P03427,1
Q13227,P06929,1
Q96ET8,P03087,1
A1L0T0,P03496,1
Q06547,P03431,1
Q9H2V7,P29990-PRO_0000037929,1
O15260-1,Q99IB8-PRO_0000045596,1
P06748,P29990-PRO_0000037929,1
Q9UBS8,YP_009227204,1
Q99459,P29991-PRO_0000037936,1
Q12931,P06821,1
Q15366,P29990-PRO_0000037929,1
Q86U42,Q82506,1
P14618,Q8JSN8,1
P27797,NP_751921,1
Q5RKV6,Q05127,1
P07900,P03470,1
P62750,P03470,1
P04637,P05780,1
Q96JE9,P03427,1
O75084,P06792,1
P55081,YP_009227198,1
Q9NX40,P06821,1
Q5SY16,P88968,1
O95831,Q05322,1
P30101,P29991-PRO_0000037940,1
P62699,P03177,1
P62258,P0C1C7,1
Q9Y605,P06821,1
P62910,P03427,1
P39019,Q20MH0,1
Q9H5V8,P0CK58,1
P78318,B4URF7,1
Q8N4L2,P0C739,1
Q9Y5M8,Q77M19,1
Q9UGR2,A0A024B7W1-PRO_0000443019,1
O43791,P36778,1
H0YMA4,P36801,1
O95267,P15682,1
O00463,Q80908,1
Q4G0G2,Q1HVI8,1
P17302,P06428,1
Q96DV4,P03496,1
P61289,Q04360,1
Q6DN90,C5E526,1
O43175,Q05322,1
O95391,Q8JSN5,1
P07237,P03182,1
Q96B23,Q32ZE1-PRO_0000435842,1
Q16853,P29996,1
Q96DH6,P29991-PRO_0000037936,1
P18859,Q20MH4,1
O15258,P06792,1
Q16832,P0C739,1
O76021,P17383,1
P14678,P29991-PRO_0000037946,1
P35268,P27958-PRO_0000037566,1
O60664,Q32ZE1-PRO_0000435839,1
P51572,P04578-PRO_0000038428,1
Q14240,Q8JSN5,1
O00743,B4URF7,1
Q07021,P06790,1
Q9Y679,P29990-PRO_0000037929,1
Q9BUB7,P36817,1
Q9NZT1,P90495,1
Q9Y291,Q1K9H2,1
Q8IUQ4,P03431,1
P55210,P17382,1
G3V3A4,P03129,1
Q96GD4,P36780,1
Q92688,P04620,1
Q6FI81,C5E524,1
Q9BPZ7,B4URF7,1
Q9Y2S7,P24830,1
Q8WVM8,P29990-PRO_0000037929,1
P31943,P04487,1
Q8WVN8,P36827,1
Q8WVM8,P17385,1
P62750,Q6VE52,1
Q9Y2R9,Q5EP28,1
Q9NW15,YP_009227200,1
P18621,P05777,1
Q5H9R7,I6T1Z2,1
Q9NRK6,P12520,1
P05783,G9I284,1
P25787,P03452,1
P43250,P17387,1
Q96EY7,P03431,1
Q9UL15,P06821,1
P60228,P05777,1
P51148,P0C739,1
O14949,P05777,1
Q63ZY3,P03220,1
P55209,P03454,1
A1L0V1,Q69139,1
O43505,P06460,1
O15400,K9UT94,1
P78417,P06932,1
O00585,P10204,1
P23396,Q20MH0,1
Q2YD98,P06930,1
P02538,P36778,1
O43143,P15682,1
Q96NJ6,P17389,1
O94929,P0CK58,1
Q9BSR8,P06460,1
Q9HCB6,Q9WMX2-PRO_0000037548,1
Q9H7B4,Q9WMX2-PRO_0000037551,1
P13051,P15682,1
P20226,P04608,1
P07093,P0CK58,1
P63218,P05777,1
Q96JJ7,P06460,1
O95402,P0DOE9,1
Q9NPQ8,YP_009227205,1
Q969N2,YP_009227203,1
P02647,P88988,1
O75947,P03468,1
Q9UJZ1,P0C739,1
Q96D53,P05780,1
Q9BVI4,P15659,1
O14735,P06423,1
Q9H0S4,YP_009227196,1
Q03135,P06792,1
O43390,P04620,1
P49411,P0DOE9,1
B3KS36,P04620,1
Q9BQ48,O40939,1
Q9NVI7-1,Q99IB8-PRO_0000045596,1
O95872,P06429,1
O60294,YP_009227199,1
Q969Z0,F5HFG5,1
Q9P0J7,P06464,1
P11142,Q20MH0,1
P25116,P0C739,1
Q96PK6,P03433,1
P43243,B2BUF1,1
P35613,P03182,1
Q04206,O41974,1
Q16630,P05777,1
O14641,P0C763,1
Q13724,YP_009227196,1
Q9P015,Q5EP28,1
Q8WUM4,K9UT94,1
P30044,Q1K9H2,1
P57088,P15659,1
O75410,YP_009227203,1
P26373,Q8AZK7,1
P83731,P15659,1
P35637,P04620,1
Q06830,P05780,1
O95817,P0C739,1
P82914,P03508,1
Q9GZP9,P03118,1
Q9NVV0,YP_009227196,1
P27797,Q786F3,1
O15260,Q2MG95,1
Q96KA5,P04578,1
P60709,Q8JSN8,1
Q96SK2,YP_009227204,1
P02649,P27958-PRO_0000037570,1
Q9UBV8,Q99IB8-PRO_0000045600,1
Q9BYN8,P03496,1
P03973,P06429,1
Q9P0K7,P12848,1
P53701,Q76RI2,1
Q9H5V8,P36778,1
Q16864,YP_009227198,1
Q9BRH9,B4URF7,1
Q02539,Q80A33,1
P46782,P15682,1
P48651,YP_009227203,1
O75925,NP_941977,1
P63241,P03470,1
Q9Y3I0,P03430,1
Q9UMX0,P03230,1
O43678,A0A024B7W1-PRO_0000443029,1
K7EM18,P06428,1
P55209,P06921,1
O60870,P03070,1
P04075,P05777,1
P62328,NP_751920,1
O94973,P05777,1
O95967,Q2MG95,1
O95831,P03220,1
Q92615,I6TAH8,1
O96005,YP_009227196,1
Q6P1M0,Q1K9H5,1
Q96QE5,P24830,1
Q8N1F7,P05777,1
Q01860,Q8JSK4,1
P29317,P05780,1
Q8N3R9,P06463,1
Q9BWF2,P36817,1
Q8TAD4,YP_009227197,1
P15927,Q89268,1
P28074,P09992,1
Q15554,Q1HVF7,1
P19387,YP_009227199,1
P02795,Q8JSN5,1
P46108,Q0A2H0,1
Q96SH1,P36817,1
P06400,P06932,1
Q9Y3I0,P03470,1
P09543,P06428,1
Q8IXB1,P04578,1
Q9P086,P03118,1
P04844,P03468,1
P02786,P0CK56,1
Q9Y6M1,P03454,1
Q86UL3,YP_009227198,1
P62701,P19712-PRO_0000038050,1
P46060,P04620,1
O00264,P03468,1
P05556,Q9WMX2-PRO_0000037545,1
P48643,P29990-PRO_0000037929,1
Q9NZ01,P06821,1
P20618,P24835,1
Q96EY1,P06821,1
Q14697,O40918,1
Q9Y2X3,P0DOE9,1
P03905,P36817,1
P55209,P36780,1
Q573B4,P04601,1
Q53GQ0,P17387,1
O60506,P03454,1
P15622,P03225,1
P62753,P05780,1
Q9HC62,YP_009227196,1
P50395,B9VXK6,1
P35998,Q2MG95,1
Q16254,P17387,1
Q99653,P05919,1
Q14240,Q82630,1
Q9Y2S7,P06790,1
Q96CT7,P06428,1
Q99871,P29991-PRO_0000308465,1
P50402,Q8AZJ3,1
P62993,C5E524,1
P14314,Q05320,1
Q9Y2R9,P03496,1
P62266,Q80HW9,1
Q8NFQ8,YP_009227200,1
Q9NQ25,Q9PX39,1
Q96CN9,P03508,1
Q15366,P03129,1
Q2TAY7,Q8JSN6,1
P11021,P03454,1
Q9NZW5,P06463,1
Q13177,P06429,1
P58546,P88959,1
P30101,P03454,1
Q12846,Q32ZE1-PRO_0000435839,1
P10909,Q8AZK7,1
Q53GQ0,P03496,1
Q16254,P04608,1
P35354,Q9WMX2-PRO_0000037550,1
Q96N66,P05780,1
P12004,P04608,1
Q9BW83,Q32ZE1-PRO_0000435838,1
Q9Y6N5,Q8AZJ3,1
Q9P0J6,P36817,1
Q6IPX4,P06428,1
Q9NPJ6,YP_009227205,1
P37802,P03470,1
Q8WV44,Q5EP28,1
P62906,YP_009227196,1
O95400,C5E519,1
Q05639,P03496,1
Q93050,YP_009227204,1
O75063,A0A024B7W1-PRO_0000443029,1
Q9Y6N5,P0CK58,1
Q8TD31,Q0A2H1,1
O95674,P06460,1
Q9BSL1,P03070,1
Q70UQ0,P03209,1
P62280,Q0HD54,1
Q8NFH5,YP_009227196,1
P45880,Q05322,1
P50402,B8ZX49,1
P02675,P29991-PRO_0000308465,1
Q02241,P17387,1
Q9NP72,Q2MG95,1
O15169,Q9WMX2-PRO_0000037551,1
Q8IUQ4,P03203,1
Q96QV1,P04578,1
Q9BT88,P0CK58,1
P31949,P36801,1
Q96EK4,A0A220NMU2,1
Q9Y3B4,P03470,1
P62875,P03433,1
Q9Y265,P09992,1
P04792,P06422,1
Q92544,Q32ZE1-PRO_0000435839,1
Q99442,P06460,1
E9PKV2,P03508,1
O60716,P03433,1
O95251,Q2Q067,1
P14174,P36827,1
Q9Y3E0,P29991-PRO_0000037944,1
Q92985,Q77M20,1
O60291,P06428,1
Q8TED1,P05780,1
Q9H3U1,Q76353,1
Q03135,NP_579895,1
O00231,P16727,1
J3KQ48,P36827,1
P58658,P29996,1
P51148,P03182,1
P16989,P03470,1
P46778,P03470,1
O94842,P06921,1
A1A4W1,P29996,1
Q9HCN4,Q5EP37,1
Q15738,YP_009227196,1
Q92945,P05780,1
O43920,A0A024B7W1-PRO_0000443029,1
P40227,Q99IB8-PRO_0000045596,1
Q9Y2R9,P03508,1
P62263,Q20MH0,1
Q96CS3,P36801,1
P43686,P03070,1
Q96D09,P0C744,1
P02545-2,P03247,1
P30626,Q69022,1
P11279,P03427,1
O43143,O56264,1
O43852,P04578-PRO_0000038427,1
Q9Y625,Q20MH8,1
P0CG48,NP_579883,1
Q9BSA9,P06927,1
P60602,P29996,1
P08708,P03454,1
Q86T03,P0CK58,1
O00339-1,O41949,1
P51991,D1LN35,1
Q96JC1,P36780,1
P83881,P03430,1
Q9NP64,H9XIJ5,1
Q9Y5Q9,Q05127,1
Q9UGP8,P03070,1
Q9P270,P27958-PRO_0000037566,1
O14967,YP_009227203,1
O00762,P36801,1
P12931,Q1HVJ2,1
Q9Y3B6,P06929,1
Q9C0E8,YP_009227204,1
P18124,P03430,1
Q92769,P03428,1
P22492,P03070,1
Q86WB0,YP_009227205,1
Q9Y5M8,P03177,1
Q9NXG2,P17383,1
Q8TDW0,YP_009227203,1
Q01081,P03466,1
Q96S52,YP_009227204,1
O95716,P05780,1
Q9NV88,YP_009227202,1
P40429,Q8AZK7,1
P61313,P03430,1
P07437,H2A1D8,1
Q96F15,P05919,1
Q8WUA7,P03300-PRO_0000424692,1
O00217,P12520,1
Q4VXU2,I6TAH8,1
P08670,P03454,1
Q9NP92,I6TAH8,1
Q13155,P03470,1
P35606,P05777,1
Q8N1B4,P03118,1
Q3ZCQ8,P06461,1
P46781,YP_009227196,1
Q9Y312,YP_009227202,1
Q53GS9,P04620,1
Q8N3C7,P03430,1
Q92901,Q77Q82,1
P60866,P05780,1
Q9Y3D3,P06428,1
P31689,P03220,1
Q9HD23,P10191,1
Q9Y5S1,P06460,1
Q06830,P03427,1
Q5T0T0,O40921,1
O75475,YP_009227203,1
Q9Y6M1,Q2MG95,1
O15111,Q80908,1
Q14790,B9VXK6,1
Q9Y5V3,P06827,1
P07237,I6T1Z2,1
O14523,YP_009227203,1
Q9UBS4,P03454,1
P02786,Q8AZ57,1
P62424,P06428,1
Q92879,P03428,1
A1L0T0,P03452,1
P62891,Q1HVF7,1
Q9BSW2,P03410,1
P05386,P05777,1
Q5BKT4,YP_009227203,1
P62906,P03430,1
P11387,P29991-PRO_0000037936,1
Q14061,Q77M19,1
Q8IXK2,A0A024B7W1-PRO_0000443029,1
Q92688,P03470,1
P14314,P04578-PRO_0000038428,1
P50990,P09992,1
P62910,P15682,1
Q8N5U6,Q32ZE1-PRO_0000435829,1
Q9BRH9,Q8JSN5,1
Q9UKV5,YP_009227197,1
Q14696,P04578,1
Q96QR8,P15682,1
O95817,P03070,1
O60884,Q8JPQ9,1
Q01081,P03470,1
Q9NQT5,P29991-PRO_0000037936,1
Q00839,P05777,1
P01730,Q9WB91,1
Q15008,P15659,1
P11387,P03070,1
P17676,P03122,1
Q96PV6,Q194T2,1
P27544,P0DOE9,1
P63313,P15682,1
P35249,YP_009227196,1
Q9NW13,C5E522,1
P50570,Q8JSN8,1
Q16637,Q20MH8,1
A8MU27,P03204,1
Q9H0D6,YP_009227196,1
Q12824,P04584-PRO_0000042547,1
Q9UBB4,C5E527,1
H0YFD6,P06929,1
Q9NPA0,YP_009227198,1
P11021,P27915-PRO_0000037999,1
Q8IXS8,P27958-PRO_0000037566,1
Q15029,P09992,1
Q8N5R6,P03495,1
Q9NPA8,Q99AU3,1
P50570,P03433,1
Q9H3U1,P29990-PRO_0000037929,1
Q9NQC7,P03126,1
Q9P246,YP_009227203,1
P07900,Q8JPQ9,1
Q7Z434,P06792,1
Q9UDY4,Q99IB8-PRO_0000045595,1
P62888,P03430,1
Q9Y4P9,P10204,1
Q8WZ71,P69901,1
Q16629,P03120,1
Q9H875,P03470,1
Q9Y297,P03070,1
O15392,P06477,1
P05141,P03430,1
P62829,P03454,1
P31946,P03470,1
Q16563,P06427,1
Q14739,P17389,1
Q13309,P36780,1
P13645,P03454,1
P49736,YP_009227203,1
Q9BYV2,P03129,1
P55060,P17385,1
Q96GD4,P36801,1
Q9P270,K9UT94,1
Q13137,O41947,1
A0A0C4DFM2,P36791,1
Q6P1M0,YP_009227203,1
Q8TD20,P03470,1
O14641,P06821,1
P22626,Q9WPI5,1
O14933,P21605,1
Q9NVC6,P68336,1
O75947,P06792,1
P98175,P03508,1
Q7Z3D4,YP_009227200,1
O43676,Q32ZE1-PRO_0000435839,1
P63241,P15682,1
O76024,YP_009227196,1
P56134,Q77M19,1
Q86XR8,P27958-PRO_0000037576,1
P55081,P06429,1
P61160,P36799,1
Q92830,P03255,1
Q9BTV4,YP_009227203,1
Q8IV08,P0CK48,1
P62081,P03470,1
O14979,P03431,1
P50281,Q2MG95,1
P08107,P29846-PRO_0000037673,1
O43242,P05777,1
O15173,P03246,1
P40429,P03430,1
Q9GZR7,B8ZX42,1
P47869,P06429,1
Q96CS3,P17385,1
Q13137,Q9WMX2-PRO_0000037548,1
Q16576,Q77M19,1
Q9NXR5,Q8JSN8,1
P53007,Q6DPW5,1
P13861,P0DOE9,1
Q969X5,P06927,1
A0A0A0MQT0,P03211,1
P08962,P03230,1
P02749,P04578,1
Q86VP1,Q77UU1,1
O95758,P03428,1
Q9BW92,Q77M19,1
Q92543,YP_009227196,1
O00505,P29991-PRO_0000037946,1
Q96E22,Q20MH8,1
Q9BZQ6,P03468,1
Q86V81,Q82506,1
Q9NZT1,P03470,1
Q13200,P03427,1
P46781,P09992,1
Q99536,YP_009227196,1
O15160,P03129,1
P07305,P03070,1
P19367,I6T1Z2,1
Q9NVV0,YP_009227198,1
O15400,P0CK58,1
Q9BVG8,P17387,1
P62277,Q77YB1,1
O00165,Q8JPQ9,1
P04083,P06821,1
P62333,P03454,1
P82932,P03433,1
P62875,P36827,1
P62158,P36780,1
P62736,P35256,1
O15269,P03452,1
O75925,Q808S4,1
P55884,P15682,1
P62847,O56264,1
O14744,P03431,1
Q6IN84,P03431,1
Q1RLM6,P03427,1
P54368,P03120,1
Q8IWY8,C5E524,1
Q8N3R9,P03126,1
Q15768,Q9IH62,1
Q9BT92,Q80HW9,1
P25786,P04578,1
Q13287,P36780,1
P31040,P03470,1
P04792,YP_009227199,1
O94905,Q77M19,1
Q6P1A2,P06460,1
Q6PL24,YP_009227196,1
O14967,P06821,1
P78347,P17385,1
P55084,P03468,1
Q9H2V7,Q20MH8,1
Q9Y2X3,C5E526,1
P49069,NP_751925,1
P17302,P06927,1
Q9GZY8,Q66479-PRO_0000039499,1
O15305,P03120,1
P50440,Q99IB8-PRO_0000045598,1
C9JYJ0,P06929,1
Q9UKT9,P03431,1
P43304,P06461,1
Q13148,P03468,1
P82921,Q05323,1
B4DUR8,P03508,1
P35998,P36801,1
P30305,P36801,1
P61106,Q77M19,1
Q9P015,P29991-PRO_0000037936,1
Q14103,O56264,1
O14979,P04620,1
P50402,P06460,1
Q15172,Q76RH3,1
Q9UNK0,P06430,1
O75787,P90495,1
P62750,Q0HD54,1
Q13555,YP_009227205,1
Q16629,Q1K9H2,1
P67809,P03470,1
Q9HCU5,YP_009227196,1
Q96MT8-1,P88993,1
Q96AY3,P03454,1
P41182,P14079,1
Q9UPQ3,P17387,1
O00264,Q1K9H5,1
Q96GD4,P06921,1
P27105,P0CK58,1
Q96ND0,P29991-PRO_0000037943,1
Q8N720-1,O41949,1
Q9Y3B3,A0A024B7W1-PRO_0000443029,1
P20674,Q77M19,1
Q86UY8,Q8JSN5,1
P06733,P03454,1
B1AHL2,NP_803144,1
O95297,P03182,1
O15350-3,P27958-PRO_0000037566,1
Q15052,Q90VU7,1
P83881,Q0HD54,1
O43324,B4URE7,1
P19338,P03427,1
P32969,P03470,1
O00629,P03466,1
P40227,Q2MG96,1
P56192,P06429,1
O60832,P03431,1
P10412,Q05322,1
P07237,P69901,1
Q9Y6X2,P36778,1
Q9Y6M4,C5E519,1
P23396,P03470,1
Q9NY12,P03431,1
Q7L5D6,YP_009227203,1
Q9NRA8,YP_009227202,1
Q9H4L5,YP_009227203,1
Q6P1J9,C5E527,1
Q02543,P05777,1
P42224,P03255-2,1
O75947,Q99IB8-PRO_0000045597,1
Q9GZU8,Q9WMX2-PRO_0000037552,1
Q8N5U6,P36801,1
Q92905,P06790,1
Q8TBC3,Q32ZE1-PRO_0000435838,1
Q6P3X3,B4URF7,1
Q9UBU6,P06927,1
Q13098,P12520,1
P81605,P03427,1
Q6P1L8,Q1K9H2,1
Q8N448,P14079,1
Q9C0F3,P68563,1
P59998,P03470,1
Q9Y692,Q20MH3,1
Q9NUQ6,YP_009227196,1
Q9NYY3,P06921,1
F8WF69,NP_040313,1
O60828,YP_009227205,1
O15127,P0C739,1
P49840,NP_751927,1
Q9BYD3,Q1K9H2,1
Q9Y4R8,P03452,1
P07437,EBI-6857440,1
O76050,P06429,1
P07910,Q77M19,1
O94776,P06428,1
P36955,P03129,1
Q8TCG1,F5HFG5,1
P48723,P04578,1
Q8N511,YP_009227196,1
P62829,Q0HD54,1
Q8N3E9,P05780,1
P14618,P04020,1
Q96G23,F5HFG5,1
P19447,P04620,1
P49902,YP_009227203,1
Q9Y487,YP_009227200,1
Q07812,NP_751927,1
O75964,P17385,1
P62195,P03255-2,1
Q99496,P03129,1
Q9UI12,P04601,1
Q9H5Q4,P03452,1
P68400,Q72547,1
Q9H7E9,YP_009227196,1
O95983,Q77M19,1
P62701,P09992,1
Q96CW1,P27958-PRO_0000037566,1
Q15392,Q99IB8-PRO_0000045602,1
Q9NXW2,P06792,1
Q8N1F7,Q77M19,1
Q8TAT6,YP_009227201,1
K7ERV3,P03126,1
Q99471,Q9DUN1,1
P63151,P03427,1
O15260,Q8AZJ3,1
P62081,YP_009227196,1
Q6P1A2,P04578,1
P29692,Q1K9H2,1
Q9GZX7,Q784Z8,1
Q9UHV2,NP_803144,1
P18077,YP_009227200,1
Q96N66,P69901,1
P46977,P03485,1
Q8N726,Q8AZK7,1
Q15185,P04620,1
P51648,P29990-PRO_0000037929,1
Q00325,P35256,1
Q8N0U8,YP_009227198,1
P35268,P03454,1
Q8TF09,B4URE7,1
P30040,Q99IB8-PRO_0000045596,1
P19367,P05777,1
P08567,P08563-PRO_0000041302,1
P14209,Q1K9H5,1
P36776,P03470,1
Q92499,I6T1Z2,1
P05412,NP_751920,1
Q96I24,Q99IB8-PRO_0000045595,1
O95260,O36551,1
Q7Z5R6,P14335-PRO_0000037710,1
P21912,Q98131,1
Q96EY8,C5E524,1
P0C0P6,D0UZP9,1
P49901,P27949,1
Q92945,Q6QDQ4,1
Q71UM5,B9VXK6,1
Q9H6D7,P06929,1
Q2M3G4,O41946,1
Q9H1E5,YP_009227196,1
Q13637,P06460,1
Q13287,P06921,1
O15350-1,P27958-PRO_0000037566,1
P02545,P15682,1
Q9UI47,P04591-PRO_0000038596,1
H0UI45,P03427,1
O43164,Q69117,1
Q9HC07,P06460,1
P17844,P03427,1
Q9Y3U8,P05780,1
Q8TEL6,Q9WH76,1
O75419,P0C0U1,1
P00734,Q9WMX2-PRO_0000037550,1
P24539,P06792,1
P00387,P0DOE9,1
Q9ULX6,P29991-PRO_0000308465,1
P14209,Q9WMX2-PRO_0000037550,1
P50479,P0CK58,1
P62308,P04620,1
P62081,P27915-PRO_0000037989,1
Q12874,O40939,1
P08240,Q2MG95,1
Q96QD8,O36551,1
O60583,P18098,1
P78318,P03431,1
Q9Y5L0,F5HFG5,1
Q8IUR0,P68446,1
Q53GX7,P19712-PRO_0000038050,1
Q9UBT2,YP_009227201,1
Q5U5Q3,A0A024B7W1-PRO_0000443032,1
Q86UL3,YP_009227204,1
P62314,P15659,1
O95817,P06463,1
O43521,P03182,1
Q15165,P03182,1
Q6NUM9,P06461,1
P10914,P03129,1
P57721,P03496,1
Q9UHL4,Q9WMX2-PRO_0000037548,1
P01112,P27958-PRO_0000037566,1
Q8N2K0,YP_009227198,1
P57105,P29991-PRO_0000037944,1
P06748,P04608,1
P10144,P24933,1
Q9UHF1,P04578,1
P08621,P03433,1
Q9H6K4,Q32ZE1-PRO_0000435839,1
Q9NR31,YP_009227203,1
P13647,P03430,1
P09651,P05777,1
Q86VK4,P06429,1
P26641,P36780,1
P22626,P04620,1
Q99459,P05777,1
P49755,P04618,1
O15173,P03468,1
Q9Y257,P29996,1
O00232,P03430,1
Q12800,P03428,1
Q6PF05,P14079,1
P35222,P17383,1
Q71DI3,P15059,1
P01733,P04578,1
O75436,P06463,1
P49588,YP_009227204,1
O75477,P06460,1
P24534,P17385,1
Q147U1,I6TAH8,1
P62249,P15682,1
Q9H8Y5,YP_009227196,1
P08240,P0CK56,1
Q13901,P06428,1
Q8NBS9,P03470,1
P49736,YP_009227205,1
Q9H4I2,Q9WMX2-PRO_0000037548,1
P55040,P06428,1
P19387,YP_009227200,1
Q9NVJ2,P03468,1
Q15942,Q6DP94,1
P39019,P04487,1
Q9H6R7,YP_009227199,1
P11142,P29846-PRO_0000037675,1
Q12959,P06931,1
Q9H3L0,Q8JSN5,1
Q15024,YP_009227196,1
P16989,O56264,1
Q1KMD3,B4URF7,1
Q9H3G5,P03485,1
O15260,P06460,1
Q9P035,P15659,1
Q99816,Q99IB8-PRO_0000045599,1
P23396,P05780,1
Q13547,P03070,1
P84090,P15659,1
B7ZAQ6,Q8JSN5,1
Q7Z2T5,Q1K9H2,1
P78396,P03255,1
Q9UM00,P06792,1
O94808,P03470,1
B4DG79,YP_009227197,1
Q07817,P06423,1
Q9UBX3,Q77M19,1
Q8TEJ3,Q90VU7,1
Q14574,O40948,1
P46783,P03430,1
O15269,P06460,1
P68363,P05780,1
P49959,P03243-1,1
P50914,P0DOE9,1
P43686,P03508,1
P23246,Q6QDQ4,1
Q8WVQ1,P06788,1
P68371,Q20MH0,1
O75477,Q99IB8-PRO_0000045596,1
O00308,P06921,1
Q5SRD1,P03428,1
P02792,P89653,1
Q8NBJ5,P04578-PRO_0000038427,1
P22626,P05777,1
Q9NRB3,P29996,1
P08240,P69901,1
Q8TCT9,P06927,1
Q12893,P29991-PRO_0000037944,1
Q96EY7,P19712-PRO_0000038050,1
Q01650,B4URE7,1
G3XA98,P0C723,1
P20618,P03126,1
Q8NBS9,P04578-PRO_0000038428,1
O60684,P17388,1
P62888,YP_009227196,1
P05388,P36801,1
Q96S66,P06460,1
P03905,P03129,1
Q14137,C5E522,1
O00571,P03427,1
Q15392,P06927,1
Q16629,Q6QDQ4,1
Q9NVP1,P03433,1
Q96EY7,P03427,1
Q08830,Q9WMX2-PRO_0000037550,1
Q9NRX1,Q1K9H2,1
P62280,P09992,1
B4DET5,YP_009227204,1
A6NMH8,NP_955617,1
Q96CW1,YP_009227196,1
P53794,P06460,1
P61247,Q77M19,1
Q49A26,Q1I2B2,1
Q6IAN0,Q77M19,1
Q9BTE7,P03470,1
Q9HCU5,P29991-PRO_0000037944,1
Q15223,Q69091,1
P07339,P06429,1
O75396,YP_009227198,1
Q7Z7H5,P04618,1
Q9H814,I6TAH8,1
P46527,F5HC81,1
P84022,P06930,1
P49588,P05777,1
Q9Y6N5,P06461,1
Q96AM1,P06792,1
Q03519,P0C739,1
Q9BPZ7,Q1K9H5,1
Q969R5,P03255,1
P28482,Q77UV9,1
P52292,Q3KSS4,1
Q9BPW8,P03452,1
Q9H840,Q99IB8-PRO_0000045597,1
Q15388,NP_751919,1
P15328,P06477,1
P24534,P03470,1
H0Y4G9,P06930,1
Q07960,P03220,1
O14967,P03468,1
Q13563,YP_009227203,1
O14641,P03197,1
Q71U36,P03496,1
Q8N6S4,YP_009227200,1
P40227,P30119,1
P01100,NP_040842,1
Q14974,P29990-PRO_0000037929,1
Q9Y608,P03454,1
P31689,P03129,1
P41091,P05777,1
P55145,P0CK56,1
Q9Y3A2,Q8JSN5,1
Q9UBF2,P03468,1
Q5K4L6,P69901,1
Q96IV0,P04578,1
Q9Y5V3,P04020,1
Q07021,P05777,1
Q9Y3U8,P15659,1
P50616,P06930,1
P57059,P06428,1
Q8NI22,P06428,1
P62847,P05780,1
Q07065,P03468,1
Q6NSJ2,P14335-PRO_0000037710,1
Q96SB4,P05777,1
O75947,P05919,1
Q8IYX8,P03188,1
P35998,P04608,1
Q99832,P03470,1
O60220,B8ZX49,1
O95573,P03468,1
Q14244,YP_009227196,1
P14618,P15682,1
Q9NSC5,P0CK53,1
P40429,Q8AZJ3,1
Q9C086,P03129,1
P63261,P06930,1
Q49A26,P29991-PRO_0000037936,1
Q15427,P04591,1
Q13310,Q6QDQ4,1
O43927,P34015,1
Q13950,P36791,1
P17980,P30119,1
Q8IYX8,P06428,1
O00459,YP_009227199,1
P04792,P69723,1
Q96JJ7,P05777,1
Q96AQ6,YP_009227203,1
O00571,P05780,1
P17980,P03126,1
Q8NC51,P05777,1
O95232,P29991-PRO_0000037946,1
P51571,Q77M19,1
P23396,P03454,1
P62988,O41925,1
Q5VIR6,P12792,1
P31689,Q2MG95,1
Q5VY80,P16757,1
P47869,P36827,1
P38159,P19712-PRO_0000038050,1
Q9NQC7,P06463,1
P67809,P19712-PRO_0000038050,1
P39019,P15682,1
O00232,P03427,1
B7Z4C8,P36827,1
Q7L2J0,P04608,1
Q13347,P04620,1
Q96DZ5,P03427,1
Q14512,P10204,1
Q96JB5,Q76RI2,1
O15173,A0A0C7TUY8,1
O15228,P0DOE9,1
O94776,P15682,1
P05556,P69901,1
Q9NVP1,P03496,1
P42167,Q77M19,1
P11021,P05780,1
Q13155,P03126,1
Q9HB07,P06423,1
Q9Y230,P05777,1
O75787,YP_009227203,1
Q9Y6M1,P03470,1
Q9P0J7,P06932,1
Q9UJX3,Q20MH8,1
Q96DP5,P36817,1
Q14103,P05777,1
Q9UJY5,P06790,1
Q15046,B4URE7,1
P28300,B8ZX49,1
Q9Y6N5,Q8AZK7,1
A0FGR8,C5E519,1
P63313,P06428,1
P25101,P10191,1
Q8N0U8,YP_009227201,1
Q99623,P88970,1
Q12906,P08325,1
O43242,P0CK56,1
Q99933,P03070,1
P67809,D1LN35,1
P43378,Q77ZG4,1
P82673,P17388,1
P49368,P0CK48,1
Q5VIR6,YP_009227203,1
P04843,Q77M19,1
D6RJ07,Q20MD0,1
P05107,P04578,1
O75477,YP_009227197,1
P22830,Q98136,1
P21912,Q1K9H5,1
P25205,P06821,1
Q9H0M0,Q2HRB6,1
P23141,Q1K9H5,1
Q9UBK9,Q9WMX2-PRO_0000037548,1
Q9Y678,I6T1Z2,1
O95251,P06423,1
P05387,P03430,1
F8VXH9,P03428,1
Q5XKP0,B4URE7,1
Q9Y5J7,A0A024B7W1-PRO_0000443029,1
P40937,P06428,1
Q13310,P15682,1
P10606,P29991-PRO_0000037941,1
Q01650,P06927,1
P28072,P13285,1
P62333,YP_009227197,1
P0C0S5,P03470,1
O15350-2,P03126,1
P05455,P04620,1
Q9BUZ4,P10230,1
P09496,P06790,1
P62633,P03070,1
Q53H12,Q77M19,1
P00846,P0C739,1
Q02809,P03211,1
Q00839,P04487,1
P17302,P03246,1
Q8IV56,P27958-PRO_0000037566,1
P46109,Q99AU3,1
P18887,P06428,1
O00308,P03118,1
Q96HS1,P90495,1
P68371,P05780,1
Q9Y399,P03496,1
Q13155,P04591-PRO_0000038593,1
Q9BZG1,P0CK49,1
O00330,F5HBQ9,1
P00403,NP_751925,1
P62879,Q05322,1
O60906,YP_009227203,1
Q9BZQ6,P04578,1
Q93062,P03508,1
Q5W0U4,Q2PJP1,1
O95302,O40939,1
Q8N423,M0QUH6,1
O95816,P30119,1
Q8WUY8,P06460,1
P43364,Q67296,1
Q9GZQ8,P03470,1
P48556,P03454,1
Q9Y4K3,Q6SWB7,1
O00571,P15659,1
Q96CV9,P0CK48,1
Q9UHQ9,P05919,1
O60684,P31345,1
O75947,P06460,1
Q9UGM5,Q69027,1
Q9UBU9,YP_009227196,1
Q96L58,YP_009227197,1
P61106,P05780,1
P06493,P12978,1
P08240,P0CK48,1
O60220,P29991-PRO_0000308279,1
P78556,O57300,1
Q9UHD8,P09992,1
Q8N6Y0,P29882,1
Q9UKD2,P29991-PRO_0000037946,1
Q9ULX6,P03433,1
Q04323,P05780,1
Q7Z2W9,I6TAH8,1
Q6NUQ4,YP_009227200,1
P12235,O56264,1
Q8NF37,P29990-PRO_0000037929,1
P45973,Q99IB8-PRO_0000045602,1
Q99733,P03454,1
O00165,P17388,1
Q96A35,P29991-PRO_0000037936,1
Q9NQZ2,YP_009227196,1
P03928,A0A024B7W1-PRO_0000443029,1
O43765,Q1K9H5,1
Q92973,P03126,1
Q9UQ80,Q9QLP4,1
P05198,P03454,1
Q8TEY7,P06430,1
Q4V339,Q77M19,1
P17812,P05777,1
Q14192,Q9WMX2-PRO_0000037551,1
Q96I25,P03430,1
Q93088,Q76R62,1
P62487,P03428,1
Q92905,P05780,1
P16989,P04487,1
P13674,YP_009227200,1
Q96IX5,P0CK56,1
O15173,Q2MG95,1
Q96C10,P30927,1
Q9NYF3,P06921,1
Q9Y312,I6T1Z2,1
P11021,P03430,1
Q96BJ3,P06429,1
O00178,D0UZS0,1
Q6P1J9,Q5EP37,1
P0DMV8,P69723,1
P02768,P89653,1
P67870,YP_009227205,1
J3KR69,P03431,1
Q96G23,YP_009227196,1
P29966,P30119,1
Q07065,P06428,1
Q6NUQ4,YP_009227196,1
P26196,P03470,1
P02545,O41970,1
C9JIZ6,P06930,1
P62277,P06428,1
Q03518,P06927,1
Q96GA3,YP_009227205,1
Q53GQ0,P06792,1
O95210,YP_009227203,1
Q9BQE3,Q89733,1
Q07955,P06790,1
Q9Y3Q8,P14075,1
P53680,P03470,1
P02538,P03118,1
P18621,P03454,1
P67775,Q77M19,1
P24666,P0DOE7,1
Q6ZRP7,P17387,1
Q9NPQ8,P05780,1
Q86T03,B4URE7,1
Q8WXA9,P03466,1
B3KS98,Q9WMB5,1
E7EQB3,P06463,1
Q05682,P03470,1
Q99615,YP_009227200,1
P04637,P03243-1,1
P28288,YP_009227200,1
Q9Y258,P24766,1
P31941,Q784Z8,1
Q12797,Q77M19,1
O43390,P06428,1
Q9UI14,P06927,1
P47897,Q99IB8-PRO_0000045596,1
P51991,P03454,1
O14763,K9UT94,1
Q2TAY7,P15682,1
Q9HD45,P06460,1
P35637,P12792,1
P00966,P36801,1
P20700,P03430,1
Q6ZUT1,P29991-PRO_0000037946,1
Q9BSP0,P29996,1
Q9UGP8,P06792,1
Q9Y4W6,Q99IB8-PRO_0000045596,1
P21291,P03070,1
P61803,P06460,1
Q86U42,Q9WMX2-PRO_0000037541,1
Q9H300,P29990-PRO_0000037929,1
B4DLR8,P03431,1
Q8WUV3,YP_009227199,1
Q8N4Y2,P36817,1
P17987,P05777,1
O00231,B4URF7,1
Q12959,P0C213,1
Q8WWY3,Q6VGT1,1
P04843,YP_009227203,1
Q9UNM6,P03454,1
P14618,P0C6N0,1
Q8WWY3,P06428,1
Q9NZI8,Q6VGS8,1
Q99729,P03454,1
Q8TB61,P06460,1
Q15038,Q8JSN5,1
P13010,P03470,1
P27105,P0C739,1
Q16186,Q77M19,1
Q96KC8,YP_009227200,1
P04004,P17385,1
Q14457,P89653,1
P18077,P04487,1
Q9P2W9,YP_009227203,1
Q9BZE1,YP_009227197,1
P16435,P04578,1
P62841,Q82506,1
O75419,P03428,1
Q9UHI6,P06821,1
P40926,P03470,1
P49755,P06460,1
Q99567,E5LBS6,1
O15173,YP_009227204,1
Q8TAE8,P03410,1
Q09028,P03470,1
Q9Y5Q9,YP_009227205,1
P84077,P36810,1
P05161,Q9DUG7,1
Q9NXE4,YP_009227203,1
O00629,O41946,1
P51114,P03430,1
P20809,M0QTU7,1
O43889,Q66479-PRO_0000039499,1
O75928,P03427,1
Q15020,Q05127,1
Q8WVF5,P06477,1
P28702,P06428,1
P62424,P36801,1
Q7L7L0,Q84940,1
P02647,Q9WMX2-PRO_0000037550,1
P62873,P06821,1
Q9UBU9,P09503,1
Q9Y676,P03204,1
Q99816,Q99IB8-PRO_0000045602,1
P62851,P03129,1
Q9UBQ5,Q32ZE1-PRO_0000435842,1
Q11206,P05777,1
Q9Y230,Q69117,1
Q9BUP0,B4URF7,1
Q8WVX9,Q1K9H5,1
Q70UQ0,P03246,1
P12235,Q01220,1
Q6PIU2,P0C739,1
Q9Y3B2,P06430,1
P07900,P27958-PRO_0000037573,1
Q04917,YP_009227197,1
Q9Y3M2,Q9WMX2-PRO_0000037548,1
Q8WUX9,YP_009227203,1
O95297,P03246,1
O14733,O40948,1
P35900,Q1I2B2,1
Q13200,P05780,1
Q13263,P06929,1
P05556,NP_751921,1
P63167,P03433,1
P38935,YP_009227196,1
Q13077,P0CK48,1
Q86VP1,P36791,1
Q9UNM6,P04578,1
P33681,P04601,1
O00400,YP_009227196,1
P06730,P03427,1
P35606,P0DOE9,1
P68133,Q20MH8,1
P07910,Q6QDQ4,1
O00303,P09992,1
Q9BUQ8,P05777,1
P31949,Q77M19,1
B7ZM74,P03427,1
Q96QD9,YP_009227204,1
P15954,P06429,1
G3V325,P03431,1
Q9UHR5,P06464,1
P34932,P03470,1
P47992,Q2F862,1
P36941,NP_751919,1
Q8WWY3,P03430,1
Q9NUQ2,P03468,1
P05165,Q8AZK7,1
Q96NB2,P29991-PRO_0000037944,1
P61619,P03496,1
Q14978,P03428,1
Q9P032,P05777,1
P55010,P05780,1
Q9UL15,P03431,1
P07339,P06929,1
O75113,P24772,1
Q9Y2L1,P06429,1
A0AV02,P06930,1
P52294,P03431,1
P08574,P06821,1
P25445,P0C739,1
Q9UBB4,C5E526,1
Q8WV28,Q69022,1
Q9Y605,Q9WMX2-PRO_0000037547,1
P12277,P03496,1
P13674,C5E524,1
Q99615,P03081,1
Q9UMS4,YP_009227205,1
O60563,P18098,1
Q9UL15,YP_009227202,1
P35241,P05777,1
Q2TB90,P03433,1
A0A3B3IT92,P03433,1
Q96JJ7,P0CK56,1
P01892,P17385,1
Q8N2K0,Q2MG95,1
P62306,P04620,1
Q1KMD3,P03433,1
Q9UJY1,P15659,1
P11387,P03427,1
Q8IUD6,P06788,1
X6R8A1,P06428,1
Q8N448,P03485,1
Q9UNQ2,P15682,1
Q96SB4,P17383,1
P35606,P03452,1
Q96J02,P13285,1
O75928,NP_941977,1
Q6FI13,P05777,1
Q15653,P14340-PRO_0000037965,1
P05141,Q9WPI5,1
Q7Z434,Q69027,1
O94927,YP_009227202,1
P61201,P12520,1
Q6IAA8,P0CK58,1
Q02818,Q9WMX2-PRO_0000037550,1
O15350-1,P03126,1
P0CG47,P36817,1
O43390,P29991-PRO_0000037936,1
P08708,Q1K9H5,1
Q9HBH5,Q32ZE1-PRO_0000435839,1
P62805,P03430,1
Q96CS2,B4URF7,1
Q96JT2,P06428,1
Q9H5Q4,P03468,1
P08621,YP_009227205,1
P08670,P15659,1
Q58FF7,P29990-PRO_0000037929,1
P42224,Q4VW77,1
P50402,P03177,1
P36776,P09992,1
Q99615,P03070,1
O15269,C5E524,1
Q5VV42,YP_009227196,1
P25705,P03470,1
Q9HD26,Q6VE52,1
P04632,Q1K9H5,1
Q9H078,P03427,1
P49368,Q1K9H5,1
P63098,O36972,1
Q9UJ14,C5E526,1
P12814,P18099,1
Q9HC07,P03081,1
O94905,P06460,1
P42166,Q2MG95,1
Q01813,Q2MG95,1
P60842,P16749,1
P07237,P24835,1
O15235,P06788,1
Q03135,P06460,1
Q12834,P06428,1
Q9UJY5,P14335-PRO_0000037710,1
P52630,A0A024B7W1-PRO_0000443032,1
P33176,Q1K9H5,1
P13236,P29996,1
P12956,P29991-PRO_0000037936,1
P28562,Q80HW9,1
Q13227,P36780,1
O15173,P0C739,1
P04083,P06463,1
Q8N163,Q8AZK7,1
Q16576,Q05322,1
A6ND22,P03496,1
Q96KN4,Q8JSN5,1
Q8WWY3,P06422,1
Q9Y6N5,P17389,1
P13807,Q32ZE1-PRO_0000435842,1
Q07020,Q77M19,1
P49755,Q1K9H5,1
P62244,P03454,1
Q01130,P05777,1
Q9UKV5,P06927,1
Q14318,O39474,1
P46091,P08563-PRO_0000041304,1
Q9UK41,Q1K9H5,1
P00403,P03428,1
Q8N257,P04620,1
Q13563,P06460,1
P13984,YP_009227196,1
Q96J01,Q20MH8,1
P02511,Q805P6,1
Q53FP2,P06460,1
P29966,P0CK48,1
Q16555,P09992,1
P13489,P04591-PRO_0000038596,1
Q15008,P03430,1
Q7L5D6,YP_009227197,1
Q14241,YP_009227196,1
Q8IY82,Q82506,1
P17844,P09992,1
P11021,P03129,1
P62266,P04487,1
Q0VD86,Q6VGT1,1
I3L318,P03427,1
P51553,C7E5A9,1
Q8N0U8,Q77ZG4,1
O14744,P03427,1
P07948,Q1HVJ2,1
P11021,P36780,1
Q12906,P03427,1
Q5M9Q1,P17383,1
P01889,P03454,1
Q8NF37,P03496,1
P38646,P15682,1
Q6NZI2,P03211,1
Q9H269,YP_009227202,1
P10809,YP_009227202,1
Q13907,YP_009227205,1
Q96S66,YP_009227201,1
P46776,P03427,1
Q8WVX9,Q77M19,1
P18669,P15682,1
Q6PIU2,P06927,1
Q6UN15,Q05323,1
O15173,Q77M19,1
P17987,P09992,1
Q9BVT8,P17385,1
Q00577,P03072,1
Q04837,P17386,1
O60925,YP_009227199,1
Q9Y2Z0,Q20MH8,1
Q32Q12,P03204,1
Q92569,Q01220,1
P41250,P05777,1
Q49A26,Q9WMX2-PRO_0000037548,1
Q9H814,C5E522,1
Q9BQ70,Q1K9H5,1
P63208,P03431,1
P68133,Q82506,1
O94808,P15659,1
Q9Y2S7,P06921,1
P61962,I6T1Z2,1
Q9H307,P16749,1
P48643,P03508,1
O60869,P03495,1
P07437,YP_009227202,1
Q96BP2,P04618,1
Q14764,P03496,1
Q9UKT9,P04020,1
Q6N089,P0C6Z8,1
O00487,P03454,1
C9J2P2,P03427,1
P05106-1,O41949,1
Q9Y2G8,YP_009227201,1
P22087,P03428,1
Q9BQY9,Q8JSN5,1
P11142,P09992,1
Q7Z4Q2,YP_009227196,1
Q12906,P04620,1
P08107,P27958-PRO_0000037576,1
Q07020,YP_009227196,1
Q9Y375,A0A024B7W1-PRO_0000443029,1
O43294,P0C739,1
P49458,YP_009227201,1
Q8N423,B9A6D9,1
Q9P1Z2,P17383,1
O94826,P0DOE9,1
C9JAW5,P03496,1
O14770,P10191,1
A0A0C4DG91,P06929,1
P43243,P05777,1
Q8IZ07,P13285,1
P43487,P05919,1
P53999,P29991-PRO_0000037946,1
Q14699,P06460,1
Q8WTV0,P26663-PRO_0000037533,1
O15350-2,P27958-PRO_0000037566,1
Q96CT7,P29991-PRO_0000037946,1
Q8NAV1,P29991-PRO_0000037946,1
P12532,YP_009227196,1
P12004,P29990-PRO_0000037929,1
O14972,P88980,1
P13995,P17387,1
Q9NZC7,P88911,1
P98179,P29991-PRO_0000037946,1
Q96C57,Q32ZE1-PRO_0000435842,1
O60711,NP_751919,1
B0QY89,P06428,1
O60664,P05780,1
Q14596,YP_009227203,1
O00505,P0C1C6,1
Q02809,Q1K9H2,1
Q5W0B1,P0CK48,1
P49736,YP_009227197,1
Q92604,P03452,1
Q8NBS9,YP_009227204,1
O60844,P0C045,1
P50402,P06461,1
P61254,P03427,1
P51148,P06460,1
Q8N163,P03452,1
P37198,YP_009227202,1
Q13451,Q9WMX2-PRO_0000037552,1
Q9NXP7,Q9WMX2-PRO_0000037551,1
Q9Y371,P03211,1
Q9NXF7,P04608,1
Q96S59,Q2I360,1
Q9HBE1-1,P03107,1
Q9P2W9,P29996,1
Q8N3C7,P27958-PRO_0000037566,1
Q9UHI6,P12520,1
O94905,P06461,1
Q13501,P03428,1
Q9NX40,YP_009227200,1
Q9Y224,D1LN35,1
Q96H12,Q9WMX2-PRO_0000037548,1
O60256,P05777,1
P49023,P0CK48,1
Q9UBX3,P05777,1
Q9NSN8,P06463,1
P53365,P03120,1
Q03135,P0DOE7,1
B7Z9L0,P03452,1
Q15005,P29996,1
P46778,P03454,1
P52292,P29990-PRO_0000037929,1
Q14145,P17382,1
Q9UBS8,YP_009227197,1
P60468,Q77M19,1
O43557,P10204,1
Q13347,P03470,1
Q96JC1,B8ZX42,1
P55036,P15659,1
Q96D09,P0CK48,1
Q9NQX7,P03182,1
Q04917,P06821,1
O00541,YP_009227196,1
P07737,P03496,1
Q06481,Q8JSN8,1
P35606,P06460,1
P62913,Q89733,1
Q9Y512,B4URF0,1
P18825,Q20MH8,1
Q8N2M8,Q32ZE1-PRO_0000435842,1
Q13049,B4URF7,1
Q9BUJ2,P04413,1
O00264,P0C739,1
Q07812,P03246,1
P61201,P29991-PRO_0000037941,1
Q6UVJ0,P03243,1
Q9BYC9,P29991-PRO_0000037936,1
O00231,P03452,1
O43175,P29990-PRO_0000037929,1
O94880,Q99IB8-PRO_0000045599,1
Q9UPN7,P30119,1
P62701,P15682,1
P38646,P03470,1
P06748,P0C6L3,1
P22695,Q77M19,1
O75746,P69901,1
P35998,P15659,1
Q8NHQ1,Q20MD1,1
P02545,P03129,1
Q9NRN7,Q20MH0,1
Q9NYJ8,P29991-PRO_0000037940,1
P55884,P03496,1
O75947,P0C739,1
P36578,P15659,1
Q96A08,Q05127,1
P23526,P03470,1
Q13547,B4URF7,1
Q9Y4P3,P06792,1
O95831,P03430,1
Q15286,A0A024B7W1-PRO_0000443029,1
Q9H5V8,P06921,1
O75955,YP_009227203,1
Q9NRJ3,P34015,1
P42766,Q77M19,1
Q96GD4,P24830,1
P04083,P36810,1
Q07812,Q6SW94,1
Q9BUN8,P06460,1
P07196,P04020,1
Q8N2K0,P0CK56,1
P62879,P06821,1
P0DI83,P03246,1
O60353,P0C739,1
Q10589,B4URF0,1
Q13547,Q64770,1
O96013,P04020,1
Q9UPN7,P0CK56,1
Q9UHV9,P0C045,1
P32239,P03087,1
O00746,YP_009227205,1
O75947,P17385,1
Q9Y4E8,P03126,1
Q9Y2W1,P03454,1
P60842,Q77M19,1
Q96QD8,P06460,1
Q9BWF3,P06932,1
Q9UI12,I6T1Z2,1
Q5VWK5,P36801,1
P30519,YP_009227201,1
P25116,P0CK58,1
P62263,P15659,1
Q9Y6M5,P06927,1
P68104,Q8JPQ9,1
P09234,P05777,1
Q9UHV2,P27958-PRO_0000037566,1
P01903,Q80HW9,1
Q14103,P04620,1
P08107,P29846-PRO_0000037675,1
P62273,P15682,1
Q08380,D1LN35,1
P08246,P0C1C6,1
Q9UBB4,Q77M19,1
A0A0C4DGQ5,P06929,1
P27797,P04620,1
Q9Y6V7,P04591-PRO_0000038596,1
Q6ICL0,P06428,1
P02675,Q99IB8-PRO_0000045603,1
Q15485,Q9WMX2-PRO_0000037550,1
P00352,P06821,1
P82673,P03428,1
P51148,P0DOE9,1
Q9NZ01,P0C739,1
P43243,Q8JPQ9,1
O43852,P15682,1
P35610,YP_009227204,1
P49736,P03428,1
O75964,P06792,1
Q15424,Q82506,1
Q13416,Q1HVF7,1
P62280,P03454,1
P62316,P15659,1
P59665,P0C1C6,1
P07093,P06460,1
Q9NQ55,C5E522,1
E9PKV2,P03496,1
P18621,P03470,1
Q96L58,YP_009227196,1
Q86VP1,P03118,1
P52789,P03470,1
P18077,YP_009227197,1
Q7Z419,P03087,1
P47897,P05780,1
P09486,P0CK49,1
P21579,P03087,1
P14868,P05780,1
Q15052,Q9WMX2-PRO_0000037548,1
Q9UGI0,O41957,1
Q9BTV4,P03246,1
Q9NX14,P29991-PRO_0000037944,1
Q99653,P03452,1
Q96MW5,Q99IB8-PRO_0000045597,1
Q9BSY4,A4ZNQ2,1
P13010,YP_009227196,1
P48643,Q05322,1
Q13617,P12504,1
P31946,P03496,1
P43246,Q76RF6,1
P17987,P03470,1
Q9Y266,P05777,1
P47756,P06821,1
Q9NP97,Q1K9H5,1
P28062,P27958-PRO_0000037573,1
Q9UHL4,Q69117,1
Q9UG63,P03468,1
P03973,A5Z256,1
Q06330,Q9Q2P0,1
Q9BYC5,A0A024B7W1-PRO_0000443029,1
E9PF06,P03431,1
Q9UK97,YP_009227202,1
O60291,Q77UU2,1
Q9NRG9,Q1K9H5,1
Q9UL42,P17383,1
P54725,P06465,1
Q53EU6,YP_009227204,1
Q9H4K1,P14079,1
Q13445,P03087,1
Q00587,Q77M19,1
A8KAG1,Q1K9H5,1
Q96I24,Q20MH3,1
P62736,P04487,1
P52429,YP_009227200,1
O15228,Q98138,1
O75477,P06461,1
Q9UJX2,Q9WMX2-PRO_0000037548,1
P04844,P17385,1
Q99675,P0C739,1
Q8WY36,C5E527,1
Q13363,Q69138,1
P11413,YP_009227199,1
Q00839,P03454,1
Q9BYG3,P03466,1
P25789,P05780,1
Q9HCN8,Q05322,1
P62979,P06932,1
Q8N6R0,P06930,1
P30626,P03211,1
Q12805,Q9WMX2-PRO_0000037551,1
O43684,P29991-PRO_0000037946,1
P62333,P03070,1
Q15008,Q77M19,1
Q8IWX8,P03430,1
O75396,Q8AZJ3,1
Q3KQU3,P03428,1
O94929,P06460,1
P55060,P05777,1
P84077,P03427,1
P30050,Q58HT7-PRO_0000268116,1
Q9Y291,P29991-PRO_0000037936,1
Q8TD10,P03070,1
Q9Y2Y4,P03129,1
P50613,P04608,1
P68104,P06465,1
P81172,Q9WMX2-PRO_0000037550,1
Q6UY11,P06428,1
P49588,YP_009227197,1
Q7Z4V5,Q32ZE1-PRO_0000435842,1
Q13895,P03070,1
P02675,Q99IB8-PRO_0000045599,1
Q9H6S1,P17362,1
P61421,B4URE7,1
P06748,Q1K9H2,1
Q8N5F7,P29991-PRO_0000037946,1
O15111,P50778,1
Q9BUJ2,P17388,1
P06748-3,Q99IB8-PRO_0000045592,1
Q9UKC9,Q9WMX2-PRO_0000037551,1
P15514,P36780,1
P40616,P03182,1
Q14331,P15682,1
P08865,Q77M19,1
Q9GZV8,P10238,1
Q9NYP7,P17385,1
Q13227,P24830,1
Q9Y399,I6TAH8,1
P10412,P05777,1
Q9Y265,P04620,1
Q8WUY1,YP_009227204,1
P16435,YP_009227203,1
Q3B820,P06429,1
P47914,Q82506,1
P46776,Q0HD54,1
A1L0V1,P0C736,1
Q9H0W5,B4URE7,1
O00214,Q05320,1
O95817,P05777,1
Q9Y696,P05777,1
P60174,P05777,1
Q15717,P03454,1
P63010,P03470,1
P98175,Q99IB8-PRO_0000045602,1
P22695,P03468,1
P60900,P03070,1
Q9BUP0,Q194T2,1
Q92973,P36741,1
Q3ZCQ8,P05777,1
Q96BW1,Q69138,1
P17844,Q8JPQ9,1
Q99729,Q20MH0,1
O14907,P06463,1
Q16629,P06921,1
O60684,P03211,1
P31689,P03454,1
P68104,Q01220,1
P01034,C4P226,1
P04083,P06427,1
P19387,Q98140,1
P33993,P03468,1
P22626,P03454,1
Q92604,P06460,1
P02649,P27958-PRO_0000037569,1
Q86U28,O40945,1
P53618,P29882,1
P05556,P0CK58,1
Q9H4A6,Q76RI8,1
Q9BYG5,P06932,1
O14681,Q9WMX2-PRO_0000037541,1
O43889,P03468,1
P23588,Q20MH0,1
Q15050,Q1K9H2,1
P28072,Q1K9H5,1
P69905,Q58HT7-PRO_0000268103,1
P24539,P17367,1
Q7L1W4,YP_009227203,1
P85037,B8PZP3,1
P48643,Q00335,1
Q2NL82,Q5EP28,1
Q8WWH5,P04015,1
Q96CS3,P06461,1
Q9UNM6,P03468,1
Q96ME7,Q05127,1
P62826,P03129,1
Q9BW61,P03427,1
P62269,P05777,1
Q6P1W5,P06932,1
O95816,Q2MG95,1
Q8N766,YP_009227196,1
E9PF18,P36817,1
P25788,Q69139,1
P14618,P05780,1
P83731,P05777,1
H3BSP9,Q76R62,1
Q9H0U3,YP_009227196,1
P02749,P04591,1
Q9UBE0,P05777,1
Q9UI14,NP_040976,1
P62318,P03427,1
P49588,YP_009227201,1
Q9UEW3,P0CK47,1
Q99653,P03182,1
P49756,P15682,1
Q99747,P05780,1
Q12959,P89079,1
Q92973,P29991-PRO_0000037944,1
P37173,P0CK58,1
Q9Y5K5,Q2MG95,1
P02795,H9XIJ5,1
Q96EY1,P30119,1
P20226,P06921,1
P24539,P29990-PRO_0000037929,1
P34932,Q2MG95,1
P19474,P03454,1
Q99797,YP_009227204,1
Q92804,P03129,1
P49821,O36551,1
P43686,P03468,1
O15321,P0C739,1
Q9NVV0,P04578,1
P35998,P03427,1
P46093,P03087,1
Q5QPL9,P03433,1
Q9P0I2,YP_009227204,1
H7C5E2,P03433,1
P08238,P21698,1
P23284,P03470,1
Q9Y3D5,Q1K9H2,1
Q13227,P06930,1
O95831,P03427,1
P36954,Q98140,1
O95070,YP_009227203,1
Q9Y262,Q32ZE1-PRO_0000435842,1
P69905,K02718,1
Q93062,P30119,1
Q9BZG1,P03246,1
Q9UBT2,YP_009227197,1
P43686,Q69117,1
P01891,P88970,1
P02538,P04015,1
P30050,P03427,1
Q6UE05,P03087,1
P62424,P03427,1
Q9Y6X4,YP_009227196,1
P42166,P03246,1
O95424,P27958-PRO_0000037566,1
P08172,P69901,1
P55084,P03431,1
Q9GZQ8,P05777,1
Q9H898,P03496,1
Q13895,I6TAH8,1
P82933,P04618,1
O95232,P03431,1
P62191,P03470,1
P08708,P03470,1
Q92542,P03485,1
Q9GZR7,P88990,1
P82673,P05777,1
Q99584,P06460,1
Q86XZ4,P06422,1
P02545,P05777,1
Q86SG4,Q9QLP4,1
Q9P258,O40945,1
Q02878,P36827,1
Q15006,YP_009227201,1
O75794,P03496,1
Q96N11,P06930,1
Q6ZMU5,P06788,1
P01106,P03070,1
P79522,P29991-PRO_0000037936,1
Q9P2W9,YP_009227200,1
Q13257,B4URE7,1
O00303,P06929,1
Q9H5H4,C5E524,1
Q8NEW0,P06461,1
Q86Y82,P0C739,1
Q13443,P69901,1
P52272,P05780,1
Q9NX40,P06792,1
P62277,P03508,1
Q9H501,YP_009227205,1
Q9NWR8,A0A024B7W1-PRO_0000443029,1
Q8NBU5,P06792,1
P50402,Q8AZK7,1
Q12904,Q05320,1
Q6RW13,P06821,1
P62820,P29991-PRO_0000037944,1
O76050,E7BBT6,1
Q16342,P18272,1
P34931,YP_009227198,1
P35610,YP_009227196,1
O60828,P29991-PRO_0000037946,1
Q9BZE1,P09992,1
Q6FH22,P0C706,1
Q92544,P0DOE9,1
P18621,P15682,1
P49257,YP_009227196,1
Q07869,NP_751919,1
Q13323,P03185,1
P23528,P03454,1
P62258,P0DOE9,1
Q9UNK9,B4URF7,1
P55884,P05777,1
Q13505,P05780,1
Q99081,P03508,1
Q92945,P15682,1
Q9Y4W2,I6T1Z2,1
Q9P0J7,P05780,1
Q13347,P05777,1
P62140,P03496,1
Q9NXH8,P06461,1
Q9UKM9,O56264,1
Q9Y4P3,P06461,1
O00264,P0CK49,1
Q99832,P05777,1
P53365,P36780,1
Q659A1,YP_009227205,1
Q99459,P03470,1
P27701,NP_751926,1
Q9BY44,Q77UV1,1
Q53H12,B4URE7,1
Q92665,P03433,1
P23396,P03430,1
O15371,Q9Q2G4,1
Q52LJ0,YP_009227197,1
Q15005,YP_009227204,1
Q13164,Q1HVD6,1
Q99750,Q1HVF7,1
Q96JB2,Q99IB8-PRO_0000045597,1
P21964,P06792,1
P30050,Q20MH0,1
Q8N2K0,YP_009227204,1
P46777,Q9QLP4,1
Q8TC07,P05919,1
P01579,NP_579876,1
Q9BQ50,A0A0C7TBS6,1
Q07955,P04015,1
Q8TAA9,YP_009227200,1
Q96F46,P10229,1
Q9Y4W2,Q20MH8,1
P43243,P29991-PRO_0000037946,1
Q9NQB0,Q99IB8-PRO_0000045599,1
P55884,P03431,1
Q9NX61,P0DOE9,1
P00403,P06465,1
C9JFX4,P36817,1
P09382,P03508,1
P08579,YP_009227200,1
Q9NWA0,P0DOE9,1
P13010,P16727,1
Q15022,YP_009227196,1
O00299,P04578,1
Q71U36,H2A1D8,1
P47897,P03496,1
Q96GC9,P06460,1
O43759,P29991-PRO_0000037944,1
Q9GZT3,P03070,1
O60762,Q99IB8-PRO_0000045596,1
Q12981,P29991-PRO_0000037944,1
Q9Y265-1,Q99IB8-PRO_0000045596,1
Q9NP72,P03468,1
Q52LJ0,YP_009227196,1
P00338,P36801,1
P43360,P03428,1
P28072,P04578-PRO_0000038427,1
P68104,P14340-PRO_0000037966,1
Q6NXE6,Q99IB8-PRO_0000045597,1
Q8TCN5,C5E527,1
Q9H4L5,Q9Q2G4,1
Q86X95,P18378,1
Q9C0F1,P0CK48,1
P47914,Q77M19,1
P25786,P03070,1
O95816,P03508,1
O75494,YP_009227200,1
Q96NT0,YP_009227196,1
P60900,B4URF7,1
Q53GQ0,P04578,1
Q06830,Q77M19,1
Q96SB4,C5E522,1
P05166,P68466,1
Q8N2A0,P36801,1
P49721,P06429,1
P62280,P04487,1
Q6PEY2,P03070,1
P15927,YP_009227199,1
P22234,P06427,1
Q63ZY3,YP_009227205,1
P61457,Q8JSN8,1
Q16236,P36780,1
Q12849,Q05127,1
Q16543,Q76RF1,1
P26196,P04578-PRO_0000038427,1
Q01650,P06792,1
O00459,I6T1Z2,1
Q13164,P16727,1
Q68D91,A0A024B7W1-PRO_0000443029,1
P68400,YP_009227199,1
Q5SWX8,YP_009227196,1
O00232,P17388,1
P60866,P15682,1
Q8N7W2,Q04360,1
O43707,P03496,1
O43791,P03120,1
O95096,Q8JSN5,1
P56134,P29990-PRO_0000037929,1
O43390,P03508,1
P09543,P0CK56,1
Q8IXQ5,Q05322,1
Q8NC51,Q77M19,1
P27105,P29991-PRO_0000037944,1
Q9NV66,YP_009227203,1
Q9UGN4,M0QUZ1,1
O43242,P30119,1
Q8WVM8,P69901,1
P34932,Q9DUG7,1
D6REE5,P24835,1
P52907,Q9WMX2-PRO_0000037551,1
Q99873,P04591,1
O43395,P88983,1
E7EQR4,P03433,1
P28331,P06792,1
Q99523,P0CK56,1
P50990,Q1K9H5,1
P67809,Q6QDQ4,1
Q9P1Z2-1,P88980,1
Q12907,P0DOE9,1
P17096,P05777,1
Q14576,P10205,1
Q9Y6C9,O36551,1
O75821,P15682,1
Q9UIV1,E5LBX2,1
P31943,P03470,1
P13073,Q77M19,1
P98175,P15682,1
Q1KMD3,P03496,1
Q96G03,YP_009227203,1
P04264,P03427,1
P25116,P0CK49,1
Q9NR12,P03220,1
P05388,P05777,1
Q13454,P04578,1
Q86VR2,Q32ZE1-PRO_0000435839,1
P01111,Q99IB8-PRO_0000045600,1
P48444,P15682,1
P62273,P03427,1
P05556,P03452,1
Q07666,P03454,1
O75886,P08563-PRO_0000041303,1
Q9BRH9,P03118,1
O60313,P06821,1
Q96EL3,Q32ZE1-PRO_0000435829,1
Q13884,P14079,1
E9PFW3,NP_579895,1
Q12959,P03383,1
P58876,P15059,1
Q96B45,Q05127,1
Q9H3U1,P0DOE9,1
O95232,P03454,1
Q96RL1-1,O41947,1
P62269,P08393,1
Q96GQ7,YP_009227196,1
Q96IP2,P03496,1
P67809,P15659,1
Q7L5N7,P06428,1
Q8TF32,P06932,1
P68104,P03454,1
Q9UNM6,P15659,1
Q53GQ0,P03433,1
Q16611,P06463,1
Q9P246,YP_009227200,1
P68104,Q1K9H5,1
P18846,P03259-2,1
O15379,P08393,1
P46977,P0DOE9,1
P58557,P03468,1
Q96BI1,P06460,1
O94776,YP_009227203,1
Q9H9J2,P03508,1
O00505,O40917,1
Q7Z7M9,P36827,1
P49368,P04020,1
Q5XKP0,YP_009227204,1
P13051,P14739,1
P18124,P36801,1
Q9BRP8,YP_009227196,1
O14967,P04578-PRO_0000038427,1
A0FGR8,P06461,1
P09651,Q05127,1
P22492,Q997F2,1
Q16236,P03118,1
Q9Y224,P04620,1
Q9H1C4,P06460,1
P61978,P15659,1
P31942,Q997F2,1
P25787,Q1K9H5,1
P36897,P06821,1
Q71RC2,YP_009227202,1
Q5BJE1,P15682,1
P14672,P03410,1
P52789,P05777,1
Q13454,P29996,1
P05556,P06460,1
B9EGL1,P06463,1
Q9Y3U8,P03470,1
D6REE5,P06428,1
O14524,P04578,1
Q9NTJ5,Q99IB8-PRO_0000045600,1
O60762,P03468,1
O43390,Q0HD54,1
Q6P3W7,P15659,1
P50222,P03433,1
O75461,P03129,1
O95816,P03081,1
P14324,P05780,1
O95985,YP_009227202,1
Q96KB5,P06429,1
P07307,Q69028,1
Q9HC07,B4URE7,1
Q9NX61,YP_009227201,1
P23497,P03496,1
P00846,Q20MH4,1
P19525,P20639,1
P61927,P03430,1
P35221,O40948,1
Q9BTX1,YP_009227200,1
Q9Y5L0,YP_009227201,1
Q8N5R6,P08393,1
P62424,P03454,1
Q15645,P04620,1
Q96EY1,P03430,1
P31943,P04620,1
Q9H3N1,P0DOE9,1
Q13185,Q69022,1
Q9NVI7,P03470,1
Q8NA61,Q2KRY7,1
P30041,Q1K9H5,1
Q5JTV8,YP_009227196,1
A6NJA2,P06821,1
P29692,P03470,1
B5MCX3,P03431,1
Q96GQ5,YP_009227203,1
Q8N8U2,P04485,1
P11310,P05777,1
P61009,YP_009227201,1
P12268,P04578,1
Q9NWB1,I6T1Z2,1
Q8WXF8,P10191,1
P28066,Q99IB8-PRO_0000045597,1
P07910,P03454,1
Q8WUD4,P29991-PRO_0000037946,1
P50213,P05777,1
O00232,P06463,1
P51149,F5HC81,1
P62917,P03427,1
Q8WXX5,Q05127,1
P29692,P17385,1
Q8TF74,P36801,1
Q9NQ31,P24835,1
O75781,P0CK58,1
O60701,P17387,1
Q587I9,Q32ZE1-PRO_0000435839,1
P60022,P10224,1
P50454,P03454,1
P11142,P03427,1
P09525,YP_009227201,1
P62191,Q69027,1
Q07065,P15682,1
P84098,P03454,1
Q9H173,P03470,1
P63220,P05777,1
Q12906,A6H4P0,1
O95817,B8ZX42,1
P49591,Q69117,1
Q9NQ92,P06821,1
Q8TCJ2,YP_009227201,1
P19338,P36817,1
P49336,Q88939,1
Q969M3,P17385,1
Q9GZM7-1,P03105,1
Q9NVL8,Q2KRY7,1
Q9H845,P29990-PRO_0000037929,1
Q15012,P06792,1
Q9NXV2,P03430,1
P82909,F5HBQ9,1
Q01081,P03427,1
Q96HE8,P03087,1
P07900,P03428,1
Q9Y4P3,YP_009227196,1
Q15370-1,P12504,1
Q9UNM6,P06462,1
P22736,P03120,1
Q8NC54,K9UT94,1
Q96EY1,P10193,1
P38435,YP_009227203,1
Q96QR8,P04620,1
E7ETU9,P03452,1
P36578,P03470,1
Q99729,P03430,1
Q96JM7,Q9WMX2-PRO_0000037548,1
Q8TAE8,P03466,1
Q9P0I2,P17385,1
O75494,P15682,1
Q8N0U8,P29991-PRO_0000037944,1
X6RAY8,P24835,1
Q9UI26,F5HFG5,1
Q02539,P03496,1
P60059,P05780,1
P61353,Q9WMX2-PRO_0000037547,1
Q8N883,P14079,1
Q13247,P05777,1
P68104,NP_579876,1
Q15554,P03211,1
O75569,Q0HD54,1
P14373,Q9WMX2-PRO_0000037548,1
P10914,P10228,1
Q05639,P15682,1
Q00587,I6T1Z2,1
Q6DKI1,P17388,1
Q96HS1,P09992,1
P47756,P03177,1
Q9UGP8,P17385,1
Q05048,P0DOE9,1
O43823,P15659,1
P08758,P0CK58,1
Q53ET0,P03206,1
O96000,P04578-PRO_0000038428,1
Q86V42,P06429,1
Q9BZE1,Q5EP28,1
P11166,P0CK49,1
Q99623,P15682,1
P45984,Q6DP93,1
Q9Y676,P17383,1
P17612,P03431,1
Q5H9R7,P03470,1
P00846,Q99IB8-PRO_0000045601,1
P04350,P21698,1
Q9BYJ9,P17388,1
O15355,P04608,1
O75381,Q1K9H5,1
Q92985-1,P03230,1
Q16527,P03177,1
P04118,P29996,1
P05141,Q01220,1
Q9H9E3,Q20MH8,1
Q9NX57,P10230,1
Q9BRN9,P03087,1
P40879,Q2MG96,1
P62937,H9XIJ5,1
P62314,Q20MH8,1
P07237,P15682,1
Q3SXM5,P0C739,1
O14964,P06428,1
P08758,P03470,1
Q96JJ3,Q99IB8-PRO_0000045599,1
Q9UIL1,F5HE15,1
Q9BZR9,C5E527,1
Q70IA6,P03427,1
Q92692,P03182,1
E7EQR8,P06428,1
Q96LL9,P06929,1
Q9NYL9,P03452,1
Q96SQ5,Q8JSN8,1
Q8N2K0,YP_009227196,1
P04156,P06930,1
P51572,P0DOE9,1
P25686,P0CK56,1
Q96HS1,Q20MH8,1
P17980,P03255-2,1
O60506,P04620,1
Q5VV42,P06927,1
P49006,P03182,1
Q9Y3B6,P06788,1
Q13616,Q6TVJ1,1
Q8NE71,P17388,1
Q92544,Q99IB8-PRO_0000045600,1
Q7L7L0,P15059,1
Q92665,P03470,1
Q9Y2X0,P0DOE9,1
Q8TE49,P03427,1
P21796,P69728,1
P08107,P0DOE9,1
P62750,P15682,1
Q9UQ80,P03454,1
P19419,P10191,1
Q96C36,P0DOE9,1
Q07666,P03496,1
O15228,P06821,1
P12814,P03468,1
Q96F86,P03495,1
Q14393,P30119,1
Q96T37,P03508,1
Q12933,P03428,1
A8K1J0,P03410,1
P62829,Q20MH0,1
P62306,Q77M19,1
P08047,P04608,1
P16989,P17388,1
Q9P0L0,NP_786945,1
P51665,P03454,1
Q9BSK2,Q77M19,1
Q9NZN4,P06930,1
Q8TCG1,P0DOE9,1
O00231,Q1K9H5,1
A8MTJ3,Q1K9H5,1
P15529,P03211,1
Q9H3P7,B9UPF3,1
Q96BY9,P69901,1
P55072,P03430,1
P49756,P03070,1
Q16637-1,P03120,1
P38435,P03182,1
Q13310,P03430,1
Q9GZP9,P17385,1
P49755,P05777,1
P56192,P03468,1
Q9P2K5,P14079,1
Q9NRY6,P10227,1
Q9BVG8,P0CK48,1
P17544,Q9DGW5,1
O95757,P05777,1
Q9HCU5,YP_009227203,1
Q00987,Q1HVF7,1
Q13227,P11158,1
P52429,YP_009227203,1
Q9H898,P03485,1
Q96IX5,B8ZX49,1
O43187,Q01220,1
P49715,P06790,1
P68371,P04620,1
P30443,P06927,1
Q8IVS8,P06429,1
Q96IX5,B8ZX42,1
Q9UNL2,B4URF0,1
P67809,P05777,1
Q8N163,B4URF7,1
P62899,P04487,1
O75400,C5E524,1
Q6PK50,P00524,1
Q2TAL8,YP_009227203,1
Q9Y262,P03470,1
P48645,P24835,1
Q05519,Q5EP28,1
Q13829,Q80908,1
P62263,YP_009227196,1
Q9BWG6,P06932,1
Q9GZP9,P06792,1
P62834,P06792,1
P29966,P03182,1
Q15773,Q1K9H2,1
P09651,P03416,1
Q13586,P0CK56,1
Q9NVP1,P03428,1
Q9UID3,Q20MH8,1
P48201,L0N4F0,1
Q9BUB7,P06427,1
Q96IV0,P04578-PRO_0000038428,1
P62195,P03428,1
P50897,Q76RH3,1
Q96EY7,P03496,1
P37268,P0DOE9,1
P54886,P03428,1
Q15717,P03430,1
O60353,P06460,1
P04637,P36778,1
P23528,Q77M19,1
Q9BVC6,P06792,1
P05388,P15682,1
Q9BUV8,P04578,1
Q13438,P03427,1
Q8NEF9,Q99IB8-PRO_0000045602,1
O15127,P06463,1
P37173,Q99IB8-PRO_0000045599,1
Q7Z434,Q32ZE1-PRO_0000435839,1
P06748,Q5MJ03,1
Q9BTV4,YP_009227196,1
P63165,P01104,1
Q14108,P03246,1
O00487,P03427,1
Q969V3,P29990-PRO_0000037929,1
Q12904,P03466,1
Q13509,Q77M19,1
P17480,P03070,1
Q13123,Q8JSN8,1
Q8IXI2,Q2MG95,1
P62280,P15659,1
Q9UBM7,YP_009227203,1
P27824,Q9WMX2-PRO_0000037547,1
Q12931,Q77M19,1
Q9Y3D9,YP_009227196,1
P62249,YP_009227196,1
P05455,Q20MH3,1
P27701,NP_955617,1
Q9UNF1,Q1K9H5,1
P46777,Q77M19,1
Q9NUQ6,P03211,1
O75695,P03182,1
Q96MT8,Q99IB8-PRO_0000045602,1
Q9Y6N5,P03220,1
P49721,P05777,1
P07305,EBI-6857440,1
Q5BJD5,P03468,1
Q9Y3L5,Q99IB8-PRO_0000045599,1
Q00765,NP_751926,1
P01730,P04578,1
Q14790,P06921,1
Q15370,Q77M19,1
Q9Y679,P06460,1
O60884,P05777,1
P25685,P06930,1
P49368,P03470,1
O43592,Q8AZK7,1
P57740,I6T1Z2,1
O76021,P0DKB0,1
Q9Y5M8,P29990-PRO_0000037929,1
Q9Y6C9,P06927,1
Q6FHW4,P29991-PRO_0000037940,1
O15260,P06792,1
Q6PKC3,D2XQB9,1
P08195,Q9WMX2-PRO_0000037547,1
Q13438,Q9WMX2-PRO_0000037552,1
P00505,P36799,1
Q9Y224,Q194T2,1
O14818,Q67020,1
O14874,Q9WMX2-PRO_0000037548,1
O00231,P09992,1
Q96G23,B4URF0,1
P37108,P05777,1
P62847,P15659,1
Q07955,Q6QDQ4,1
Q9H6H4,YP_009227196,1
Q9NRX4,P06465,1
Q13217,Q20MH8,1
Q5T8D3,YP_009227201,1
P11216,P03468,1
P09486,P06461,1
Q8IYB3,Q77ZG5,1
Q9UKF6,Q98143,1
P12956,Q89268,1
Q9UPT5,Q20MH8,1
P06493,P03470,1
Q9H490,P17385,1
P11387,P03430,1
P50479,P36817,1
O43251,P17388,1
P63167,P0C569,1
O43318,YP_009227198,1
Q53F35,P19712-PRO_0000038050,1
Q15208,P15659,1
Q9Y287,P03452,1
P42785,P03087,1
P40692,P06827,1
Q5W0Z9,P29996,1
P38919,P03433,1
Q96G25,P68336,1
P63167,P36817,1
P35221,P06821,1
P13667,YP_009227198,1
Q96DZ1,P06927,1
Q9BY21,P06930,1
P49711,P03431,1
Q92560,P11258,1
P51570,Q99IB8-PRO_0000045596,1
P12004,Q8AZK7,1
A0FGR8,P03452,1
Q9NVI7,P03182,1
Q9UPN7,Q69117,1
P35520,P0CK56,1
Q9P035,P06792,1
Q06830,P04413,1
Q53EU6,YP_009227197,1
P56545,P88959,1
Q6UN15,P03431,1
Q13185,P05780,1
Q9BWT3,P03427,1
Q9Y4P3,P05777,1
P08579,P03428,1
P51571,Q2MG95,1
Q9BYN8,P03508,1
Q8IXB1,P03470,1
Q9UBS4,P03468,1
P48643,Q69117,1
P31943,P03427,1
P07900,P03496,1
O96008,B4URF7,1
O15269,P69901,1
P67809,P09992,1
Q9P0L0,YP_009227196,1
P15514,P29996,1
Q92791,Q98138,1
P55795,B9VXK6,1
P62333,P15659,1
Q7Z4H7,C5E526,1
P50222,P0DOF4,1
O15446,YP_009227196,1
Q969X2,P06428,1
Q6PGQ7,C5E527,1
O94929,Q8AZJ3,1
Q99613,P15659,1
Q13148,P03496,1
Q9Y5J9,P29991-PRO_0000308279,1
Q9H3N1,C5E519,1
Q99714,Q0HD54,1
Q9UMS4,P03470,1
Q9NUD5,P29991-PRO_0000037936,1
P63241,P17385,1
Q01085,P88987,1
B7Z4C8,P06430,1
Q96DZ9,P03508,1
A0A2R8Y5Y7,P36801,1
O43291,P69616,1
P82650,I6TAH8,1
Q9H0U3,YP_009227197,1
Q9NTK5,P03433,1
P78344,P29991-PRO_0000308465,1
K7EQ78,P03126,1
P55209,Q1HVF7,1
Q9UJ14,YP_009227196,1
O14863,P29996,1
O15260,P13285,1
Q96AA8,P0C725,1
P19525,P04487,1
Q15165,P06927,1
Q96IK5,P04020,1
Q14525,P10218,1
Q709F0,P29991-PRO_0000037936,1
Q9H1Z4,P06428,1
P17844,Q1K9H5,1
H3BLV9,Q9QLP4,1
P08574,P05777,1
A0A0A0MSG2,P36817,1
P08047,Q98VM1,1
Q9H5V9,P29991-PRO_0000037946,1
Q9BVI4,C5E526,1
Q96SL4,P04578,1
Q9BWM7,P06792,1
Q08397,P24835,1
O14929,YP_009227199,1
Q9BZW8,D3JIT9,1
Q96CS3,P15659,1
Q9Y6X2,O92551,1
P62851,P15682,1
Q16718,Q77M19,1
P10599,P03427,1
Q15629,B4URF0,1
Q96ES6,P14357,1
Q96A33,YP_009227203,1
O43264,YP_009227196,1
P39023,P03430,1
P34932,P05777,1
P68400,P06788,1
Q562R1,P03496,1
Q15637,P03120,1
Q9Y6G9,P12520,1
Q9BQ87,P03129,1
Q9GZU8,P27915-PRO_0000037999,1
P08631,P04604,1
P23497,Q85601,1
Q15042,Q77ZG4,1
Q15369,P69722,1
Q96TA2,P29990-PRO_0000037929,1
P19388,P17383,1
P61758,P09992,1
Q8NBU5,P05780,1
P52630,P0C774,1
Q93062,P06821,1
P55327,P23372,1
Q9NVV0,YP_009227197,1
P02768,P03430,1
P08865,Q8JPQ9,1
O75348,P06929,1
P46779,YP_009227205,1
Q9Y4L1,P29991-PRO_0000308279,1
H0YFD6,P06930,1
P08727,P15682,1
P18846,Q9DGW5,1
Q12849,P03430,1
P17987,P29990-PRO_0000037929,1
Q9C0E8,YP_009227198,1
Q9Y6C9,P12520,1
O75607,Q05127,1
P07237,P04620,1
O75607,P04608,1
P56851,P29996,1
P07948,P03407,1
P34932,Q69027,1
O95831,P0DOE9,1
P07737,P03454,1
P62487,P03433,1
O95967,Q9WMX2-PRO_0000037548,1
P35080,P06463,1
P14868,P0CK56,1
O14653,YP_009227198,1
P09603,Q8UZD0,1
P25786,Q2MG95,1
Q13015,P03452,1
Q9NSC5,Q3KSR7,1
P31689,P05777,1
P60903,P15682,1
Q9HCU5,Q2MG95,1
Q13077,P03188,1
O43819,P0C739,1
Q15018,B4URF7,1
P45984,P03508,1
Q8N1B4,P12792,1
Q14974,P03468,1
Q8TD20,P03427,1
H3BLV9,A0A160CDL8,1
Q14444,P04620,1
Q9BQB6,Q8AZJ3,1
Q9NRZ9,P05780,1
Q96AE4,P03496,1
P23142-1,P06931,1
P25116,P06460,1
Q8NEZ5,P24830,1
O95251,P36791,1
Q00325,P0C765,1
Q8IZ07,K9UT94,1
B7Z4C8,P06932,1
O75688,P0CK49,1
O15270,P69901,1
P08195,P29990-PRO_0000037929,1
D6REE5,P04601,1
P00387,YP_009227203,1
J3KQ48,P06429,1
G3XA98,P03204,1
P84243,P03470,1
Q9NXH8,Q2MG96,1
P49368,P0CK56,1
A0A087X1E4,NP_803144,1
P30443,Q6DPW5,1
Q9P270,P03070,1
Q8N697,P06927,1
Q6NYC8,P03070,1
Q9BPW8,P03468,1
Q9H269,YP_009227201,1
P35232,P04578-PRO_0000038428,1
P27824,P29990-PRO_0000037929,1
P17980,P05777,1
Q05519,P29991-PRO_0000037941,1
P11021,Q89733,1
P25106,P06465,1
Q5SXM8,P09992,1
P06576,P05777,1
O43866,P03211,1
Q96HC4,Q2MG95,1
Q99942,P03433,1
K7ERV3,P14357,1
P53985,B4URF0,1
O00308,F5HE15,1
Q12796,P06930,1
Q9UJ14,P06792,1
P51809,B4URE7,1
P01100,P03129,1
Q99623,P06460,1
P05067,Q20MH8,1
Q15942,P06462,1
Q8IXI1,P29990-PRO_0000037929,1
P52292,P16727,1
Q9C005,P03452,1
P62820,P05780,1
O60687,Q9WMX2-PRO_0000037548,1
O75396,P03182,1
Q3ZAQ7,P29996,1
Q9HAU4,Q8JSN8,1
Q13247,P03454,1
P02671,P29991-PRO_0000037946,1
Q14498,P15682,1
Q9BV38,Q99IB8-PRO_0000045599,1
P12004,P06821,1
Q9UBQ0,P06463,1
P27797,Q99IB8-PRO_0000045596,1
Q9Y6N5,P0CK48,1
Q9UJY1,P05780,1
Q9Y3I0,C5E524,1
O43390,P05777,1
Q96IZ2,P03087,1
Q8N423,P03203,1
Q00839,P15659,1
P61421,O36551,1
Q9NZ43,YP_009227196,1
Q9Y5A6,P08393,1
O60831,P06821,1
P62750,P04487,1
P62633,B8ZX49,1
Q08J23,P03470,1
P11021,Q89027,1
Q14444,P03470,1
Q9UJZ1,P06792,1
Q13049,E7BBT6,1
P49755,P29991-PRO_0000037944,1
P62241,P03470,1
P18859,P06792,1
O60906,YP_009227204,1
Q13162,P04578-PRO_0000038428,1
Q96ND0,P29990-PRO_0000037929,1
P21912,P03496,1
Q14807,P04618,1
O60716,P03428,1
P17931,P03427,1
P53985,Q9WMX2-PRO_0000037541,1
Q9NXG2,P04591-PRO_0000038596,1
F5H4X8,P06430,1
Q8IUC0,Q6VGT1,1
Q96CS3,Q20MH8,1
Q9Y561,K9UT94,1
P62851,P04620,1
O95292-2,Q03463-PRO_0000278741,1
Q13427,A0A024B7W1-PRO_0000443032,1
P62495,P06428,1
P54920,Q32ZE1-PRO_0000435839,1
P21731,P06792,1
Q6NZ67,Q20MH8,1
P52630,P29991-PRO_0000037946,1
Q9BZR8,P14335-PRO_0000037710,1
P22234,P17387,1
O14735,P03452,1
Q6PIW4,Q9WMX2-PRO_0000037548,1
P23284,YP_009227198,1
Q96QC0,Q32ZE1-PRO_0000435842,1
Q6UB35,C5E524,1
P62979,P15659,1
Q9H936,I6T1Z2,1
P48643,P21698,1
Q99615,P36817,1
P10914,P06430,1
Q8NE01,Q20MH8,1
K7EPP7,P03431,1
P17844,P05777,1
P82912,P06428,1
P37108,B8ZX42,1
Q68D27,P03427,1
O75608,YP_009227201,1
O60353,P69901,1
P62899,Q0HD54,1
P50395,P15682,1
P50616,P36791,1
P62942,P0CK58,1
O14775,Q69027,1
P31943,P15682,1
Q12906,Q6QDQ4,1
Q9BZL4,Q8JSN5,1
Q9NR12,Q2MG95,1
P42696,P17383,1
Q8IWX8,P05777,1
Q13137,P10218,1
Q13907,YP_009227199,1
O60831,P06461,1
P62851,P05777,1
P38646,P03427,1
P20226,P04015,1
P00403,P06428,1
P07910,Q0HD54,1
P11021,P06422,1
O14735,C5E527,1
P49406,P03508,1
Q8NEW0,P06792,1
P62269,P03430,1
Q9TNN7,P29991-PRO_0000037944,1
Q9HBM0,YP_009227203,1
Q92688,P27915-PRO_0000037996,1
Q9BQB6,P30119,1
Q14192,Q69117,1
Q5T160,P03468,1
Q96D09,C5E527,1
Q13362,Q77M19,1
Q9C0E8,YP_009227200,1
P78371,P04413,1
Q9Y487,YP_009227204,1
O14967,P04578,1
Q5XKP0,YP_009227201,1
O15269,P0DOE9,1
P31274,P03120,1
E9PKG1,P03496,1
P31689,P05780,1
P62841,YP_009227196,1
Q9BQE3,P15059,1
Q8N4L2,P06792,1
P08621,P04620,1
O94927,C5E527,1
Q96C92,Q76S40,1
P49755,YP_009227198,1
P78316,P15682,1
Q16576,P12520,1
Q6DD87,P29991-PRO_0000037946,1
Q9P0P0,Q77ZG4,1
Q86VP1,P06422,1
Q08117,P06428,1
P10515,Q05320,1
Q13643,K9UT94,1
P54760,P0CK58,1
Q14457,P89884,1
P62807,P15682,1
P55209,P15682,1
Q9Y3U8,P03430,1
P01730,P03407,1
P28300,P0CK58,1
P00558,P03470,1
Q15172,Q9WMB5,1
P05386,Q77M19,1
Q01850,P10191,1
A0A0U1RQC9,A0A288CFT1,1
Q9H9H4,P10230,1
Q9UJY4,O41957,1
P07900,P69723,1
P61328,P27958-PRO_0000037566,1
P49411,P04578,1
Q92905,P36780,1
P51148,P05780,1
A0MZ66,Q69117,1
P61978,P06430,1
P13667,P03118,1
Q0VGD7,P29996,1
P40763,Q77M19,1
P62195,Q77M19,1
Q15181,Q1K9H5,1
Q9BTV4,P06460,1
Q9HC16,P03347-1,1
Q8NF37,Q8JSN5,1
Q6NZI2,P36817,1
Q96CP6,YP_009227201,1
O94842,P06422,1
P00367,Q77M19,1
Q9H9L4,P27958-PRO_0000037566,1
Q99873,YP_401728,1
P62273,P03470,1
Q9UHC7,Q69027,1
Q53TN4,P0C739,1
P27105,K9UT94,1
Q99942,Q9WMX2-PRO_0000037550,1
P15814,Q9WMX2-PRO_0000037551,1
Q8IXJ6,YP_009227202,1
Q6XE38,Q32ZE1-PRO_0000435838,1
Q15233,P03470,1
Q96CX2,P06792,1
Q16543,P00524,1
Q99986,P27958-PRO_0000037566,1
Q92876,P06930,1
P00414,P36801,1
P34931,P12792,1
Q15120,I6T1Z2,1
P27797,P05780,1
Q9NRP0,P06792,1
P10155,P18272,1
O00505,P17388,1
P35520,P06821,1
Q14457,P36313,1
Q9UMS4,P04620,1
O75306,P0DOE9,1
P49760,P04020,1
Q9H496,B9UPF3,1
P60891,P03470,1
O43815,P03485,1
O95292,P27958-PRO_0000037577,1
Q92973,P04620,1
P63167,P06821,1
Q9UIJ7,P06788,1
P04843,P17385,1
P16220,Q9DGW5,1
Q9H7B2,P29991-PRO_0000037936,1
O14503,P03431,1
Q9UDY4,Q8AZK7,1
Q92974,YP_009227196,1
Q00325,P06428,1
O14763,P29991-PRO_0000037941,1
Q9BZM5,C5E519,1
Q9Y6A9,YP_009227198,1
P09651,O56264,1
Q9UH99,P04578,1
F8W0W8,Q65212,1
Q9HD33,Q1K9H2,1
Q8WUQ0,P29996,1
P62277,P36801,1
P08107,Q9J0X9,1
Q9NXS2,P04578,1
Q9BT25,C5E526,1
P55209,P04620,1
Q9BVK6,YP_009227200,1
P08729,P03470,1
Q9ULE6,YP_009227202,1
O60427,P03468,1
P15514,P06422,1
Q8TAE8,P04013,1
Q719H9,P17387,1
O00327,P08393,1
P61964,P03129,1
B4DSJ8,P03431,1
O00161,P0C739,1
Q9Y385,YP_009227197,1
Q9HBM0,P06792,1
Q86UA3,Q8JSN5,1
Q8NEZ2,P29991-PRO_0000037946,1
Q9UM19,P03070,1
Q9Y6K0,P03182,1
P24941,P03129,1
P48643,YP_009227202,1
P06703,P15682,1
P38936,Q8AZK7,1
Q6P1A2,YP_009227198,1
Q9NXH8,P0CK58,1
P63173,P03430,1
Q9Y265,Q77M19,1
Q5RJ85,P04601,1
Q9Y678,P05780,1
Q8TD31,Q9WMX2-PRO_0000037548,1
I3L4A1,P03433,1
O75526,P03129,1
EBI-4399559,A9QPL8,1
Q9UI14,P0C6Z1,1
Q8N5C8,Q1K9H5,1
P0C7X2,P29991-PRO_0000037946,1
Q96FZ7,P03433,1
O43709,P36801,1
O43791,Q05322,1
P62875,Q98140,1
A6NMH8,NP_751921,1
Q9NS69,Q77M19,1
Q9P0B6,P29991-PRO_0000037944,1
Q9NZ01,P06460,1
Q14318,P29990-PRO_0000037929,1
P47869,P03129,1
P31949,P06821,1
P06400,P06788,1
Q9BYG5,P06430,1
Q9UJC3,Q20MD1,1
Q9UL15,P17389,1
O14979,P06428,1
P07602,Q8JSN8,1
P42224,B4URF0,1
P09912,P29996,1
Q96HV5,P36817,1
P53680,P19554,1
Q9Y5Q9,Q77M19,1
P62136,P03496,1
Q13105,Q2PJP1,1
Q9BXG8,Q8JSN8,1
P43360,P03466,1
O15162,P17385,1
P04406,P06930,1
P02787,Q99IB8-PRO_0000045599,1
O00567,P03428,1
Q13435,Q8AZK7,1
P61619,P03431,1
Q6P3X3,P06821,1
O14735,P06461,1
Q9UEW3,P0C6Z1,1
Q9P035,P03452,1
P05141,P0DOE9,1
P49207,P03427,1
Q96A33,YP_009227200,1
Q14533,P36778,1
Q8TAA9,YP_009227203,1
Q99613,Q6QDQ4,1
Q9Y6K9,Q76RF1,1
Q9NX63,B4URF0,1
Q96KC8,YP_009227204,1
P55854,P0DOE7,1
O00124,YP_009227203,1
P35998,P03430,1
O43889,P06792,1
Q9BRT6,Q05127,1
P68400,P04618,1
P42766,Q1HVF7,1
P52739,P06932,1
P00156,P06429,1
Q9HC21,P03428,1
P08047,O92837,1
P62805,P05780,1
Q9UNL2,Q05322,1
P16278,Q77UV1,1
Q9Y3B7,YP_009227196,1
Q9P0P0,P13285,1
Q9NX63,P03182,1
Q13435,A0A288CFT1,1
Q92499,P06821,1
Q8NHQ9,YP_009227205,1
O60508,Q32ZE1-PRO_0000435842,1
Q86VR2,P29990-PRO_0000037929,1
P25789,Q1K9H5,1
P48060,P06460,1
P46778,P15682,1
Q9BV79,P36817,1
P80723,P03454,1
Q6NXP0,P10233,1
P36952,P06428,1
P23219,P06792,1
Q96EK4,P06788,1
P32969,P04487,1
Q6DD88,P04578-PRO_0000038428,1
P17706,YP_009227196,1
P28300,Q2MG95,1
Q14653,Q89933,1
P04792,P15659,1
A0FGR8,Q1K9H5,1
P05387,P05780,1
P50579,YP_009227196,1
Q9BV68,P04578-PRO_0000038427,1
Q9NZH0,P06792,1
Q9Y570,P04015,1
Q9BVC6,P69901,1
Q86UE4,P03430,1
Q92769,P17387,1
P68871,Q58HT7-PRO_0000268116,1
Q7L5D6,P12504,1
Q9BWF3,P29991-PRO_0000037936,1
Q9Y2W1,Q98143,1
Q71UM5,P0CK56,1
P08621,P03454,1
Q9NRD5,Q1HVF7,1
Q13049,P04608,1
P20073,P24835,1
O75438,Q32ZE1-PRO_0000435839,1
Q01130,P03454,1
Q9Y5F6,P10186,1
Q9UGP8,P29990-PRO_0000037929,1
Q9Y678,P69901,1
Q13907,YP_009227201,1
A0FGR8,P06460,1
Q9Y5Q3,E7DBL9,1
P20592,P16749,1
Q86U28,P88959,1
O95573,A0A0C7TUY8,1
Q6FI13,P03470,1
Q92558,O41932,1
Q9UBU6,P69901,1
P22626,P19712-PRO_0000038050,1
Q4ZIN3,P06460,1
Q8N4H5,P10240,1
Q9P1Z2,Q67296,1
P51991,P03470,1
P25398,P05777,1
O43823,YP_009227205,1
P31153,P15659,1
P78406,E5LBS6,1
Q92522,YP_009227196,1
Q9BQA1,P03430,1
Q96SH1,P06929,1
Q70UQ0,K9UT94,1
O43264,P03468,1
P21964,P29991-PRO_0000037944,1
P02786,P29990-PRO_0000037929,1
Q9NVH1,P69901,1
P05204,P06429,1
Q96BR6,P06921,1
Q96FZ2,YP_009227199,1
P05386,P06429,1
P28066,P13285,1
Q16587,B4URF7,1
Q96BR5,P0C739,1
Q14790,P03120,1
P28300,P30119,1
Q9NZC7,P0C739,1
P04637,P06422,1
P52292,NP_579876,1
P62834,P06460,1
P08729,K02718,1
P52272,P05777,1
Q9NPE3,Q1K9H2,1
P31689,A0A0C7TUY8,1
Q7Z769,Q8JSN5,1
O43324,P04591-PRO_0000038593,1
Q96AN5,Q32ZE1-PRO_0000435839,1
P19338,Q77M19,1
Q96J01,Q99IB8-PRO_0000045599,1
Q92831,P03255,1
Q9Y394,YP_009227204,1
Q07955,P06422,1
Q9UHD8,P06463,1
Q96E52,A0A024B7W1-PRO_0000443029,1
Q96CS3,P13285,1
Q8IY57,P68600,1
Q7L5D6,Q2MG95,1
Q96CS3,P03452,1
P50995,P36810,1
P61513,P03211,1
Q92667,H9XIJ5,1
Q6NXQ0,NP_597740,1
Q8TCT9,P29990-PRO_0000037929,1
Q9HDC9,P04578,1
O75475,Q8JPQ9,1
Q14108,P03087,1
P68363,P04620,1
P18085,P03468,1
P62269,Q77M19,1
Q13151,P05777,1
P06400,P06465,1
Q96SH1,Q9QLP4,1
P32019,YP_009227199,1
Q9UG63,P03430,1
Q96S52-1,Q99IB8-PRO_0000045596,1
O14744,P03129,1
P09543,P69901,1
P16520,P05780,1
O60488,P06821,1
O00139,YP_009227196,1
Q53HI1,P29991-PRO_0000037944,1
P34932,Q8AZK7,1
Q8WYA0,D0UZS0,1
Q13242,P24835,1
P09493,Q778I9,1
Q15046,P03468,1
P59998,YP_009227197,1
P36897,Q99IB8-PRO_0000045599,1
P60709,P36817,1
O75925,P03118,1
P83111,P03430,1
P60866,P04487,1
Q86YP4,P15682,1
P38646,Q9WMX2-PRO_0000037551,1
P60660,P15682,1
Q6NZI2,Q8AZJ3,1
Q9UHL4,P0CK56,1
O43252,YP_009227203,1
P48167,P69901,1
P82980,P06477,1
P10914,P04020,1
Q93062,Q1HVG1,1
P02788,P27958-PRO_0000037570,1
O00217,P05777,1
O60427,P06460,1
P49411,Q77M19,1
Q96JJ7,P69901,1
Q02818,P0CK47,1
O95297,P69901,1
P36954,YP_009227202,1
Q53H12,C5E526,1
Q9Y287,P10209,1
P98155,P04578,1
F5GXF0,NP_751919,1
Q9Y3B2,P04620,1
P27824,Q6SVZ5,1
Q00403,A0A288CFT1,1
B8ZZN6,P03116,1
Q15022,P36799,1
P38159,P03485,1
P21964,P06461,1
Q02878,P06429,1
Q14739,P29991-PRO_0000037944,1
Q9BTE7,Q76RH3,1
O76071,Q76353,1
P62910,P03470,1
P50454,P05777,1
Q16533,P03129,1
Q01581,YP_009227203,1
P56537,P06921,1
Q5H8A4,P06792,1
Q05086,P36799,1
Q6NZI2,P06430,1
Q9P0L0,P69901,1
P13591,P03485,1
P55209,P06790,1
P52597,P03454,1
Q9NVH0,YP_009227205,1
P40227,P03454,1
P62701,P03454,1
Q9NZ43,YP_009227200,1
Q66K64,P06788,1
P30048,P09992,1
P21673,P06428,1
Q14558,P03454,1
Q12905,P03470,1
O60488,B4URE7,1
Q9Y448,P03433,1
Q00577,P04608,1
P35544,P03470,1
P68371,P21605,1
Q9UJV9,P03496,1
Q08380,P0CK56,1
P08172,P03182,1
O75477,P69901,1
Q9UBX3,P05780,1
P21796,P03452,1
Q03518,P06460,1
A0A0C4DGV4,P06428,1
P46087,P03485,1
Q02539,I6TAH8,1
Q92974,Q32ZE1-PRO_0000435842,1
P12814,Q1HVG4,1
O15131,P88911,1
Q14165,P06927,1
P61289,P03203,1
Q96HS1,Q77M19,1
Q86WB0,YP_009227204,1
Q6P3X3,P0C0U1,1
Q9Y5W7,Q99IB8-PRO_0000045601,1
P49458,P06821,1
P51665,P06463,1
P62081,P15682,1
Q96HN2,YP_009227205,1
Q99733,P17388,1
P26373,P15659,1
Q9NVV4,P15682,1
Q86X55,Q9Q2G4,1
P20337,YP_009227203,1
P61353,P04487,1
Q92782,Q9WMX2-PRO_0000037548,1
P20671,P08563-PRO_0000041302,1
Q9NZ43,P29996,1
O60830,Q1K9H5,1
Q15293,P04578,1
Q12933,P10230,1
O14763,Q8AZJ3,1
Q9NXW2,P0DOE9,1
Q86VP1,P06921,1
P08962,P06463,1
Q9UBX5,Q69022,1
P51116,YP_009227196,1
P30825,P29991-PRO_0000037944,1
Q96RN5,P0DOE9,1
P52272,YP_009227196,1
Q9UBM7,P0DOE9,1
P24278,P06827,1
Q92552,P12792,1
Q08AM6,P29991-PRO_0000037944,1
O75688,P03225,1
Q9H361,P05780,1
Q6PIU2,P69901,1
Q9P015,P03428,1
P46779,P03470,1
P68104,P06788,1
G5E9W3,P03428,1
Q9Y2W1,P05777,1
Q9UHF1,P0CK47,1
Q9NUV7-1,Q99IB8-PRO_0000045596,1
O43684,P15682,1
P42167,P06821,1
Q86U42,P15682,1
Q8N6T7,P06463,1
Q9BUZ4,P03203,1
P62195,P06821,1
P62979,P03427,1
O00232,P06821,1
Q9NVW2,P14335-PRO_0000037713,1
P12268,P15682,1
O75688,P03177,1
P68400,P17383,1
Q15165,P04620,1
P24534,P15682,1
O00463,P03126,1
P09661,P03430,1
P62306,P03496,1
O15350-2,O12161,1
Q15084,P03454,1
Q5D1E8,P10230,1
Q969G5,P69901,1
Q3MHD2,P04578-PRO_0000038427,1
P38936,P03129,1
Q8N1B4,Q20MH8,1
P49411,Q20MH0,1
P51648,P03468,1
P20226,Q8JSK4,1
P49902,P15682,1
Q9NUQ6,Q1HVF7,1
P82650,P03177,1
Q8WZ71,P06792,1
Q92522,P09992,1
Q16891,P03182,1
Q5T3I0,P29991-PRO_0000037936,1
P31942,P04608,1
Q92530,P24835,1
Q9H0C2,Q9WPI5,1
Q9Y3Z3,P03427,1
Q13435,P07939,1
Q9Y6N5,Q2PRM9,1
P49458,P05777,1
Q9UJY5,P06921,1
P62851,P29990-PRO_0000037929,1
Q9NR33,P05780,1
P07093,K9UT94,1
P40926,P03496,1
P21912,P03468,1
P06733,P06429,1
A0A0U1RQC9,P04608,1
P29350,P06428,1
P11021,P03470,1
Q9UBB4,P05919,1
P47869,P06788,1
Q96FJ2,P03410,1
Q15633,P14079,1
Q15287,Q05323,1
E9PIF2,P03428,1
P52789,P04620,1
Q9NQY0,P06430,1
B7ZMM1,P03427,1
P49770,Q32ZE1-PRO_0000435829,1
Q8N3Z6,P0DOE7,1
Q9UBB4,Q99IB8-PRO_0000045596,1
P27635,YP_009227205,1
P62487,Q69028,1
P60468,P05777,1
Q96DE5,O40939,1
P03923,P06788,1
P10620,P06792,1
G5E9W3,P03508,1
P33316,P88959,1
P07355,P03454,1
P62805,P0C765,1
P35659,P06465,1
Q96BR6,P06423,1
O00231,P17386,1
P54727,P0DOE9,1
Q2QGD7,H9XIJ5,1
Q96IX5,P69901,1
Q96AQ6,P69901,1
P00966,P03470,1
P78385,P36801,1
Q8WUH6,P03428,1
P0DP23,Q89733,1
Q00325,P03430,1
P30566,P88959,1
E9PFK5,P03428,1
Q9UPT5,Q99IB8-PRO_0000045597,1
Q16831,P06932,1
P51809,P0CK58,1
Q14257,P05780,1
Q9BSE2,P06428,1
P06748,P15659,1
Q9ULX3,YP_009227205,1
P02538,P06423,1
Q8NF37,P0DOE9,1
Q96I25,P04591-PRO_0000038596,1
Q9NRS6,P06477,1
Q7Z2W4,P29991-PRO_0000037936,1
Q99460,P03454,1
P50416,P06460,1
Q9Y237,YP_009227196,1
Q9H0P0,YP_009227203,1
Q6ZT98,P27958-PRO_0000037566,1
P61254,Q1K9H2,1
P61619,P04578-PRO_0000038427,1
Q9UK99,P04608,1
Q9UN30,YP_009227205,1
O75534,YP_009227201,1
P23284,YP_009227197,1
P55084,P03508,1
P31949,P03470,1
P10176,Q32ZE1-PRO_0000435839,1
O00767,P06927,1
Q9UBB5,P14079,1
Q6UWJ1,P06460,1
Q8TDX6,P03427,1
P48788,P17367,1
P26196,P04487,1
Q969V3,P03468,1
Q9H5V8,P04015,1
Q8NC60,C5E522,1
O95793,P03485,1
O75934,P15682,1
Q6P3X3,P03468,1
Q16875,P03427,1
P51398,Q20MH3,1
Q96NT0,YP_009227203,1
O14735,P03120,1
Q9Y228,Q9WMX2-PRO_0000037549,1
P62857,P15682,1
Q92839,P17389,1
Q7RTV0,Q82506,1
Q14192,P03220,1
Q96N66,P06792,1
B4DP54,Q99IB8-PRO_0000045596,1
P07355,P03468,1
Q3BBV2,P03496,1
Q8TBP6,P03468,1
Q15223,P36778,1
O14545,P06428,1
P10398,C5E526,1
Q96C00,P03129,1
Q9NV06,YP_009227196,1
E9PHA6,P03496,1
Q92917,P29991-PRO_0000037946,1
Q7Z7N9,P06792,1
P02538,P24830,1
O95674,P0CK56,1
P12814,P06930,1
Q9UJX2,P14079,1
Q96DU3,D3JIT8,1
Q00577,YP_009227196,1
P39023,P03454,1
Q9NXH8,P06927,1
O75807,YP_009227200,1
Q9UBM7,P29990-PRO_0000037929,1
O75170,E5LBX0,1
Q2HIY3,P29996,1
P55884,Q77M19,1
Q9UNE7,B8ZX49,1
P12236,P05780,1
P14678,P03470,1
Q99584,P06792,1
Q15392,Q20MH8,1
Q9Y4K3,Q8V2D1,1
Q8TAU3,P06430,1
Q9H0M0,P14076,1
P11940,P03470,1
P04792,P17371,1
Q96L21,Q82506,1
Q13263,P36799,1
Q5VWP2,Q8JSN8,1
P14868,Q8AZK7,1
P08238,P15659,1
Q13670,Q99IB8-PRO_0000045598,1
Q7L1Q6,Q76RH3,1
O95786,F1BA49,1
P27635,P03470,1
Q15006,YP_009227203,1
Q9Y4L1,Q77M19,1
Q15003,P05780,1
O95292,Q9WMX2-PRO_0000037551,1
P12814,O41966,1
Q9NYJ8,P29991-PRO_0000037946,1
P62847,P03470,1
Q5M9Q1,P14335-PRO_0000037713,1
Q96B96,P06460,1
Q9BZL4,Q8JSN8,1
Q7Z434,P03182,1
P84098,Q77M19,1
P53618,Q77M19,1
K7EQ03,P03428,1
Q9UKM7,P06821,1
Q7L8L6,P03468,1
Q04323,P03470,1
Q01844,P14079,1
Q9BQB6,Q69117,1
P05204,P36827,1
P52740,P06932,1
A0A0C4DFM2,P36817,1
P51571,P69901,1
Q92499-1,P04618,1
Q15005,P29990-PRO_0000037929,1
P62191,P69901,1
Q9Y2T2,P04601,1
P27797,P15682,1
Q9BUK6,P36801,1
O15372,P06821,1
Q92796,P06463,1
Q9P0I2,YP_009227200,1
Q9BY44,YP_009227196,1
P31946,P05777,1
Q8NFQ8,YP_009227204,1
P20042,B2BUF1,1
Q9NRX1,P03470,1
Q96TA2,Q05322,1
P11166,P29990-PRO_0000037929,1
P22392,P03470,1
Q969Z0,Q99IB8-PRO_0000045597,1
O14735,P06460,1
A8K1J0,P14079,1
Q9Y5H1,Q8JSN6,1
Q9NVI7,P29990-PRO_0000037929,1
O00483,P03220,1
P02795,P36817,1
Q09028,Q05322,1
O15037,P24772,1
Q9BRP8,P15682,1
Q8NBS9,P04578,1
Q15120,P03428,1
Q9Y3D0,P06821,1
P51522,P0C045,1
Q9Y3Z3,Q20MH0,1
O43148,E5LBS6,1
O15372,P15682,1
Q9Y262,P05780,1
P23921,P88952,1
P29590,P03255-1,1
Q8NDN9,P03211,1
Q5VV42,P03468,1
Q9Y3D0,P06463,1
P31153,Q77M19,1
O95817,P30119,1
O15260,P0CK58,1
Q14393,P0CK56,1
O96008,P15659,1
Q5H9R7,Q77M19,1
P53680,P06464,1
P62273,P05777,1
Q86XR7,P0C6I1-PRO_0000324727,1
Q96JM7,P06788,1
O76050,Q80908,1
P08729,P06428,1
P39656,P0CK56,1
P62854,P04487,1
Q86UE4,P03470,1
Q96P47,Q32ZE1-PRO_0000435842,1
Q6PIY2,P03410,1
O60884,P0DOE9,1
P09455,Q3KSV2,1
P50616,P06422,1
Q92543,YP_009227203,1
O43143,P19712-PRO_0000038050,1
Q9Y6B6,YP_009227203,1
Q8N5K1,YP_009227203,1
Q9UBM7,P03454,1
P16104,YP_009227199,1
P62241,P03427,1
Q8IUQ4,Q77UV9,1
Q5R3I4,P03427,1
Q9Y6E0,P03081,1
P04632,P06790,1
P27797,P03496,1
Q9P0W8,Q8JPQ9,1
Q9UL46,P03470,1
Q9UNK0,P06788,1
Q86YP4,Q77M19,1
A0FGR8,P0DOE9,1
Q15366,O56264,1
P27797,P0C739,1
P08107,P03230,1
Q8NFH5,P89653,1
P09661,P03470,1
P55036,B4URF7,1
P40938,Q77M19,1
P02795,P06465,1
P35606,P04578,1
Q10472,P0C739,1
Q6DD88,P17385,1
P14314,P35256,1
P10589,Q8JSN8,1
Q969G5,P06461,1
Q9BWM7,Q2MG95,1
Q8NBP7,P36801,1
P31942,YP_009227199,1
Q03519,Q77CE4,1
Q9NTK5,P03070,1
Q9Y4P3,YP_009227200,1
Q9BVK6,P04618,1
Q99460,P0CK58,1
Q96S55,P29991-PRO_0000037945,1
Q13637,P03468,1
P61978,Q77M19,1
Q8IWA5,P06460,1
C9J3L8,P03468,1
P82912,P03508,1
P33176,P68619,1
Q13546,P06428,1
O00264,P03182,1
O75127,Q9WMX2-PRO_0000037541,1
Q13177,Q2HZL0,1
O00483,B4URE7,1
Q9NR30,P15682,1
Q13884,P06463,1
Q9UJS0,P29990-PRO_0000037929,1
O95249,Q76RG2,1
P48060,P03087,1
Q9Y385,YP_009227204,1
Q5T5C7,P06465,1
P43686,P03126,1
P18621,Q8AZK7,1
P82933,P17383,1
P30153,P03070,1
Q8NHQ1,P10218,1
P61254,P15659,1
P17980,P04608,1
P51617,Q77M19,1
Q9H9J2,YP_009227196,1
O75907,Q99IB8-PRO_0000045592,1
Q8NEW0,P06927,1
P16401,P15682,1
Q96HD1,Q66479-PRO_0000039499,1
P22392,P05777,1
O95251,P04015,1
Q969X0,Q99IB8-PRO_0000045592,1
O95210,YP_009227200,1
P53618,P04601,1
P26885,P36801,1
P62820,P29990-PRO_0000037929,1
Q96SH1,P06430,1
Q07021,P05780,1
P29692,P05780,1
P63000,P05780,1
Q5SQ11,P29128,1
P08962,NP_751926,1
Q96JP5,P04608,1
Q96HD9,NP_751919,1
O15321,P04578,1
O00231,P05780,1
Q9BRK5,Q2MG95,1
P50402,P29990-PRO_0000037929,1
P08047,A0A288CFT1,1
O43493,P29996,1
Q9Y295,P05777,1
P14923,P06821,1
O75880,P06929,1
Q9C0E8,YP_009227201,1
Q9UPY6,O40939,1
Q9BUA3,P15659,1
O95219,Q2PJP1,1
P55769,P03466,1
Q92575,YP_009227197,1
Q9UPY5,P03468,1
Q9UL15,P03496,1
P22234,P03470,1
P48047,Q77M19,1
P13804,P03470,1
P10398,B4URF7,1
Q92796,P03126,1
Q16082,P0DOE7,1
P49755,P03468,1
Q9BWF3,P06430,1
P31946,P03427,1
Q86VU5,Q32ZE1-PRO_0000435839,1
Q07020,P03470,1
P62316,P03454,1
P50402,P0CK58,1
Q92802,Q99IB8-PRO_0000045596,1
Q5H9R7,C5E527,1
Q9H5V8,P0C739,1
P08493,P27958-PRO_0000037576,1
Q8NC54,YP_009227203,1
O95365,P04608,1
Q9BRZ2,Q5U8Y3,1
P19793,Q4AE16,1
Q9H2W6,YP_009227196,1
O75688,Q20MH0,1
P35222,P05777,1
P55157,Q99IB8-PRO_0000045596,1
P28070,P13285,1
P43686,P06460,1
O15235,P06464,1
P62913,P03470,1
Q70UQ0,YP_009227204,1
O15270,YP_009227200,1
Q15427,P10201,1
P62258,P03454,1
O14964,P03410,1
P05141,P04413,1
P04792,P17389,1
Q96QE5,Q77UU1,1
Q9GZV8,P04488,1
P12814,P0C705,1
Q8IYI6,P03427,1
Q96AQ6,P03182,1
Q5C9Z4,P29991-PRO_0000037936,1
P54652,YP_009227198,1
P05556,K9UT94,1
Q9H900,P05780,1
P01584,NP_705926,1
Q96ST8-1,P88983,1
Q9HC07,B8ZX49,1
Q01844,P29990-PRO_0000037929,1
Q15051,P03428,1
Q6NXT4,YP_009227203,1
Q9UJ41,P03508,1
Q13907,YP_009227202,1
P67812,YP_009227197,1
Q15042,YP_009227196,1
Q96KN4,P08563-PRO_0000041303,1
Q9UI26,Q20MH8,1
P51571,P29990-PRO_0000037929,1
P41091,P03470,1
P16949,P03087,1
Q9UL15,YP_009227200,1
Q96BP3,A0A024B7W1-PRO_0000443032,1
Q9NZ01,C5E526,1
O15259,P03243,1
P24557,P03070,1
O14828,P0DOE9,1
P60842,P05780,1
P22692,P06788,1
P11021,NP_739583,1
Q9BRS2,P03430,1
P50914,P03470,1
P13073,P36801,1
Q96JJ7,P03246,1
Q1ED39,O92597,1
Q15208,P15682,1
E9PF18,P06430,1
P39019,Q0HD54,1
O96005,P05780,1
P55884,Q8AZK7,1
P24752,P06821,1
P62081,P06430,1
Q13200,P15682,1
Q8N6L1,Q9WMX2-PRO_0000037550,1
Q9HC07,P03246,1
Q96AQ6,P03246,1
P31930,P06788,1
Q08117,Q2KRY7,1
Q8IXK0,P03427,1
P11166,P0CK56,1
Q96NL6,P03070,1
F5H324,P03468,1
Q969N2,P06792,1
Q16864,YP_009227201,1
Q92734,Q8JPQ9,1
P63151,P04620,1
P62851,P15659,1
P63165,P59595,1
Q8N5P1,P29991-PRO_0000037936,1
Q15942,P03496,1
P22087,P05777,1
P14868,P03496,1
P61978,P15682,1
P01834,P0C1C6,1
Q9P0T4,P03410,1
Q9UIB8,D3JIT8,1
Q96S55,P06428,1
Q9BZG1,P03182,1
Q9H2V7,P06460,1
Q9NWZ8,YP_009227205,1
P82912,YP_009227196,1
Q13438,Q20MH8,1
Q9Y3E5,P29996,1
O00303,P05780,1
P60468,Q8AZJ3,1
Q7Z4F1,P13285,1
Q53EU6,YP_009227200,1
Q7Z434,P04487,1
O00148,P06821,1
P78362,Q1HVF7,1
Q15005,YP_009227197,1
G8JLG2,Q76R62,1
Q07817,P89653,1
P01111,B4URE7,1
P11142,P69723,1
P18859,P06927,1
Q14318,B4URF7,1
P62937,P36801,1
Q9Y3E2,E5LBS6,1
Q02878,P04620,1
O14641,YP_009227205,1
P25789,P03454,1
Q15208,P05777,1
O15533,P03468,1
P62258,P03134,1
O00308,Q2HRB6,1
Q96CN9,P27958-PRO_0000037566,1
Q9NTK5,P0DKB0,1
O15305,P06423,1
Q14677,B4URF7,1
Q68D91,P05780,1
P05455,Q99IB8-PRO_0000045603,1
Q86UL3,YP_009227201,1
Q13283,P03470,1
P67775,Q9WMB5,1
O15173,YP_009227196,1
Q93063,P04578,1
P00156,P36801,1
P16435,Q99IB8-PRO_0000045596,1
O00459,YP_009227205,1
P06733,P15682,1
Q9NP64,Q77UV1,1
Q9H898,P03431,1
Q9P0J7,P03129,1
Q9Y3Y2,P15682,1
Q14574,P04578,1
Q15020,Q32ZE1-PRO_0000435842,1
Q6P3W7,P05777,1
Q96PU8,YP_009227203,1
O60218,P03496,1
O14787,YP_009227205,1
Q9P0J6,P06788,1
P43243,P03508,1
Q9Y3E0,A0A024B7W1-PRO_0000443029,1
Q9Y394,YP_009227196,1
P11233,P36817,1
Q9UBS8,YP_009227201,1
P48047,P0C739,1
P46108,Q20NX5,1
E7EUS2,P06463,1
Q92643,P17385,1
Q16584,Q99IB8-PRO_0000045602,1
P40123,P03207,1
Q99873,P03211,1
P35222,Q99IB8-PRO_0000045603,1
O15498,YP_009227196,1
O60547,Q2HRB6,1
P02795,A5Z256,1
P07195,P03470,1
Q8NEE8,P03427,1
P17812,P15682,1
P06748,P24938,1
Q8TEY7,Q80908,1
Q16880,YP_009227200,1
P23786,Q77M19,1
O75746,P17389,1
O94842,P06423,1
P14678,P29990-PRO_0000037929,1
O96000,P24835,1
O95757,P29991-PRO_0000308465,1
P28072,P04578,1
P26572,A0A024B7W1-PRO_0000443029,1
Q8N9F7,P0DOE9,1
Q13503,YP_009227205,1
Q15233,P15682,1
Q8IWF2,B4URF7,1
P01106,P03204,1
Q3ZAQ7,P90495,1
P49257,P04578-PRO_0000038428,1
Q9Y5Y6,P24835,1
O75928,Q8JSN5,1
O14744,P03508,1
Q9BU76,P29991-PRO_0000037936,1
P27824,P06792,1
P00439,P89653,1
P63244,P03255-2,1
O95235,P06921,1
Q969Q0,P17383,1
P62913,P15682,1
P14635,P17382,1
K7EQ03,P03431,1
Q9H1X3,P06428,1
P54803,Q76R62,1
Q96N66,P03225,1
Q8TBC3,E7BBT6,1
O94842,P06788,1
Q8NEW0,P06460,1
Q2KHT4,P29996,1
Q9UNF1,P17389,1
Q16629,Q77UU1,1
Q96C00,E7BBT6,1
Q15427,P10230,1
Q86V81,Q77M19,1
P18124,P15682,1
P62879,Q9WMX2-PRO_0000037548,1
P03905,P06465,1
Q9Y6M1,P03508,1
P42766,P03427,1
Q92564,P29991-PRO_0000037946,1
Q00325,B4URE7,1
P55036,P03081,1
Q96EY7,P03433,1
P61619,P06792,1
Q96AG4,P15682,1
P10415,P89653,1
O75844,Q77M19,1
P53350,P05928,1
Q9Y5B0,P03427,1
Q8N6M3,P03452,1
P08758,P15682,1
Q8ND76,P06428,1
Q9BQB6,P03220,1
Q1KMD3,YP_009227196,1
Q9BPX6,A0A024B7W1-PRO_0000443029,1
O95067,P24835,1
P04844,P06460,1
P46779,P03427,1
P32969,P03430,1
Q13586,P0CK58,1
Q96K58,Q32ZE1-PRO_0000435829,1
P07737,P05777,1
A0A0C4DGQ5,P06423,1
O60716,Q69117,1
Q9HCU5,YP_009227200,1
I3L0L0,P06463,1
P27635,P19712-PRO_0000038050,1
Q9Y265,P0DOE9,1
Q99613,Q32ZE1-PRO_0000435842,1
P68871,P05780,1
Q96H20,P04591-PRO_0000038594,1
P63173,Q82506,1
E9PH18,P03496,1
P49321,YP_009227204,1
P11021,O41957,1
O75127,Q76RH4,1
Q9H7E9,P03433,1
P50897,C5E527,1
Q9HC07,P06792,1
Q07065,P05777,1
O75928,P04014,1
O00303,Q9J0X9,1
Q16254,P03070,1
O75947,Q20MH4,1
Q49A88,P03427,1
P17174,P03129,1
P26572,P08563-PRO_0000041303,1
O95831,P69723,1
Q9NWD9,Q8JSN5,1
P22626,P03430,1
P03915,Q8JSN5,1
Q9Y262,Q67020,1
Q8NC51,P03070,1
Q92804,P03496,1
Q8N2K0,P03246,1
P53999,Q89269,1
P62979,Q82506,1
P32969,P03427,1
A1L0T0,Q20MH8,1
Q7L1Q6,Q77M19,1
Q8WVR3,Q89733,1
P12814,P0C6Z1,1
P61009,YP_009227197,1
P22626,D1LN35,1
Q9Y5M8,B8ZX42,1
P82673,P17383,1
O43390,Q8AZK7,1
Q16774,P10204,1
O75398,P14357,1
P62917,P05777,1
P30154,Q77M19,1
O95232,P06821,1
O00499,Q99IB8-PRO_0000045602,1
Q9UNK0,O41946,1
E9PF18,P03129,1
P56378,P10204,1
O43852,P27958-PRO_0000037566,1
Q9H6U8,YP_009227203,1
Q9NYY3,P36780,1
Q96AA3,Q77M19,1
O75688,Q89733,1
O00767,P05777,1
P50222,P06430,1
Q14134,P24830,1
Q9Y679,P17367,1
Q96C34,P17367,1
Q9Y6N9,P06430,1
P13498,P03468,1
P19338,Q8AZK7,1
Q99459,Q05127,1
Q04671,P29996,1
P61247,Q8AZK7,1
O76094,P15682,1
Q9NWT1,YP_009227196,1
P47712,H9XIJ5,1
Q8N983,Q32ZE1-PRO_0000435829,1
P07237,Q03463-PRO_0000278740,1
I3L4C2,P06428,1
Q5SY16,B4URF7,1
P05787,P03427,1
Q9BXJ8,A0A024B7W1-PRO_0000443029,1
O43670,P04020,1
Q15700,P06463,1
Q9Y305,P03428,1
P51398,Q5EP28,1
Q9NX38,P27958-PRO_0000037576,1
Q9BTT0,P17382,1
P36955,P06477,1
Q71UM5,P05780,1
P36551,Q32ZE1-PRO_0000435839,1
P84157,Q8JSN8,1
Q08209-1,O36972,1
O14735,P29990-PRO_0000037929,1
Q8NBN3,YP_009227196,1
Q4JDL3,Q1K9H2,1
Q52LJ0,Q8JPQ9,1
O14641,P0C206,1
P61163,P05777,1
P83916,B4URE7,1
Q99519,P04578,1
P14866,Q05322,1
Q9Y4W2,P04020,1
Q13838,P15682,1
Q8N6N6,P06428,1
Q9Y5M8,P69901,1
O75531,Q20MH4,1
P60842,P05777,1
P09651,P21605,1
Q15672,Q99IB8-PRO_0000045592,1
Q09161,P09992,1
Q15233,P09992,1
Q96CS3,I6T1Z2,1
P31274,P36780,1
Q9UJX2,P03410,1
O15258,P06460,1
P18859,P08393,1
P15104,A5Z256,1
P13073,P06428,1
P10415,P88995,1
O60656,P03468,1
P16403,P05780,1
P00403,P03452,1
P04843,P03452,1
P67809,P15682,1
Q5JUX0,P06477,1
P26368,P15682,1
P49406,I6TAH8,1
P30530,Q69117,1
Q13671,Q2MG95,1
O00170,YP_009227198,1
Q96QD9,P03428,1
Q9Y512,O36551,1
O14519,P05777,1
P05556,P06792,1
Q14318,P06461,1
K7EM18,Q76R61,1
Q6NSJ2,P04413,1
Q8NHQ9,P15682,1
P36543,P36801,1
P56182,Q99IB8-PRO_0000045603,1
Q96KC8,YP_009227201,1
Q8N163,Q99IB8-PRO_0000045595,1
P01730,Q2N0S6,1
F5H2X7,P06428,1
Q9BUB7,P36801,1
O43684,P05777,1
P60842,Q1K9H5,1
P61769,P10204,1
O95994,V5KTY7,1
Q9P0L0,P03070,1
P14859-1,P04499,1
P25440,D0UZS0,1
P62805,P0C1C6,1
Q9HAU4,Q9WMX2-PRO_0000037548,1
Q8WVM8,P0C739,1
Q9P258,P15682,1
O94923,A0A024B7W1-PRO_0000443029,1
Q14192,Q2MG95,1
P63104,Q997F2,1
P07737,P15682,1
P04406,P03126,1
P25685,Q77M19,1
P35268,Q77M19,1
Q13586,YP_009227200,1
Q14192,P0C739,1
O60831,P06460,1
Q9H7H0,A0A024B7W1-PRO_0000443019,1
Q9HCL3,P36801,1
O75348,Q3SBS4,1
Q3LIF1,P03427,1
Q9NUM4,Q86500-PRO_0000041225,1
Q92685,P29996,1
P18077,YP_009227205,1
Q92831,P06790,1
Q13509,P21698,1
P62258,O56264,1
P61513,P06461,1
P04049,P04601,1
Q9H694,Q2MG95,1
Q9HAD4,YP_009227203,1
O00629,P16727,1
P67809,P21605,1
Q9BZF1,YP_009227200,1
Q07021,NP_751919,1
P25490,P03259,1
Q9Y5J9,B4URF7,1
P09603,P03228,1
Q15165,P04578-PRO_0000038427,1
Q9Y383,P03427,1
P14618,P03454,1
P61978,Q6QDQ4,1
P62244,P03508,1
Q99873,P29991-PRO_0000037946,1
P22492,P03495,1
Q9Y230,Q8JPQ9,1
O15173,P06461,1
Q99966,P03120,1
Q9Y5L4,P30119,1
O15504,E5LBS6,1
P49023,P0C739,1
Q86T03,P05919,1
Q92990,P17385,1
P63151,Q69117,1
P60468,P06461,1
P62273,Q05127,1
Q53GQ0,P29990-PRO_0000037929,1
Q07020,Q0HD54,1
P18077,YP_009227201,1
Q92522,Q0HD54,1
Q7Z3D4,YP_009227196,1
P49755,Q05322,1
Q07065,YP_009227204,1
P61244,P03070,1
Q53EZ4,P12792,1
P48029,YP_009227203,1
P31946,P05780,1
Q5RI15,Q32ZE1-PRO_0000435839,1
P46782,O56264,1
Q86VE9-1,P88995,1
O96005,P06792,1
P14866,Q99AU3,1
P62877,Q6TVJ7,1
P49023,P06428,1
Q9BS18,Q8JSN8,1
P02545,P04618,1
Q70UQ0,P06792,1
Q6Q795,Q2I360,1
O95202,Q77M19,1
P33176,P06821,1
Q2TAL8,YP_009227197,1
Q15008,P05780,1
Q99873,P04591-PRO_0000038596,1
P11413,P03468,1
O75509,P03087,1
P0DI83,P0CK50,1
Q9NVI7,P15659,1
Q9BRS2,P15659,1
Q96PU5,P13285,1
P11441,YP_009227204,1
O95292,B8ZX42,1
P11413,P03452,1
P50395,P03129,1
Q9Y3M9,P36817,1
P06493,P15659,1
Q13263,P0DOE9,1
Q9NRZ7,P29996,1
Q13895,YP_009227196,1
P42224,P05780,1
P16220,P0C746,1
Q9HCN4,P36801,1
O15155,P08563-PRO_0000041302,1
Q14694,YP_009227196,1
Q14974,Q77M19,1
Q96N46,YP_009227205,1
Q7L5A8,P06477,1
Q86VW0,Q99IB8-PRO_0000045599,1
Q9NTK5,P04591,1
Q8N8J7,Q76RI2,1
Q9Y244,P04015,1
Q9UHL4,P0CK49,1
P49756,P03508,1
Q5HYK3,B4URE7,1
Q2NL82,P29991-PRO_0000037936,1
P63244,P03427,1
Q12834,YP_009227202,1
O95235,P36780,1
Q7Z417,P09992,1
P07237,P06788,1
Q9GZP9,P06423,1
Q8N684,P15682,1
Q13501,P12504,1
P06733,P03118,1
O95757,P03070,1
Q14974,P03126,1
P62424,P03470,1
Q8IYI6,P06428,1
Q3LFD5,P03427,1
Q63ZY3,P06428,1
P35249,Q20MH8,1
O14828,P29990-PRO_0000037929,1
P0C0S5,YP_009227199,1
P35249,Q05127,1
Q13950,P24830,1
Q4LDG9,P36817,1
Q9UBU8,YP_009227196,1
Q6P996,Q69117,1
Q14697,Q77M19,1
Q93063,Q20MH8,1
O14681,P0C739,1
Q13043,C5E527,1
Q96E41,P03087,1
Q7Z434,Q6WB96,1
Q9H0U6,P29991-PRO_0000037936,1
P42224,P03255-1,1
P19838,NP_705926,1
P68104,P36801,1
P55036,P05777,1
P19525,YP_009227196,1
P15151,P03470,1
Q9ULW3,Q9WSZ6,1
B0YJC5,P03427,1
Q00403,P03122,1
Q96A33,YP_009227197,1
Q9HDC9,P06792,1
O15226,P29991-PRO_0000037936,1
Q86UL3,P0C739,1
Q8N5C6,P03470,1
P67936,P03470,1
Q9BQA1,P03452,1
Q9HDC9,P0C739,1
P17844,P12792,1
Q07812,P26662-PRO_0000037647,1
Q9H0H3,P06788,1
P22736,P04015,1
Q99439,P03225,1
Q8IXI2,P03182,1
Q14165,P03246,1
P48444,P05780,1
P54709,YP_009227200,1
Q13042,O40939,1
P14678,P05780,1
P27449,P23372,1
Q9HDC5,YP_009227201,1
Q8N661,P03433,1
P62487,A0A288CFT1,1
O00767,P05780,1
Q8N2W9,P06921,1
Q96NT0,YP_009227198,1
Q8IV08,P69901,1
P50542,Q1HVG1,1
Q99623,P03454,1
P49721,P29990-PRO_0000037929,1
P31946,P03134,1
Q9UK41,O55779,1
Q9Y2X9,Q9WMX2-PRO_0000037548,1
Q13155,P15659,1
Q96N66,P03246,1
Q8NHQ1,P10224,1
Q9Y3D6,P05777,1
P10515,Q1K9H5,1
O75494,P03427,1
A0A0U1RQC9,P03238,1
Q8NEG7,P27958-PRO_0000037566,1
P12277,P29991-PRO_0000037941,1
Q13084,P06929,1
P11182,YP_009227200,1
Q96D15,K9UT94,1
Q6FHW4,P29991-PRO_0000308465,1
Q12926,P10205,1
P47897,P04591-PRO_0000038593,1
Q14103,P03427,1
Q9Y3D8,YP_009227205,1
P62917,P15659,1
O14545,P0DOE9,1
P59998,YP_009227204,1
O00299,YP_009227197,1
Q8WY98,P29996,1
Q9NWU5,I6TAH8,1
Q71UM5,H2A1D8,1
Q9BRX8,O36551,1
P04406,P06429,1
Q9UH99,C5E527,1
Q9BYC5,Q05320,1
P23508,YP_009227205,1
Q8NBQ5,P29990-PRO_0000037929,1
Q13263,A0A0C7TBS6,1
P62753,Q82506,1
Q9NR12,Q69117,1
Q9BUB7,P24835,1
Q9Y3F4,P04591-PRO_0000038596,1
F8WBV6,Q80HW9,1
Q14247,P27958-PRO_0000037566,1
P19012,P14079,1
Q96TA2,P0DOE9,1
O95232,Q32ZE1-PRO_0000435842,1
Q9P258,P17383,1
Q7Z7L1,P03070,1
Q15120,Q1K9H5,1
Q8N2X6,P06429,1
P62191,P06463,1
P05386,P03430,1
P61009,YP_009227203,1
O43242,B4URF7,1
P55036,Q2MG95,1
Q9UHD2,Q49PX0,1
Q8NC51,P03454,1
O14641,P03431,1
Q96MV8,P03087,1
P00338,P06463,1
O00264,P29990-PRO_0000037929,1
F8W881,P03496,1
Q12959,Q6VGS8,1
Q08AM6,P0DOE9,1
P18847,Q9DGW5,1
P56192,Q69117,1
P18621,P05780,1
Q9BVT8,Q66479-PRO_0000039497,1
P12268,P03470,1
Q9H1Y0,P03508,1
Q92879,P03508,1
Q8NE71,P04620,1
Q70UQ0,P03070,1
Q86SG4,P06430,1
Q58WW2,H9XIJ5,1
P07900,P21698,1
Q9BRQ6,P29991-PRO_0000037944,1
P48047,P06927,1
Q9NQ79,A0A0C7TA99,1
P39656,Q20MH8,1
Q9BQE3,P0DOE7,1
P04637,Q1NZ49,1
P60228,P15682,1
Q12906,Q05127,1
P23508-1,P88992,1
Q15185,P03427,1
P15259,P03496,1
Q9H936,Q1K9H5,1
P04844,Q6SVZ5,1
O75027,P29996,1
Q86U70,Q9WMX2-PRO_0000037548,1
Q8N490,P03182,1
Q08380,P10225,1
P25789,P05777,1
Q9Y6N5,P06792,1
Q06481,P06930,1
EBI-2548851,P0DOF4,1
P10599,P06428,1
P45973,Q69117,1
Q8N6L1,NP_751926,1
Q9H9H4,Q1K9H5,1
Q07020,P05777,1
Q07020,P09992,1
P19404,YP_009227204,1
P25787,P06921,1
Q9BTX1,YP_009227201,1
Q9H5V8,P36780,1
F5GXF0,NP_751928,1
P61313,P03454,1
Q9BWL3,YP_009227196,1
P24278,P03129,1
Q969G3,P14075,1
O75953,H9XIJ5,1
P63208-1,Q6TVJ2,1
P67809,Q20MH0,1
P60468,K9UT94,1
Q15006,YP_009227196,1
P05141,P15682,1
P19338,P05777,1
G3XA98,P03188,1
Q53HK9,P19712-PRO_0000038050,1
Q8N357,P0C739,1
P26368,P03470,1
P98175,P06821,1
Q96JJ7,Q99IB8-PRO_0000045597,1
P09651,Q6QDQ4,1
Q99460,P05780,1
Q8TBK6,O92597,1
Q10469,Q32ZE1-PRO_0000435839,1
P21912,P17387,1
P84077,B4URE7,1
P18077,P03430,1
Q14728,H9XIJ5,1
O43242,P03126,1
Q12797,P03177,1
P61254,P05777,1
Q7L4P6,P10218,1
P09211,P19712-PRO_0000038050,1
P29692,Q1I2B2,1
Q99941,YP_009227197,1
Q9HC36,Q32ZE1-PRO_0000435829,1
P43365,P03495,1
Q9UHD8,P03081,1
E7EPP6,P88924,1
Q01650,P03470,1
Q13243,P04487,1
Q9UNM6,P03452,1
Q8IY26,P69901,1
Q5QJE6,P27915-PRO_0000037996,1
Q16621,E7DBL9,1
P40227,P05780,1
P08195,P0CK49,1
Q9H0E2,K9UT94,1
P06737,P15682,1
P00505,P06429,1
Q9UL15,P15659,1
Q9Y371,P03203,1
Q49A26,P06932,1
P62851,P05780,1
P13378,Q9WMX2-PRO_0000037545,1
Q8NEC5,Q1K9H2,1
P09382,P03452,1
Q13442,P27958-PRO_0000037566,1
Q9C005,P15682,1
O95394,P24835,1
P22492,P03427,1
P16520,Q77M19,1
Q07955,Q8AZK7,1
P48047,Q99IB8-PRO_0000045596,1
Q70UQ0,YP_009227198,1
P35610,YP_009227200,1
Q9Y5K5,YP_009227200,1
Q8ND56,YP_009227196,1
Q5VT66,P29991-PRO_0000037944,1
Q12857,P03427,1
Q8WXF7,YP_009227200,1
Q9NYF8,YP_009227205,1
Q14186,P17387,1
Q92890,P17385,1
O43852,C5E526,1
P17252,P16791,1
P17275,P03129,1
P30260,O40939,1
Q86U42,YP_009227205,1
O95251,P36780,1
P36578,P12977,1
P0DP23,P03454,1
O15111,P04862,1
Q13323,P0C6Z1,1
Q99942,P29996,1
P25398,P04487,1
P14625,Q9QLP4,1
P48047,P05919,1
Q5EB52,P29996,1
Q63ZY3,P0CK56,1
P04406,P06929,1
P20290,P05777,1
Q9Y4P3,YP_009227197,1
Q8TC07,C5E519,1
Q9BRK5,P0CK58,1
Q9NWV8,P36817,1
P61981,P09992,1
Q01105,P03427,1
P56381,Q20MH4,1
O14979,P03496,1
F8VZX2,P06821,1
P09132,P03129,1
P63010,P0C762,1
Q7Z7K6,YP_009227196,1
Q9UKV8,P03433,1
O00178,YP_009227196,1
Q6IAA8,B4URE7,1
Q9BUJ2,YP_009227196,1
P52597,O56264,1
Q6UX15,K9UT94,1
P50213,P05780,1
Q9BRX2,YP_009227205,1
Q96KG9,P04015,1
P25398,P03427,1
P05386,P03427,1
Q9UJC3,P03428,1
Q9P2I0,P03508,1
Q8NBX0,P0DOE9,1
Q14697,P03468,1
P25786,P13285,1
P35637,P03433,1
Q7Z4Q2,F5HFG5,1
Q9Y5Q8,B4URF7,1
P25685,P03070,1
Q9H159,P06477,1
P20618,P03070,1
O43709,D0UZS0,1
P26599,Q05323,1
Q9H1J1,Q89733,1
Q9BVW5,P03118,1
A0A0C4DGQ5,P06788,1
Q13200,P05777,1
P35268,P03427,1
Q9BZE1,YP_009227205,1
P30040,P04578,1
Q16718,P29990-PRO_0000037929,1
Q8NBT2,P27958-PRO_0000037566,1
O60888,P06930,1
P40227,YP_009227202,1
P18077,P03454,1
P62258,P88993,1
P62191,P06821,1
Q9HD26,P06463,1
P13639,Q76R61,1
P51636,P0DOE7,1
P10515,Q9WMX2-PRO_0000037548,1
P08865,P03427,1
P63173,P15682,1
P33993,P03126,1
O15173,P0DOE9,1
P35527,P05777,1
Q14964,P03427,1
P62888,P09992,1
P62829,YP_009227196,1
Q92993,P04326,1
Q9Y2U9,P0DOE9,1
Q9UHD1,P29990-PRO_0000037929,1
P07858,P06463,1
Q9BRK5,Q77M19,1
Q15904,P90495,1
O15355,P29991-PRO_0000037936,1
Q8WVX9,P29990-PRO_0000037929,1
P26373,P03430,1
Q12899,P29991-PRO_0000037936,1
Q9H1D9,Q20MH3,1
Q9UNL2,P06792,1
P25686,P17385,1
P18848,P14079,1
Q9Y5V3,Q8AZK7,1
Q9NX58,P17383,1
Q9UJZ1,Q1K9H5,1
Q9NRZ9,YP_009227205,1
P37198,P03410,1
O43813,P03452,1
P28300,P04019,1
Q9BRK5,P03081,1
P52597,P29990-PRO_0000037929,1
P35219,P06932,1
O43318,P03230,1
P40189,K9UT94,1
Q9HC07,P69901,1
Q9H1K1,P06429,1
P60903,P03470,1
P52292,A0A2Z5X739,1
Q8IWX8,P15682,1
Q8NI38,Q2KRY7,1
Q969Z0,P05919,1
Q9Y2J4,Q6VGT1,1
P46782,P03470,1
P04406,NP_751919,1
Q4G0J3,P04608,1
Q9H6X2,P03468,1
P09543,P17387,1
P07355,P03433,1
P04637,P89055,1
P52799,P03087,1
Q96I24,P03129,1
P62195,P04608,1
P17980,Q1K9H5,1
Q6ZWL3,P03427,1
Q8IYN2,P10224,1
Q9H0M0,P13285,1
P20155,P29996,1
Q8N4V1,YP_009227201,1
P47897,Q1K9H2,1
Q8N4Y2,P36801,1
P02647,NP_751927,1
Q9NRN7,Q99IB8-PRO_0000045599,1
Q13188,Q1K9H5,1
P17980,YP_009227204,1
Q9Y3T9,P27958-PRO_0000037566,1
Q8NBX0,P0C739,1
P62851,P03470,1
O75477,NP_751928,1
A0A0C4DG91,P06463,1
P61981,Q76353,1
Q14699,P03070,1
O14929,YP_009227204,1
Q8N0Z3,Q9WMX2-PRO_0000037548,1
P49755,Q77M19,1
Q06481,Q80HW9,1
Q5H9R7,P15682,1
O95817,P03427,1
H3BS72,NP_751927,1
Q8IWB7,Q8JSN5,1
Q9H6S1,P14335-PRO_0000037710,1
P13010,Q89268,1
P47897,P05777,1
P62263,P05777,1
Q9UHP7,P29996,1
Q9H0C5,P03120,1
P62899,Q1HVF7,1
ENSG00000078900,P03255,1
P17858,P0CK56,1
Q14318,P69901,1
Q9H3Q1,P03433,1
P46781,Q99IB8-PRO_0000045596,1
P62841,P15659,1
Q07020,P03454,1
Q6P1A2,YP_009227204,1
Q8TD10,P03466,1
P68363,P0DOE9,1
Q13586,YP_009227204,1
Q96AX1,YP_009227202,1
Q96G23,P06460,1
P78344,Q99IB8-PRO_0000045603,1
P68366,YP_009227202,1
Q9HC21,P29991-PRO_0000037944,1
Q9Y6C9,P30119,1
P03915,P06430,1
G3V5T9,P89883,1
Q8N6L0,P0C6Z1,1
P35052,P69901,1
P67936,P03454,1
O14653,YP_009227200,1
Q9UKM7,P29990-PRO_0000037929,1
Q99750,P0CK48,1
Q15459,P04620,1
P20226,P03120,1
Q13505,YP_009227203,1
Q99613,P05777,1
Q14974,P05780,1
P27694,P03116,1
Q96I25,P05777,1
I3L504,P04618,1
Q96EY1,P36827,1
Q96CS3,P06927,1
O00505,Q997F2,1
Q13480,NP_751927,1
Q9BZJ0,Q5EP28,1
O00629,B8ZX42,1
P05388,Q77M19,1
P08579,YP_009227203,1
Q5VSY0,P10231,1
P19793,Q1HVG1,1
Q02809,P03468,1
Q8NFQ8,P69901,1
Q9Y570,P36778,1
O95816,P03070,1
Q9UEE9,A0A024B7W1-PRO_0000443032,1
P23588,P03470,1
O15269,P03454,1
Q7L4E1,P05780,1
P35268,Q89733,1
Q49A26,A0A024B7W1-PRO_0000443019,1
Q6IAA8,P03246,1
Q96JJ7,P03182,1
P19338,EBI-6857440,1
P02768-1,O41970,1
Q9UBN6,Q8AZJ3,1
Q13415,P03211,1
P49756,P09992,1
O00767,P03496,1
Q9BUZ4,Q8AZK7,1
P16070,P13285,1
Q8N6L0,P03185,1
Q14257,P05777,1
O75909,P29991-PRO_0000037936,1
Q9Y2H1,P15659,1
P21980,P03129,1
O75352,P0C045,1
P62807,P03427,1
P22695,P24835,1
Q9Y2S7,P06427,1
Q9UL40,P17387,1
O75925,P29991-PRO_0000037946,1
P60002,P27958-PRO_0000037566,1
P29692,Q82506,1
O96005,P06927,1
Q9UN86,P03433,1
Q6ZU67,Q00335,1
A6PVS8,P06465,1
Q5T2W1,P03126,1
P52597,P04620,1
P29320,M0QVI9,1
Q9Y2W1,Q20MH3,1
Q9NRP0,P06460,1
O14925,P05780,1
Q969X5,P69901,1
O14867,E7DBL9,1
Q8N4L2,P0CK49,1
P13639,P15659,1
Q96KG9,P36791,1
O60858,YP_009227200,1
P46779,P05777,1
P50402,P04578,1
P33993,P06428,1
O00499-7,P27958-PRO_0000037576,1
P82932,P03430,1
O43852,Q9WMX2-PRO_0000037550,1
P52292,P14357,1
E9PMI6,P03431,1
Q9Y5V3,NP_751919,1
P11233,O36551,1
E9PE17,P03431,1
P30153,P03454,1
Q5XG87,Q32ZE1-PRO_0000435838,1
P35637,Q9WPI5,1
Q9BXJ3,Q1K9H2,1
P68104,P36817,1
Q9UDV7,C5E524,1
Q96D05,P03433,1
Q96A35,P06477,1
Q9Y3C1,P27958-PRO_0000037566,1
P62424,P03430,1
P18124,P05777,1
O00487,P15659,1
Q9P0L0,P06460,1
P16298,Q1K9H5,1
P61313,P19712-PRO_0000038050,1
Q5VV42,P06792,1
Q9BYN8,P17383,1
O15321,P69901,1
O00165,P03452,1
P60709,Q9J0X9,1
P17812,P03468,1
O95249,A0A024B7W1-PRO_0000443029,1
Q9NVH1,P05777,1
Q15831,A0A024B7W1-PRO_0000443029,1
Q3KQU3,YP_009227196,1
Q92945,YP_009227199,1
Q96NT5,Q99IB8-PRO_0000045600,1
Q4G0N4,F5HBQ9,1
Q15633,O92551,1
P18084,P03468,1
P52294,YP_009227204,1
Q969J3,Q05127,1
F5H5U2,P03428,1
Q9P0V3,P0CK56,1
P25116,P0CK56,1
Q13162,YP_009227204,1
Q96BI1,P06792,1
P41208,Q20MH3,1
Q8IWX8,P15659,1
Q68CZ6,C5E527,1
P25398,P15659,1
Q9NUL3,P05777,1
P06576,P0DOE9,1
P52815,P05777,1
P62249,P29990-PRO_0000037929,1
Q9UHW5,P05780,1
Q92841,P05777,1
Q5SZE2,P03468,1
Q9BV20,Q1I2B2,1
O15533,P06460,1
Q9HCD5,P10228,1
P35268,P15059,1
P48444,P05777,1
Q8IY95,P05919,1
Q9P0J0,P16749,1
Q9P258,Q05322,1
Q06055,NP_751926,1
O75688,P03246,1
P30408,P06930,1
P62273,Q82506,1
P13667,P36778,1
P62195,P06463,1
Q13885,Q89733,1
P52630,P11207,1
P38159,P09992,1
Q15436,P68978,1
Q06330,P03204,1
P34931,Q0HD54,1
Q15369,O41974,1
P26599,P03496,1
Q8WWY3,P03118,1
O15260,P0CK56,1
Q13151,P03470,1
O14770,P08563-PRO_0000041304,1
Q15329,Q2PRM9,1
P43307,YP_009227203,1
P09543,P03129,1
Q8ND90,P32888,1
P41182,Q2KRY7,1
Q8N4V1,YP_009227200,1
Q9Y606,YP_009227203,1
Q969F0,P04288,1
P80303,YP_009227201,1
Q9NZN4,P03454,1
O75569,B2BTY8,1
Q9NXH8,P03496,1
O75396,Q20MH8,1
P46778,P06788,1
Q86SE5,P04288,1
Q14974,P03087,1
P39748,P16749,1
P55036,P03454,1
Q9NZN4,P0CK56,1
P15880,P15659,1
O95793,YP_009227196,1
Q5TAQ9,P06427,1
Q9UHQ9,P29991-PRO_0000037944,1
P55209,NP_751927,1
Q8N6Y0,P03431,1
Q9H3N1,P0C739,1
O60725,P06792,1
Q6UN15,C5E527,1
P19013,P17367,1
P68366,P17387,1
O14640-2,O41957,1
P60903,Q5I3N2,1
Q96JJ7,P04578,1
Q6PIY2,P14079,1
B4DZM6,P24835,1
O75844,YP_009227196,1
O60506,P03468,1
Q5T5X7,I6T1Z2,1
O75352,P06428,1
P62851,P03427,1
O00560,K9UT94,1
Q08431,P06461,1
O00472,YP_009227205,1
Q06323,P13285,1
O15524,P05888,1
Q13283,Q1I2B2,1
Q16718,P17385,1
Q8TCJ2,YP_009227198,1
Q96M02,Q8JPQ9,1
B8ZZD4,P14079,1
O75928,P0C206,1
Q92945,Q1K9H5,1
Q9BPZ3,P05780,1
Q9GZP9,P06460,1
O14763,P0CK58,1
P27824,P03427,1
Q96KG9,P06921,1
P60468,P03070,1
Q9UBX3,I6T1Z2,1
Q99733,P03470,1
Q96I25,A0A024B7W1-PRO_0000443032,1
Q99442,P05780,1
Q8N8U9,O41947,1
Q8NF37,B4URE7,1
Q8IVS8,P06428,1
Q9NRR5,Q9WMX2-PRO_0000037546,1
Q96S52,P0CK57,1
O75381,Q2MG95,1
P25311,P0C045,1
Q7Z7F7,P03466,1
Q96QG7,YP_009227202,1
Q05639,Q01220,1
Q969E8,P06430,1
Q8IZ41,P29991-PRO_0000308465,1
Q86XZ4,A0A024B7W1-PRO_0000443019,1
P10619,Q77UV1,1
Q07021,P06422,1
P11802,P04608,1
P62805,P03496,1
P01892,Q6DPU2,1
O00463,P03129,1
Q9UKV8,E5LBS6,1
Q15427,P15659,1
Q9BXN2,P0C6Z1,1
P51398,P29991-PRO_0000037936,1
Q49AN9,P03433,1
Q8NF37,P06821,1
Q96TA2-1,Q99IB8-PRO_0000045596,1
P42166,P29990-PRO_0000037929,1
Q9HD23,P04618,1
Q96P16,Q8JSN5,1
P62191,P03454,1
Q9UNF1,P29990-PRO_0000037929,1
P12004,P88934,1
Q15326,Q69022,1
P30049,P17385,1
P52294,Q05322,1
P34932,P21698,1
Q9NZD8,P14079,1
Q9Y5M8,B8ZX49,1
P08579,P03470,1
P17535,P03129,1
Q96BW9,YP_009227204,1
P25705,P03427,1
P43629,P04578,1
P62701,P03427,1
Q7Z739,P09992,1
P39019,P19712-PRO_0000038050,1
O95900,Q76RH4,1
Q15208,P03427,1
P23921,YP_009227201,1
Q9NQ40,P36801,1
P36954,P03431,1
P39019,P03508,1
Q92905,P24830,1
P51970,P05777,1
Q9BZE1,YP_009227200,1
Q9Y2S6,Q77M19,1
Q6NUQ1,YP_009227200,1
P26599,P03454,1
P62854,YP_009227196,1
P31274,P03118,1
Q9Y4W2,P17382,1
Q86VY9,K9UT94,1
Q9Y6X1,P29996,1
P00846,P06927,1
E9PSA9,NP_751922,1
P27635,YP_009227196,1
Q9NQT4,P06463,1
Q13162,Q8JPQ9,1
P28799,P03199,1
Q53GS9,YP_009227196,1
O75190,Q1K9H5,1
P25788,P03225,1
O75934,P06428,1
Q12959,P16717,1
Q6YN16,Q2PRM9,1
P27695,P04620,1
Q8WUI4,P06430,1
P34741,O41946,1
Q9UBQ5,P05777,1
Q9C0F1,P06932,1
P35244,YP_009227202,1
Q9NQG5,P03431,1
Q13232,P14335-PRO_0000037710,1
O00165,Q77M19,1
Q6PDB4,P06477,1
P49069,P34015,1
Q9NY26,NP_751926,1
Q6PIU2,P03246,1
Q13435,P15659,1
Q6KB66,P24835,1
O95251,P06422,1
Q8TCJ2,P69901,1
P30279,P14079,1
Q9Y6M1,P05777,1
Q9NTJ5,P03182,1
Q9NPA0,YP_009227196,1
Q9UJX2,Q6VGT1,1
Q3ZCQ8,Q8AZK7,1
Q6UUV9,P03206,1
Q6P1J9,YP_009227199,1
P78371,Q77M19,1
O95178,A0A024B7W1-PRO_0000443029,1
O43889,P0DOF5,1
Q9NS86,P05777,1
Q8NHP6,YP_009227196,1
Q96F85,Q8JSN5,1
P25445,P06792,1
P14678,P15682,1
O43765,YP_009227203,1
O00459,P10191,1
P62857,P27958-PRO_0000037566,1
P55209,P03470,1
Q9NVZ3,P06788,1
Q9UI09,Q32ZE1-PRO_0000435839,1
Q15365,P03118,1
Q969G3,Q05322,1
P18124,P19712-PRO_0000038050,1
Q9UJX3,YP_009227203,1
Q8WYQ5,P17383,1
Q99439,P0CK56,1
Q71U36,Q01220,1
P84022,AP_000107,1
P14625,Q8JPQ9,1
Q5J8M3,YP_009227198,1
Q8TAD4,YP_009227196,1
Q8N1F7,P29990-PRO_0000037929,1
B0QYN7,NP_941977,1
Q13190,YP_009227203,1
P0CG48,Q805H7,1
P84098,P15659,1
P39687,P03427,1
Q14558,P29990-PRO_0000037929,1
P31749,NP_751927,1
P04406,P03496,1
P52292,Q2VC93,1
Q02818,Q9WMX2-PRO_0000037551,1
Q86X55,O40945,1
Q9NX63,Q77M19,1
Q9HCC0,P24772,1
Q8TAT6,YP_009227199,1
Q9UNK0,YP_009227204,1
Q92905,NP_776011,1
P05412,P0C746,1
Q8N983,P29991-PRO_0000037936,1
P19388,P03427,1
Q8N5I9,P27958-PRO_0000037566,1
P22626,P03427,1
Q99470,P90486,1
P40429,P03427,1
O95190,P06788,1
P08670,NP_705926,1
Q8IYJ3,P24835,1
H7BZJ3,P03452,1
P51114,YP_009227196,1
Q8NBJ5,P04578,1
P40855,P06821,1
O95297,P06792,1
P30050,P09992,1
Q32P51,Q05127,1
O00303,P05777,1
Q8NA29,P88995,1
Q92688,Q58HT7-PRO_0000268112,1
Q96CP6,YP_009227198,1
P84103,Q82506,1
Q13144,YP_009227205,1
Q6PML9,YP_009227201,1
P07237,B8ZX49,1
Q9C0E8,P06461,1
Q13227,P03126,1
P28676,P03211,1
Q9BYE4,P21605,1
P05455,P19712-PRO_0000038050,1
Q96FJ2,Q85601,1
Q01105,P29991-PRO_0000037946,1
P60981,P17387,1
Q9UHD9,YP_009227201,1
Q7L804,Q8JSN5,1
O96011,YP_009227197,1
O00463,P06429,1
Q7Z695,P06930,1
Q6P1K1,P24835,1
P14866,P03427,1
Q7L2H7,Q32ZE1-PRO_0000435842,1
P51153,P03496,1
P0CG08,P29991-PRO_0000037944,1
Q15831,P17387,1
P55072,P04578,1
Q9UIG8,P06428,1
P08579,YP_009227199,1
O14579,P69901,1
Q99460,P30119,1
P18847,Q69027,1
C9J384,P03433,1
P62140,P17383,1
Q86W33,P24835,1
Q96EL2,Q76RH4,1
O60725,P69901,1
P14625,Q99IB8-PRO_0000045596,1
O75460,YP_009227200,1
Q14790,Q66674,1
Q9UMS4,YP_009227196,1
Q96ER3,F5HFG5,1
P62277,P15659,1
P55209,P03122,1
Q96GA3,Q1K9H5,1
P46778,B8ZX49,1
Q16527,P03220,1
B4E022,P03508,1
Q8IWP9,P27958-PRO_0000037566,1
P78371,Q20MH0,1
O60825,A5A5U1,1
P36406,Q9WMX2-PRO_0000037548,1
P02794,P69901,1
A0A087X1E4,P36791,1
Q96F44,P17367,1
Q15392,P0C739,1
O00560,Q6VGT1,1
Q9HD45,P69901,1
P09543,P03070,1
P78381,P29990-PRO_0000037929,1
Q8NCL4,P04019,1
P20382,P03087,1
P62195,P03496,1
O14950,YP_009227196,1
Q96D09,P17386,1
P04004,P0C045,1
P31930,Q1K9H5,1
Q14790,Q1XBR6,1
P62081,P15659,1
Q8TBP6,P29990-PRO_0000037929,1
Q16527,Q2MG95,1
P26583,P27958-PRO_0000037566,1
Q15051,P15659,1
P52292,Q1HVF7,1
P29966,B8ZX49,1
G5E9W7,P03496,1
Q96S66,YP_009227204,1
Q8N5C6,P03427,1
P35222,P88980,1
Q6PIW4,P29990-PRO_0000037929,1
P25786,P03427,1
P62937,P03470,1
O60506,P03427,1
Q9UPT9,P05780,1
P68371,P06930,1
Q12996,P03508,1
P04075,P03454,1
P49902,P03470,1
Q3KQU3,P03211,1
P62826,P05777,1
A0FGR8,I6T1Z2,1
Q9BPX1,Q6VGS8,1
P05141,P29990-PRO_0000037929,1
P04844,Q99IB8-PRO_0000045596,1
Q13838,P05777,1
Q9H2V7,P03246,1
Q99536,YP_009227203,1
Q9Y5X1,Q98143,1
Q12907,P04578,1
Q52LJ0,YP_009227203,1
P11021,P12792,1
Q96HW7,YP_009227204,1
P33993,B4URF7,1
Q7L7L0,P0C1C6,1
P62906,P03454,1
Q5TGY1,Q2MG95,1
P03886,P06428,1
P46778,P15659,1
O15371,P03470,1
Q9Y6N5,Q69117,1
Q9Y6Y0,P03454,1
Q9UHQ4,A0A024B7W1-PRO_0000443029,1
Q15836,Q77M19,1
P35232,Q99IB8-PRO_0000045596,1
Q9NRN7,P05777,1
P04406,P36801,1
Q9UBD5,Q20MH8,1
P49137,P05777,1
P62906,P03427,1
P63151,Q76S40,1
O95168,Q32ZE1-PRO_0000435839,1
P39656,P29990-PRO_0000037929,1
Q13263,P03470,1
P61160,P03452,1
P13378,NP_751928,1
P49207,P03470,1
H3BSP9,NP_751925,1
Q01518,P05777,1
A0A024R0Q3,P03427,1
Q9NX63,P06461,1
Q12905,Q9WMX2-PRO_0000037550,1
Q9NRZ9,YP_009227202,1
P50914,Q89733,1
P61026,Q77M19,1
Q6NW34,C5E527,1
P62854,Q77M19,1
Q6PJG6,Q20MH8,1
Q14790,P03118,1
Q14847,P09992,1
P06400,Q80908,1
P04264,P03454,1
P48643,P03220,1
P54646,P06428,1
Q8WXF7,Q1K9H2,1
P42766,YP_009227198,1
P02538,P14079,1
Q8N2K0,Q77M19,1
P35268,P03431,1
Q9H0F6,Q99IB8-PRO_0000045597,1
P35998,P03129,1
Q8NBP0,P69901,1
P02545,P10215,1
Q9NNX6,NP_722460,1
Q9UL25,Q77M19,1
P78356,B8ZX42,1
P62913,P15659,1
P06730,P03430,1
Q9UBX5,Q9WMX2-PRO_0000037541,1
Q12797,P03496,1
P02794,Q1K9H5,1
P26368,P17383,1
P49368,P29990-PRO_0000037929,1
Q12959,P06463,1
Q8IWU4,P08563-PRO_0000041304,1
P40305,P06428,1
O00571,P04618,1
Q14533,P24835,1
P61254,P19712-PRO_0000038050,1
Q12959,P36709,1
Q9BX40,P03428,1
Q02539,P24772,1
P00414,P06430,1
P11684,P06929,1
Q5H9R7,P17386,1
Q8IXM3,YP_009227205,1
P09012,P03496,1
P30050,P06427,1
Q14653,P03126,1
Q9ULX6,P03427,1
Q9Y2W2,P10230,1
Q8N2G8,Q32ZE1-PRO_0000435839,1
P04264,P15682,1
O75475,NP_789740,1
Q6N075,Q9WMX2-PRO_0000037550,1
Q9H269,YP_009227205,1
P0DMV8,P04663,1
P51659,Q6VGS8,1
O95573,P69901,1
Q7Z3C6,B4URE7,1
O43809,Q98143,1
E7ETU5,P03496,1
O60506,Q9WPI5,1
P17612,C5E527,1
Q8NHQ9,P27958-PRO_0000037566,1
P42224,Q8JSN8,1
P28799,P03185,1
P19338,P15682,1
Q9Y285,P03452,1
C9JC84,NP_751926,1
Q8NBM4,YP_009227200,1
Q96CS3,P05777,1
P49368,Q69117,1
Q9BW61,P05928,1
P52292,P03470,1
Q9ULX6,Q77M19,1
Q9BVI4,P03470,1
P48643,Q20MH0,1
Q02878,P05777,1
P18621,P04620,1
O75688,A0A0C7TUY8,1
P43304,P03427,1
P29558,P09992,1
Q8N2K0,P06792,1
O60831,Q2MG95,1
P53701,P0C739,1
D6RB85,P03452,1
Q15113,P0CK56,1
P17302,P06460,1
O95905,P05780,1
Q6ZTR7,P14335-PRO_0000037713,1
P62070,P0CK49,1
Q9Y5F1,P03427,1
Q96FJ2,Q05127,1
Q9Y6N5,Q9DUG7,1
O43251,Q20MH8,1
P23588,P03129,1
P07195,Q8AZK7,1
P83731,P03430,1
Q15036,K9UT94,1
Q0VD86,Q2KRY7,1
P35606,P05780,1
Q15365,P06428,1
Q96BH1,P03126,1
P55084,P03433,1
Q15024,P29991-PRO_0000037936,1
Q5TB53,P06821,1
Q92905,H9XIJ5,1
P36542,P03470,1
P30530,P0CK56,1
P98194,P0CK56,1
P16333,Q90VU7,1
O14744,P03454,1
Q96EY4,YP_009227205,1
Q9Y6A9,Q99IB8-PRO_0000045596,1
P17544,Q2HR82,1
Q9BWM7,P03220,1
Q9H0I2,Q77Q82,1
P61009,YP_009227204,1
Q92734,P03206,1
O43815,P17367,1
Q04917,YP_009227199,1
O75477,YP_009227198,1
Q9Y3B6,P24835,1
Q14764,P03452,1
Q9H1I8,YP_009227196,1
Q96I25,YP_009227203,1
Q8NCP5,P03129,1
Q12933,P06788,1
Q9UNK0,Q99IB8-PRO_0000045598,1
O14613,P24835,1
Q9H0J9,P15682,1
Q9UBS4,P04578-PRO_0000038427,1
Q9BT22,P69901,1
Q9UI14,P03230,1
Q96LT9,P06429,1
Q86VK4,Q9WMX2-PRO_0000037548,1
P53801,P03182,1
O95793,P03470,1
Q9UBD5,Q77UU1,1
P53618,P68978,1
P17066,Q84940,1
P08195,P03182,1
Q2TB90,P05777,1
Q9HCN4,B4URF7,1
Q9NPJ6,P0DOE9,1
Q96GQ7,P17388,1
O60725,P05777,1
P35606,P17385,1
Q6NYC8,P14079,1
Q8WWY3,P06423,1
O95251,Q77UU1,1
O96017,P14079,1
Q5VWX1,Q04360,1
P07900,NP_751927,1
O95292,Q99IB8-PRO_0000045599,1
A6NFX8,Q80HV3,1
Q9UL15,Q8AZK7,1
P82650,C5E522,1
Q9BVW5,P03120,1
Q9HBI0,Q9WMX2-PRO_0000037551,1
Q8NB90,C5E527,1
P52630,Q9WMB4,1
Q96HH9,YP_009227196,1
Q13405,P03470,1
Q9UI12,O40948,1
O14681,YP_009227200,1
Q8IV08,P04578,1
O14576,P27958-PRO_0000037566,1
P08708,P09992,1
Q9H078,C5E526,1
Q96G97,P06460,1
P06733,P36827,1
P35869,Q69138,1
P62318,P15682,1
P48643,P05777,1
Q6NZI2,P06461,1
Q9ULX3,YP_009227196,1
Q13137,P30119,1
O14681,YP_009227203,1
Q92688,P03427,1
P46778,P19712-PRO_0000038050,1
P20226,P03118,1
Q96A33,P03485,1
Q9NQI0,Q8JPQ9,1
P35249,P29991-PRO_0000037936,1
Q6ZNB6,YP_009227203,1
O95470,O36551,1
Q8N5R6,P04488,1
O14639,P03433,1
Q9HBH0,P03468,1
P04792,P36778,1
Q71UM5,P0C739,1
P12268,P05777,1
Q9UN86,P05777,1
Q4G0J3,Q5EP28,1
Q8IXI2,P69901,1
Q9Y512,YP_009227204,1
C9JYA1,P04618,1
Q96BY9,P06461,1
A0A0C4DGV4,Q69027,1
Q96S66,P06927,1
P18850,YP_009227197,1
Q9NY93,O92551,1
P17987,Q20MH0,1
Q09028,P06821,1
P38606,F5HFG5,1
P63172,P10219,1
Q9BW61,EBI-15928529,1
P51398,P03431,1
Q13200,P03454,1
P26373,P15682,1
Q99797,YP_009227197,1
Q8N5F7,EBI-6857440,1
Q9P035,P0C739,1
Q32P51,P03496,1
Q53GS7,P03427,1
Q03135,P15659,1
P60900,Q9WMX2-PRO_0000037545,1
P51648,P15659,1
O75340,P03431,1
Q9NXS2,I6T1Z2,1
Q96ST2,Q69117,1
Q96HR3,YP_009227205,1
P29692,P09992,1
Q9UKY0,P29996,1
Q16637-1,P06790,1
Q96CW1,P03129,1
Q13200,P03255,1
Q99459,P04620,1
P35609,Q9WMX2-PRO_0000037548,1
A0A2R8Y6X2,P03129,1
P02786,YP_009227196,1
Q9NRX5,P06792,1
Q70UQ0,P69901,1
V9GZ56,P17372,1
Q9NYM9,Q32ZE1-PRO_0000435839,1
P13073,O36551,1
O43823,P15682,1
Q10472,P06792,1
Q8TBP6,P03452,1
O96011,YP_009227200,1
P62937,P0DOE7,1
P21912,P03508,1
Q13547,P14079,1
O00629,P03470,1
Q9UDY4,P03081,1
Q53EU6,YP_009227196,1
P62070,P0C739,1
Q07020,P03427,1
Q8TD10,Q67296,1
P12004,Q1I2B2,1
Q13724,P0DOE9,1
P56385,P29991-PRO_0000037944,1
Q8IWX8,P06788,1
Q15942,Q69139,1
O60812,Q8AZK7,1
O60218,P03452,1
P31942,Q6QDQ4,1
Q99880,P03454,1
Q9Y6N5,P30119,1
O60220,Q99IB8-PRO_0000045597,1
P43003,B4URE7,1
Q8NBX0,Q9DUG7,1
P04637,P17386,1
Q9BXS6,Q32ZE1-PRO_0000435829,1
Q969Z0,Q32ZE1-PRO_0000435839,1
P40429,Q1HVF7,1
O94830,YP_009227196,1
Q5T653,P29991-PRO_0000037936,1
P02775,P24766,1
Q6PEX3,P14079,1
P12277,Q997F2,1
P51114,P15682,1
O60762,P03427,1
B4DGU4,P06821,1
Q9Y5P4,P03452,1
Q8IZ07,P06463,1
Q13642,Q2I360,1
P23246,YP_009227205,1
P17980,YP_009227197,1
Q9UN86,P04578-PRO_0000038427,1
Q9NX40,P03508,1
Q5BKT4,P29991-PRO_0000037944,1
Q53EU6,YP_009227201,1
Q9BYN8,P29991-PRO_0000037936,1
P06737,P05777,1
Q15006,YP_009227200,1
Q86UE4,Q8JSN5,1
Q93062,P0CK47,1
P62280,P03427,1
Q96NB2,I6T1Z2,1
Q99435,Q9WMX2-PRO_0000037548,1
Q5VV42,P69723,1
O75821,P05777,1
Q7Z4F1,P0CK58,1
Q9Y2S7,Q77M19,1
Q9H074,P15682,1
P04843,P03508,1
P63244,Q77M19,1
P12814,P36791,1
Q8IYA8,P06932,1
P52597,Q8JPQ9,1
P30530,P29996,1
P61962,P03428,1
Q14254,YP_009227204,1
Q99832,Q20MH0,1
Q99459,P03430,1
P06748,P04618,1
P14550,P36817,1
Q9UKT9,P69723,1
P62701,P04487,1
P07195,P03496,1
Q99640,YP_009227203,1
Q9NRY2,P06428,1
H3BLV9,P10238,1
P83731,Q77M19,1
P06733,P03470,1
O95476,P08563-PRO_0000041302,1
Q5EBL8,P06428,1
Q8IUQ4,Q9WMX2-PRO_0000037548,1
Q13823,Q05127,1
Q71U36,P0CK53,1
P49458,YP_009227196,1
Q9BVN2,Q8JSN5,1
Q8IUH5,P0CK49,1
O96000,P06427,1
O00483,K9UT94,1
Q9Y2Q9,I6TAH8,1
O00273,P03246,1
P12277,Q03463-PRO_0000278738,1
P22626,P15682,1
P30153,Q69117,1
Q15020,Q5EP28,1
P17980,P04578,1
Q96CP6,YP_009227203,1
Q9UBS4,P06788,1
Q9UJS0,P17389,1
P04632,P05777,1
Q9BSD7,P03433,1
P15336,Q2HR82,1
P35813,B8ZX49,1
P84077,P29990-PRO_0000037929,1
B1AK44,P24935,1
Q5C9Z4,YP_009227196,1
O14735,P06821,1
Q96PU8,Q05323,1
Q7Z2W4,Q1K9H5,1
P30050,Q8AZK7,1
P04637,Q77M19,1
P35610,YP_009227198,1
Q93062,P03204,1
Q13287,B4URF7,1
P04083,P0C1C6,1
Q9BRK4,P03495,1
P51991,Q6QDQ4,1
Q14699,Q9DUG7,1
Q9H257,P06428,1
O14744,P15682,1
O95786,Q6WB94,1
Q05519,Q99IB8-PRO_0000045596,1
P23588,P15659,1
Q6UB35,P06821,1
Q9UBE0,P36801,1
Q15942,P03203,1
Q6P1L8,P17387,1
P62913,P05777,1
P07237,YP_009227200,1
P55957,P17361,1
B4DV09,B4URE7,1
P23246,P17367,1
P29353,P03077,1
Q5T447,YP_009227202,1
P20700,P03208,1
Q9UI10,P06821,1
P30101,B4URF0,1
O95817,Q69117,1
Q9UKV8,P03431,1
P08574,P03428,1
O43237,Q76RF3,1
P31146,P27915-PRO_0000037996,1
Q9BPX6,YP_009227196,1
P40616,P29990-PRO_0000037929,1
Q8NET6,Q99IB8-PRO_0000045603,1
P61313,P04487,1
Q9Y6H8,P29996,1
P05026,C7E5A9,1
Q96C19,P15682,1
O75340,P03427,1
P61247,P05777,1
P35250,P03129,1
O95299,P03468,1
O15371,P03428,1
Q9Y3Q3,P05780,1
Q04917,K9UT94,1
P60033,B4URF0,1
Q9Y3Y2,P03430,1
G5E975,P06789,1
P63220,P03470,1
Q6K0P9,P06725,1
O76095,P06477,1
O43791,P06423,1
O14672,P04578,1
O94901,YP_009227203,1
Q14596,Q8JSN8,1
P09651,P04487,1
P14174,P03129,1
Q9NXA8,P06932,1
P00167,NP_751926,1
Q9BRX8,YP_009227203,1
P35372,P10204,1
P00156,P06427,1
Q9C0E8,P06927,1
P29590-2,P03243-1,1
Q9BQ67,P29991-PRO_0000037936,1
P57721,B4URF7,1
P30519,YP_009227203,1
Q9BQB6,Q2MG95,1
Q9Y2S7,P17383,1
Q9NZM5,P08393,1
Q01081,P03430,1
Q9BQ66,P10227,1
Q99733,P05780,1
Q9Y6C9,P0C739,1
P62736,Q9WPI5,1
P40616,P06460,1
Q76N32,Q9WMX2-PRO_0000037552,1
Q16643,P03454,1
P62877,Q6TVJ2,1
Q14CN4,B4URE7,1
O14920,P03230,1
Q9UJY5,P36780,1
Q9Y230,P04578,1
O43909,P06788,1
P03915,P36817,1
P07900,Q77M19,1
O00483,Q77M19,1
Q96G23,P05919,1
P49458,Q1K9H2,1
Q15906,P03493,1
Q00987,Q2HR73,1
P84022,NP_751919,1
Q6P1W5,Q67296,1
Q9P2J3,Q76RI8,1
Q9Y5M8,P0DOE9,1
Q9Y570,Q77UU1,1
Q12805,P0CK47,1
Q9HC62,P03427,1
O14967,YP_009227200,1
P52756-1,O41957,1
Q02978,Q77M19,1
Q9Y3D6,P29990-PRO_0000037929,1
Q8IVU1,C4P226,1
P07900,Q8AZK7,1
Q86Y07,P03182,1
Q53EZ4,P0C206,1
P81877,Q9WH76,1
P51784,Q9DLK6,1
Q13162,YP_009227203,1
D6REE5,P03485,1
P35908,P15682,1
Q96EY7,YP_009227205,1
O15533,P06927,1
Q14739,YP_009227203,1
Q9H4A4,P06428,1
B0QYN7,P07567,1
P04843,P05780,1
P10619,P03081,1
P51692,A0A288CFT1,1
P49368,P03454,1
Q9Y3D9,P03129,1
P82933,P03508,1
Q9BZW8,Q9PX39,1
P52597,P15682,1
P27797,P04578,1
P50281,K9UT94,1
O15270,P0DOE9,1
Q92522,Q8AZK7,1
Q14332,P06927,1
Q12981,YP_009227204,1
Q15046,P03496,1
Q9H892,P29882,1
O94826,P03496,1
Q15427,P04591-PRO_0000038596,1
Q8TB61,P06792,1
P27797,P0CK58,1
P23284,P05777,1
Q07955,P15659,1
O95297,B8ZX49,1
Q07666,P03427,1
Q13438,P03454,1
P56134,Q20MH4,1
P50402,P03182,1
P62195,Q1K9H5,1
Q8NF37,Q99IB8-PRO_0000045597,1
P05556,Q69117,1
P29692,Q67020,1
P00846,P06428,1
P51812,K9UT94,1
O76031,Q8JPQ9,1
Q92841,P04620,1
Q13263,P06430,1
A8MXV4,YP_009227197,1
Q99689,P03086,1
Q96EZ8,P04485,1
Q99523,Q20MH8,1
P14314,YP_009227200,1
Q5SSJ5,P03211,1
Q01628,P06460,1
Q96CS3,Q05322,1
Q56VL3,NP_751926,1
O00487,P03430,1
O95372,YP_009227203,1
P43307,B4URF7,1
P07355,P03427,1
Q92598,P04578,1
Q96SL1,P06792,1
O14734,P04601,1
Q7Z2W4,P03496,1
Q15011,P29991-PRO_0000037945,1
Q9UIL1,P88911,1
Q6ZRP7,P03468,1
P84095,P03452,1
Q9Y6K8,P03427,1
Q6NUQ4,A0A024B7W1-PRO_0000443029,1
Q9UJ41,P03428,1
Q6VN20,P17387,1
O75348,P03496,1
Q71DI3,P03431,1
O43294,P0CK56,1
P46776,P03430,1
O75787,P04578,1
Q01650,P0DOE9,1
Q96E40,P27958-PRO_0000037566,1
Q8IY26,Q32ZE1-PRO_0000435839,1
Q8N6L7,P27958-PRO_0000037566,1
O95817,B8ZX49,1
Q8NHP6,YP_009227201,1
P16070,P69901,1
O43734,P03129,1
Q5JVF3,Q32ZE1-PRO_0000435842,1
O00767,P06460,1
P31946,P03454,1
Q8NC51,P06932,1
Q9NV70,P05777,1
Q00839,P04620,1
P62913,P69713,1
Q6UW68,Q77M19,1
O14967,YP_009227204,1
P39656,YP_009227203,1
O43143,P03427,1
P27986,O92551,1
P08708,EBI-6857440,1
Q96HS1,P03433,1
O14925,P05777,1
P62277,P03470,1
Q96AG3,YP_009227197,1
P31274,P06423,1
O75569,P15682,1
Q5T4B2,P15682,1
Q6FHJ7,P27958-PRO_0000037576,1
Q08380,P04413,1
O75928,P03209,1
Q9Y3D9,P05777,1
P01375,P34015,1
O43660,Q20MH3,1
F8W6G1,Q58HT7-PRO_0000268112,1
O75396,P29991-PRO_0000037944,1
O94776,P03129,1
P02649,P69901,1
Q969R8,P36801,1
P17987,Q05322,1
Q96IV0-1,Q99IB8-PRO_0000045596,1
Q15125,Q9WMX2-PRO_0000037550,1
Q5T5X7,YP_009227205,1
Q13162,Q76S40,1
Q6P1M0,P69901,1
Q16850,YP_009227203,1
Q86VP1,P36778,1
Q96JK2,Q32ZE1-PRO_0000435842,1
P82932,Q76RH4,1
Q5VSY0,O41949,1
Q8TAS2,P06427,1
Q9NP72,P0CK58,1
P08670,NP_751919,1
O94906,Q1K9H5,1
Q9P2K5,P03427,1
P02771,Q99IB8-PRO_0000045596,1
Q96AG4,YP_009227203,1
P05455,P03470,1
P48556,Q99IB8-PRO_0000045599,1
P23297,P05777,1
Q9NWK9,YP_009227196,1
Q9UBQ5,P05780,1
Q9BS26,D2XQB9,1
P28300,Q6VGS8,1
Q99816,P14349,1
Q13501,P03129,1
P49902,P03454,1
Q15773,P03428,1
P25705,Q77M19,1
Q9Y305,P03433,1
P60866,P03493,1
Q9HCU5,P06792,1
P52292,P03126,1
Q6NZY4,P03431,1
P46776,P05777,1
Q6UWP7,YP_009227201,1
Q14566,P0C6Z9,1
O14828,P06821,1
Q9NXH8,P69901,1
P82675,P17388,1
Q16558,P03087,1
P22736,Q69022,1
Q08708,M0QUZ1,1
O14653,YP_009227196,1
Q5SQN1,YP_009227200,1
Q9HB71,Q9WMX2-PRO_0000037552,1
P08134,P04578,1
P01106,Q9DUN1,1
Q9ULF5,YP_009227200,1
P13667,P04578,1
B3KY94,P06423,1
P61981,O56264,1
Q8NC69,Q0A2H1,1
Q86V97,YP_009227205,1
P61009,YP_009227196,1
Q9Y678,Q1K9H5,1
Q99436,P03430,1
P61313,P15659,1
O00743,P03431,1
Q14444,P09992,1
Q6P1M0,YP_009227197,1
Q15014,P24835,1
P31689,P15659,1
O60565,P69901,1
Q14CB8,P17387,1
O00308,P10240,1
P42766,P03211,1
Q9H3P7,B8ZX49,1
Q9P015,P03496,1
Q9Y6B2,P29991-PRO_0000037946,1
O00303,P15682,1
O60812,Q5EP28,1
Q9NS37,P0C746,1
P35613,P06460,1
O75489,P03433,1
P08195,P69901,1
Q92845,YP_009227196,1
Q8TAF3,P17382,1
Q7KZF4,YP_009227196,1
Q9GZL7,YP_009227196,1
P07900,P09992,1
Q14738,Q9WMB5,1
P07237,YP_009227203,1
P61254,P03454,1
P11474,P06921,1
Q7Z7M9,P69901,1
Q9H8Y5,O40939,1
Q14258,P15682,1
P12004,P0CK56,1
Q6P996,P0CK48,1
Q02539,P17388,1
Q13283,P15682,1
Q5H9R7,YP_009227196,1
O00217,P06463,1
P07093,F5HE15,1
O60504,Q9WMX2-PRO_0000037551,1
Q14558,P05777,1
Q643R3,P03452,1
P09651,Q89733,1
Q9C0E8,P29991-PRO_0000037944,1
P83731,P04487,1
Q9NXE4,YP_009227198,1
Q6IAV3,Q2I360,1
O14735,P69901,1
P62316,P09992,1
P62937,NP_040972,1
Q13432,P06788,1
P0CG48,P08393,1
Q9UN86,YP_009227196,1
Q12933,P03129,1
O15173,P06460,1
Q4G0F5,YP_009227199,1
Q14696,P36799,1
P05387,Q89733,1
Q86X02,P06428,1
Q6ZSR9,P17387,1
Q96GQ5,P04578,1
O95251,P03120,1
E9PKA7,P03468,1
Q9BQE3,P15659,1
E9PHZ3,NP_751922,1
P04844,Q05322,1
P62979,P04620,1
Q96CU9,A5A5U1,1
O14828,P06460,1
O60218,P03428,1
Q16666-2,P06725,1
O60884,Q77M19,1
P27635,P03428,1
Q8N163,P09992,1
O14579,P06460,1
P19013,P36817,1
Q07812,P89884,1
P05166,P04487,1
P23497,Q8AZK7,1
Q02539,P03070,1
Q9Y5K5,Q1K9H5,1
Q8WUI4,P06428,1
J3QL05,P03431,1
P21964,P06460,1
P55072,P0DOE9,1
Q9Y2G8,Q8AZK7,1
Q96EY7,P17383,1
Q13151,Q6QDQ4,1
P15880,P03427,1
Q71UM5,P69901,1
O00629,P0C1C6,1
Q15042,YP_009227203,1
P13500,Q2F862,1
Q15326,P03255-2,1
Q5VWQ0,Q77UV1,1
P42224,O55777,1
Q8NI60,Q1K9H5,1
Q01130,P06422,1
P51571,NP_751922,1
Q9BXB5,YP_009227205,1
Q9NRP0,P06477,1
Q15366,P05777,1
Q9HCU5,YP_009227204,1
Q13438,Q58HT7-PRO_0000268112,1
P11216,P06930,1
Q04837,Q99IB8-PRO_0000045602,1
P06744,P03470,1
Q86UN3,P03468,1
O14735,Q77M19,1
P04406,P04620,1
P23396,P04413,1
Q5EBL4,P68466,1
Q86T75,P88992,1
Q9NUJ3,C5E527,1
Q92947,Q20MH8,1
Q00169,Q8JSN8,1
Q9NY93,P36780,1
P62136,P03433,1
P22626,Q05127,1
Q66PJ3,P03410,1
Q8TDB6,P03070,1
Q5RI15,P06792,1
P25942,P03087,1
O15269,P0C739,1
P13667,P06422,1
Q96QF0,P0C739,1
Q9BTE7,P05777,1
F2Z2I2,P03428,1
P07900,P04413,1
Q99623,Q05320,1
Q9BRP8,O92597,1
Q9Y5X3,P68466,1
P11684,P06430,1
Q13257,P03431,1
Q9NWW5,Q20MH8,1
O75794,P03508,1
O95297,Q2MG95,1
P15880,P05780,1
Q96RE7,P03129,1
P12235,Q77M19,1
Q8WWC4,P03452,1
P22492,Q80A33,1
P47974,P05780,1
P24723,YP_009227203,1
P30153,P0CK56,1
P52594,P0C206,1
Q9H4I3,P06821,1
P29590-4,P03243-1,1
Q01105,Q5MJ03,1
O00505,P03433,1
Q9NSK0,YP_009227199,1
Q15773,I6T1Z2,1
P78344,P11158,1
Q9Y266,P03454,1
P05141,O56264,1
Q9UBB4,P03485,1
Q12901,P03427,1
P34932,Q9DH70,1
P42229,P88912,1
Q8WUA7,EBI-21242149,1
O75419,C5E526,1
Q8WVM8,P06792,1
P55769,Q20MH4,1
P00395,P03129,1
O14558,Q6VGS8,1
Q8IUQ4,Q1HVG4,1
O14579,P06788,1
P63279,P0CK47,1
Q9H936,Q99IB8-PRO_0000045596,1
Q9BW72,O36551,1
O43237,P06821,1
P50895,Q99IB8-PRO_0000045601,1
Q8N5I3,P03508,1
O15226,Q5EP28,1
P48729,Q99IB8-PRO_0000045602,1
P37108,P03470,1
Q96EB6,P17383,1
O14920,NP_751928,1
Q9Y5V3,Q2MG95,1
Q8N4V1,P17385,1
Q13263,Q77M19,1
Q9UI95,P14079,1
Q9ULF5,O36551,1
Q96NB2,B4URF7,1
Q96FC9,P03122,1
Q6P1W5,Q1HVG1,1
Q59FY4,P03427,1
Q9NXS2,P06461,1
P25685,P06429,1
O75340,P05780,1
Q9NPY3,P27958-PRO_0000037566,1
Q96S59,P17387,1
Q16186,B4URF7,1
P00403,Q77M19,1
P10599,P03470,1
Q14151,Q05323,1
O43823,P03129,1
O00264,P0CK56,1
Q9UNQ2,P29991-PRO_0000037936,1
A0A0A0MSJ9,P14079,1
Q9NY93,P06423,1
Q07960,P03081,1
Q9NP72,P03246,1
P22415,P06430,1
P28331,YP_009227203,1
Q9H0E2,P13285,1
Q01105,Q8AZK7,1
Q8TAT6,P69901,1
P51114,P03428,1
Q71U36,P0C765,1
P20226,Q89268,1
Q96HC4,Q9DUG7,1
O95050,Q8JSN5,1
P43686,P06463,1
P12814,P36778,1
Q9NPB0,P06460,1
Q86VP1,P36780,1
O43143,P03454,1
Q6P1A2,YP_009227196,1
Q9C0F1,P03225,1
P23497,Q04360,1
Q66K89,P06932,1
P0DI83,P06792,1
E9PKG1,P03508,1
Q6Y1H2,P29991-PRO_0000037944,1
Q9H2G4,P68466,1
P26447,P05780,1
O00264,P06461,1
P12931,YP_009227201,1
O43707,P03452,1
Q03518,P06792,1
Q9Y5M8,P03246,1
Q5TAQ9,P36801,1
Q9BUG6,P08563-PRO_0000041304,1
O43684,P03070,1
A8MYV6,P06930,1
Q1KMD3,P03508,1
Q8NHH9,P03468,1
Q01831,P13288,1
Q9UQ80,P03431,1
P40939,P0DOE9,1
P18465,P04591,1
Q12800,Q1HVD1,1
P51808,P10219,1
P51948,B4URF7,1
P60228,Q9Q2G4,1
Q9BQA1,P03418,1
P17812,P05780,1
F5GXF0,NP_751925,1
P61803,P06927,1
P61026,P03428,1
P23246,P03470,1
P06241,Q9WNA9,1
P09471,P04601,1
Q9UHD8,P0CK56,1
P63010,P05777,1
O00483,P03246,1
O60783,P17383,1
P17980,P03427,1
Q9Y230,Q1K9H5,1
P34932,P03427,1
P54652,P15659,1
Q01167,Q77M19,1
P31946,Q9WPI5,1
Q13363,O40945,1
Q8IWX8,P06921,1
Q99536,P0C739,1
P46977,P0C739,1
P55072,Q77M19,1
Q969Z0,P05780,1
P08238,P03454,1
P52272,Q77M19,1
O15260,YP_009227200,1
Q15654,P14079,1
Q99623,Q99IB8-PRO_0000045596,1
O15173,YP_009227200,1
P62424,Q8AZK7,1
Q9Y5Z9,YP_009227204,1
P12814,Q9WMX2-PRO_0000037548,1
G3V5T9,P04608,1
O14763,Q99IB8-PRO_0000045598,1
Q9Y291,Q76RH4,1
Q8WXI9,P03129,1
P29590-3,P04489,1
Q96SL1,P06460,1
P30460,P05889,1
P36957,B8PZP3,1
P50991,P15682,1
P18077,P04620,1
Q15365,O41951,1
P20839,P24835,1
P83731,P19712-PRO_0000038050,1
Q9UHR5,P06430,1
Q92597,NP_705926,1
Q9BWE0,P29991-PRO_0000037946,1
O43791,P06921,1
P62917,P03431,1
P16118,Q6DPW5,1
O00165,Q8AZK7,1
P61026,P29990-PRO_0000037929,1
Q9Y282,P03485,1
Q14974,P03430,1
Q16186,P03470,1
P13647,P15682,1
A2A2Y4,P03087,1
P62304,Q20MH8,1
Q8N6Y0,P03188,1
Q9BXP5,P03470,1
P37198,YP_009227205,1
Q8WUA2,P03470,1
P98175,P03430,1
P23142-1,P06463,1
P07305,P03113,1
Q6ZN28,Q8JPQ9,1
P16070,P06429,1
Q5BKY9,P04578-PRO_0000038427,1
P20718,P24933,1
P85037,Q77M19,1
Q15370,P05780,1
P46087,YP_009227196,1
Q02878,Q0HD54,1
O15162,P10227,1
P61962,A5A5U1,1
B0QYN7,P0CK48,1
P50281,Q8AZJ3,1
Q15287,Q2Q067,1
Q5F1R6,YP_009227196,1
Q8IXQ6,P03070,1
Q96B96,P0C6Z3,1
P26368,P05777,1
P39023,Q0HD54,1
Q8WVX3,P10204,1
Q9HAC8,C5E519,1
Q9Y244,P36778,1
P62314,P27958-PRO_0000037573,1
P63104,P03496,1
Q9Y5M8,P03220,1
Q99653,YP_009227196,1
Q9Y265,Q8AZK7,1
P27105,Q9WMX2-PRO_0000037552,1
P50281,P06927,1
O43823,P03428,1
P35222,P29991-PRO_0000037941,1
A0A0A0MSE7,P0C206,1
Q9NPA0,YP_009227204,1
Q6ZWT7,YP_009227196,1
P57088,P06460,1
P06400,P03070,1
Q12983,P03247,1
O00571,P04608,1
P13861,AP_000107,1
P62333,B4URF7,1
Q92583,P24766,1
O15504,YP_009227196,1
Q8IWA0,C5E526,1
Q9HA38,P03496,1
Q9UJV9,P03433,1
Q9Y3D3,P36799,1
Q96J84,K9UT94,1
Q14192,P06463,1
Q9H0D6,P03470,1
O95816,H2A1D8,1
P37198,P10238,1
Q96DA0,P12848,1
Q15631,Q8JSN5,1
P07093,P06927,1
P35908,P05777,1
P40926,YP_009227205,1
Q99714,P29990-PRO_0000037929,1
P13667,YP_009227203,1
O75175,E5LBX2,1
Q9BX82,Q8JSN6,1
Q96SI9,P29991-PRO_0000037936,1
Q92947,P29990-PRO_0000037929,1
Q9BUL8,P03427,1
Q92985,Q77M19,1
P11441,Q2MG95,1
Q92504,Q77M19,1
P17066,P03427,1
P23396,P06428,1
P08559,F5HBQ9,1
Q9P2K5,Q05127,1
P36578,Q0HD54,1
O15211,O92597,1
P60174,P15682,1
Q9Y3U8,P04487,1
P35606,P03428,1
O14975,P03452,1
Q14696,P06427,1
Q8IXI2,P0C739,1
Q9UM11,P03118,1
Q9Y4R8,I6T1Z2,1
P00390,YP_009227203,1
P62277,Q20MH0,1
Q6IAA8,P06463,1
Q9NV31,YP_009227196,1
Q13505,P29991-PRO_0000037944,1
P69905,P27915-PRO_0000037989,1
P10243,Q8JSN5,1
P02786,P69723,1
Q9Y2S7,Q77UU1,1
P14625,P04620,1
O95782,B8ZX42,1
P04792,Q8AZK7,1
Q96BN8,A0A024B7W1-PRO_0000443029,1
P30050,Q89733,1
P06576,Q99IB8-PRO_0000045596,1
Q9H4A6,P05780,1
P43243,P04620,1
P34932,P29991-PRO_0000308465,1
P48047,P03452,1
P00558,P04578,1
Q31612,P17385,1
Q71UM5,P06461,1
P80188,P36778,1
Q9Y237,P03129,1
Q16864,P10204,1
Q9Y3A4,P24835,1
P49458,P06788,1
P25786,P03470,1
Q96JM7,Q8V1H6,1
Q9NZI8,Q6QDQ4,1
Q9Y5J6,Q32ZE1-PRO_0000435839,1
Q8NHL6,M0QVB0,1
P05204,P15682,1
P16070,P0CK58,1
Q9BZF1,Q77M19,1
Q8WWY3,P03454,1
Q07817,P03118,1
P43364,P03508,1
Q12906,Q8AZK7,1
Q9Y5Q3,P0C746,1
Q9P258,P03470,1
Q8TCJ2,P06792,1
Q96EY1,P03452,1
P63173,P15659,1
P08754,B4URF0,1
P51617,C5E526,1
Q13137,Q58HT7-PRO_0000268112,1
Q9BUF5,P03470,1
P12004,Q1K9H5,1
Q9UJV9,YP_009227203,1
O14979,P03470,1
O00264,K9UT94,1
Q00403,P03120,1
Q96C10,O55777,1
D6RFN0,P24835,1
Q9H3U5,P0CK57,1
Q14696,P03126,1
P61289,Q1HVG4,1
Q9Y679,P06427,1
Q9BVV7,P03431,1
Q13546,P03230,1
Q9Y3D9,P03430,1
P50570,P03407,1
P67809,P03427,1
Q9BYD3,P29991-PRO_0000037936,1
Q8WXG1,Q99IB8-PRO_0000045593,1
Q8N2K0,P06927,1
Q96BJ3,Q9QLP4,1
Q9ULW3,P29991-PRO_0000037946,1
O14907,P03496,1
O14744,NP_803144,1
P61201,P05780,1
Q96GY0,O92597,1
Q9H3T2,P03470,1
P04637,P68331,1
P53814,I6T1Z2,1
P04637,P36780,1
Q9UHV2,P0C701,1
P51648,P03452,1
P11021,P69284,1
P17028,P04485,1
Q9BRH9,P06921,1
P09486,P0CK58,1
Q8IUQ4,P69713,1
P25445,P0CK49,1
P30050,P36817,1
Q15003,P05777,1
Q93050,YP_009227200,1
Q9HBI0,P06428,1
P49720,Q1K9H5,1
P46778,P03211,1
P51523,P06921,1
P05387,P03454,1
Q13405,Q99IB8-PRO_0000045592,1
Q6P1M0,P03452,1
P50479,P03129,1
Q9Y5L0,Q20MH8,1
P84098,P05777,1
Q14103,Q77M19,1
P02675,Q76R62,1
Q7KZN9,P29990-PRO_0000037929,1
P63244,P09992,1
Q99615,C5E524,1
Q9NV23,P06477,1
P11021,NP_751921,1
Q9NZM5,P04485,1
Q9UGP8,YP_009227196,1
O60547,P03427,1
Q92629,P69901,1
Q07955,Q77UU1,1
Q13077,P03225,1
P82930,P03466,1
Q9BRK4,P03410,1
Q9BQB6,P0C739,1
Q03518,P69901,1
O15239,Q32ZE1-PRO_0000435839,1
P13010,P03430,1
P46777,Q58HT7-PRO_0000268103,1
Q96C19,P05780,1
Q9UKN8,O36551,1
O14979,P15659,1
P11216,P06821,1
P60059,P29991-PRO_0000037944,1
O00567,P17383,1
Q99873,P0CK48,1
Q13114,Q98325,1
O75915,YP_009227196,1
Q96AG4,P0DOE9,1
Q99729,Q5MJ03,1
O19617,YP_009227203,1
Q9Y228,P03087,1
Q96CG8,P04578,1
Q96K19,P06927,1
Q15629,P69901,1
Q86X29,P36801,1
O00165,P06821,1
P13674,Q20MH8,1
P51648,P0DOE9,1
Q8WUX9,YP_009227204,1
Q15582,Q2PRM9,1
Q14764,Q9WMX2-PRO_0000037548,1
P19237,Q80HW9,1
Q13283,P03430,1
Q8N474,Q1HVF7,1
Q9Y2B0,P88968,1
Q14764,P03433,1
P40227,P05777,1
Q8N2K0,P03452,1
P25705,P09992,1
Q86X83,P29990-PRO_0000037929,1
Q9NQZ6,P04488,1
Q99805,Q77M19,1
Q8IZ21-2,O41932,1
P56182,C5E519,1
Q12948,Q9Q2G4,1
Q06136,P0C739,1
O14579,P06464,1
P49821,A0A024B7W1-PRO_0000443029,1
Q9NQ29,P18378,1
P05556,P03246,1
Q9BXS6,P06477,1
O00311,P17387,1
Q9BUJ2,P03470,1
O60870,YP_009227205,1
P04083,P06428,1
Q8NDL9,P36810,1
P04004,Q1K9H5,1
Q96GW7,Q9WMX2-PRO_0000037548,1
Q9ULC3,YP_009227203,1
Q99729,Q9WPI5,1
Q7Z3C6,P29990-PRO_0000037929,1
Q53FZ2,Q76R61,1
P60468,P0C739,1
I3L3P4,P06428,1
O75487,Q77Q82,1
Q16254,Q2PRM9,1
P08195,P03431,1
Q7L2H7,P15682,1
P04637,P03118,1
Q92841,Q8JPQ9,1
P08195,P0C739,1
Q7KZF4,YP_009227203,1
Q9Y2X3,P03468,1
O94776,P03470,1
Q9UHV9,Q194T2,1
P63167,Q20P38,1
Q8TAD4,YP_009227198,1
Q9Y6K0,P06792,1
P82932,P03428,1
Q5VTE0,P06428,1
Q86XL3,YP_009227204,1
A0MZ66,P03427,1
P04637,Q05322,1
P46777,P03454,1
P49257,Q99IB8-PRO_0000045596,1
Q8TCT9,NP_751919,1
Q05086,P06463,1
Q99541,P06821,1
P13667,Q76353,1
P09651,Q82506,1
Q9UHC7,Q8V1H6,1
P16083,A5Z256,1
Q96A35,P03466,1
A6ZKI3,P06428,1
O00308,P03322,1
O43707,P03203,1
P60468,Q9WMX2-PRO_0000037541,1
Q9NP98,P06428,1
Q9NR30,P04487,1
Q9Y6A9,Q99IB8-PRO_0000045598,1
Q14699,P03220,1
P49257,YP_009227200,1
Q13287,P06790,1
P49810,P06792,1
P40616,Q99IB8-PRO_0000045596,1
Q96IC2,Q05128,1
Q9Y5Q8,O36551,1
P36542,Q20MH4,1
P13667,P03468,1
P19013,P14079,1
P16401,P15659,1
P60468,P03220,1
Q13291,Q9PX39,1
Q9UPY8,P10230,1
O00151,P68563,1
P60866,Q0HD54,1
P43628,P29996,1
Q99470,P88970,1
Q86Y56,P29990-PRO_0000037929,1
Q8TAK5,P06430,1
O75608,YP_009227200,1
O43390,YP_009227196,1
B1AHH2,Q76R62,1
Q14118,P08669,1
Q13185,P15682,1
O95639,P06477,1
P09651,Q20MH0,1
Q9H1V8,P29991-PRO_0000037936,1
Q96BQ5,P24835,1
Q5J8M3,YP_009227200,1
Q9H3N1,P17385,1
P51114,P15659,1
Q16181,P09992,1
P62269,P03427,1
O00483,P0CK49,1
Q8WVD3,P03070,1
Q8WUM9,P03129,1
Q68G74,P10215,1
P17655,H9XIJ5,1
P17275,P0C746,1
P10398,P0CK56,1
Q9UJY1,P03430,1
O14910,P06463,1
O15270,P03452,1
Q13838,P06930,1
O00743,P05780,1
Q9BZK7,P06427,1
Q3KQU3,C5E519,1
P63151,Q05127,1
O94874,A0A024B7W1-PRO_0000443029,1
Q8WXF0,P29991-PRO_0000037936,1
P52434,P03427,1
O95302,P0CK56,1
P50402,P0C739,1
Q96A35,YP_009227196,1
Q9BRK3,P06461,1
P02042,Q8JPQ9,1
P04439,P04578,1
Q6NYC8,P06428,1
O15355,B8ZX49,1
Q13015,Q77M19,1
Q9UMX0,P04017,1
O60499,P0C739,1
Q96HC4,Q9WMX2-PRO_0000037548,1
Q13137,P29991-PRO_0000037944,1
P46776,P03454,1
Q9NUP9,P06463,1
Q9NR12,P06428,1
Q9C005,P10204,1
E9PF18,P06429,1
Q16629,P06423,1
P62314,P03454,1
Q53GQ0,P03508,1
Q06323,P17385,1
Q13206,C5E522,1
Q9H8M7,P88959,1
Q7Z4V5,P29991-PRO_0000037946,1
O43889,NP_751919,1
O00629,P04585-PRO_0000042447,1
O15269,P03431,1
Q71RC2,P29991-PRO_0000037936,1
P27824,P03468,1
Q99650,P0CK58,1
Q9UEG4,P17383,1
P11021,P36801,1
P52630,Q997F2,1
O15162,P0CK47,1
Q13573,Q20MH3,1
P08047,Q89268,1
Q9HC36,Q05127,1
Q92598,Q77M19,1
B4DG79,YP_009227204,1
Q96G23,P06792,1
O00308,P36780,1
O94842,P36780,1
Q86U06,P05894,1
P42167,Q32ZE1-PRO_0000435839,1
Q9NVH1,P29991-PRO_0000037944,1
Q96TC7,P29991-PRO_0000037944,1
P00558,P29991-PRO_0000037945,1
Q8IUC0,Q2KRY7,1
Q14145,P35256,1
O94929,P69901,1
Q9C0E8,YP_009227196,1
O95297,K9UT94,1
Q9UJX2,Q98143,1
A0A0B4J1S8,P06930,1
Q49A26,P68331,1
Q86SZ2,Q8JSN8,1
P00403,Q20MH8,1
Q9Y679,I6T1Z2,1
P41247,P06788,1
Q02543,P15659,1
Q9H074,P89884,1
Q7Z4H7,P29991-PRO_0000308465,1
O95573,YP_009227196,1
Q7Z2W4,P03428,1
Q9H0A8,P29991-PRO_0000037940,1
Q5JTV8,YP_009227204,1
Q99735,O36551,1
Q9BU76,P19712-PRO_0000038050,1
Q9Y3D9,P03427,1
P08238,P03427,1
Q9NY61,P03428,1
Q9Y3Q8,P10228,1
P18031,YP_009227196,1
O15111,P24772,1
P22736,P24830,1
P49715,P06422,1
Q00839,P15682,1
P31946,P0C1C6,1
Q9NQY0,P06932,1
Q66K64,E7BBT6,1
O14579,Q2MG95,1
Q8NEJ9,P03433,1
Q13620,Q20MH8,1
Q9UJZ1,P29991-PRO_0000037944,1
P61619,P05777,1
P52292,O92837,1
Q9NXH8,K9UT94,1
Q9NXH8,P03129,1
P13010,P05777,1
Q6UWP8,Q80HW9,1
P05412,Q9WMX2-PRO_0000037548,1
P07099,Q32ZE1-PRO_0000435839,1
O75306,P29991-PRO_0000037944,1
Q96IZ0,Q77Q82,1
P07196,P29882,1
Q8NBZ0,Q9WMX2-PRO_0000037548,1
P02647,P29991-PRO_0000037941,1
P20719,A0A024B7W1-PRO_0000443019,1
O15379,P12504,1
P31689,B8ZX49,1
Q9HAD4,YP_009227196,1
Q8NCG7,P05919,1
Q6UX07,YP_009227196,1
Q9UN88,P03087,1
Q9H0U3,YP_009227198,1
P61313,Q20MH0,1
P43403,P03454,1
O00560,P06932,1
Q13950,P06423,1
P31946,Q76353,1
Q92543,P06460,1
Q8N9N5,Q2KRY7,1
Q92890,P06461,1
Q9Y244,P06921,1
Q9C086,P06932,1
Q9Y262,Q9Q2G4,1
P56181,Q32ZE1-PRO_0000435839,1
Q8WVX9,P06460,1
O00116,P12520,1
P20042,P15682,1
Q8NC42,K9UT94,1
Q70UQ0,YP_009227197,1
P42574,P07385,1
O43719,P29991-PRO_0000037946,1
Q9BXJ8,P06460,1
Q9ULF5,YP_009227204,1
Q9NWV8,Q2MG95,1
E9PDE8,P03431,1
P62888,Q0HD54,1
Q9NXW2,B4URF7,1
O15269,P03468,1
P55786,Q20MH8,1
P55795,Q2KRY7,1
Q8WYQ5,P29991-PRO_0000037936,1
P20645,Q77M19,1
P84090,Q89733,1
Q16540,P03431,1
Q68CN4,Q8JSN8,1
Q01650,P0CK56,1
Q68DC2,A0A024B7W1-PRO_0000443032,1
A0A087WYT3,Q9QLP4,1
Q9BZE4,P15682,1
P04075,Q8JSN5,1
P51681,Q2I360,1
P08240,P29991-PRO_0000037944,1
P62841,P03470,1
P46977,P69901,1
Q13283,P05777,1
Q92522,P04487,1
Q16629,Q20MH3,1
O14818,P13285,1
Q9P1Z2,P03508,1
P48643,P30119,1
P62266,P05780,1
P06733,P06929,1
F6SYF8,P0C569,1
Q53F19,Q1K9H2,1
Q96AT1,P03496,1
Q86VP1,P29991-PRO_0000037944,1
P35527,P03470,1
Q969H0,P03070,1
P31948,YP_009227200,1
O00231,P05777,1
Q8N5N7,P03496,1
P04156,P29996,1
P51148,P05777,1
Q8N5K1,YP_009227197,1
Q9Y4W2,YP_009227196,1
P04637,P36791,1
Q9BW85,P03129,1
O00629,P69726,1
Q9NWB1,B4URF7,1
Q9Y4W6,I6T1Z2,1
P04792,P24830,1
P01876,P0C1C6,1
Q66K64,P03129,1
Q13616,Q6TVW2,1
Q9UPT5,O36551,1
Q6P444,B4URF7,1
Q06330,P12977,1
P24539,P05919,1
Q9Y6C9,P03070,1
Q9Y371,P0C722,1
Q5SSJ5,Q1HVF7,1
O75928,Q808S4,1
P11021,P36778,1
Q5TFE4,P06463,1
P31274,P06422,1
Q9BRK4,YP_009227202,1
Q14165,P06792,1
Q15637,P05777,1
P30085,Q8JSN5,1
Q02543,YP_009227196,1
Q99500,P06460,1
Q15365,Q5EP37,1
Q9H5V8,K9UT94,1
P62136,Q76TK5,1
Q9UBQ6,Q32ZE1-PRO_0000435839,1
O00499,Q9WMX2-PRO_0000037551,1
Q9H9J2,P03466,1
Q8IXM3,I6TAH8,1
Q71U36,P21698,1
P84103,P03454,1
P04406,P06428,1
P16402,YP_009227196,1
O95573,P0DOE9,1
Q9BRH9,P06429,1
EBI-2622317,P0CK56,1
Q9BUP3,P03468,1
O76094,P05777,1
P67809,P04487,1
Q16540,Q32ZE1-PRO_0000435829,1
Q71U36,P04487,1
P11021,Q997F2,1
Q8IV08,YP_009227200,1
P19367,P06430,1
Q9BVC6,Q77M19,1
P62826,P03070,1
P08047,P03087,1
P67812,YP_009227196,1
P28074,P06428,1
Q9NR55,Q9DGW5,1
P15907,P0C045,1
Q969X0,Q58HT7-PRO_0000268112,1
P62899,P05777,1
Q9UHI6,P0DOE9,1
Q9BRK5,P0CK56,1
P06748,P04487,1
Q12797,P04578,1
P11413,YP_009227205,1
P53007,P17387,1
P20290,P03470,1
Q8WWH5,Q9QLP4,1
P68104,P15659,1
Q4G0F5,P06463,1
P62979,P05780,1
Q9NYF8,P03246,1
Q9Y3E5,Q77M19,1
Q9BRD0,P06930,1
Q7KZF4,P15682,1
E9PE17,P03496,1
Q7Z7H8,P03431,1
Q14318,P03468,1
P18124,Q8AZK7,1
P48047,P05777,1
P14868,Q69117,1
O60831,P0C739,1
Q9UG22,P29996,1
O95881,YP_009227200,1
Q969V3,P0DOE9,1
Q9Y3C1,P03430,1
Q8WZ19,P06429,1
Q99460,P15682,1
P83731,P03454,1
P05141,P03496,1
Q9P253,YP_009227202,1
Q92556-1,Q02840,1
P49207,P15682,1
P49411,P03454,1
Q3ZAQ7,Q20MH4,1
Q92830,P03255-2,1
Q15813,YP_009227205,1
Q9H1A3,O40945,1
Q9BUJ2,P03431,1
P23246,Q8JPQ9,1
P33991,Q9Q2G4,1
Q15008,P03427,1
P40313,P36801,1
O94829,Q20MH8,1
Q96BY9,P06792,1
Q96PU8,Q1K9H5,1
P06703,Q2MG95,1
P62495,P05777,1
P50991,P05777,1
Q15022,P06427,1
P36957,Q1K9H5,1
A0A3B3ITW1,NP_751927,1
Q96DZ1,P04578-PRO_0000038428,1
Q9UL03,P88993,1
Q6N069,P03070,1
P61978,Q8AZK7,1
P06241,P89654,1
P62937,Q72497,1
Q969E8,P04288,1
P50454,P15682,1
P25963,P21530-PRO_0000038062,1
P51991,P03430,1
P43686,YP_009227203,1
Q8TAT6,YP_009227197,1
P46776,P04487,1
P04637,P04019,1
Q86XZ4,P36780,1
Q8NI60,C5E519,1
Q9NRX1,Q32ZE1-PRO_0000435829,1
P60900,P06463,1
Q9BZF1,O36551,1
Q5T3I0,Q05127,1
Q9NYF8,Q0A2H0,1
Q9NQT4,Q05127,1
Q13438,P04578,1
P27986,Q01220,1
Q92543,YP_009227201,1
Q9P2W9,YP_009227204,1
Q9UJ70,P06463,1
P08571,P36817,1
F5H6I7,P03452,1
P35638,E7DBL9,1
P21980,P04020,1
P33908,Q20MH8,1
Q9BXK5,P36778,1
P14923,P21605,1
Q5T750,Q99IB8-PRO_0000045596,1
P54709,Q1K9H5,1
P62753,P03427,1
P30047,Q8JSN5,1
Q9Y678,P03452,1
Q5PSV4,YP_009227205,1
P10644,Q2MG95,1
P84103,Q6QDQ4,1
Q96CP6,YP_009227204,1
P68104,Q20MH0,1
Q9NXV2,P06821,1
O95208,P04620,1
Q00325,P90495,1
Q9BX73,A0A024B7W1-PRO_0000443029,1
P09486,Q2MG95,1
Q92841,Q6QDQ4,1
Q9Y6K0,B4URF0,1
O75817,P06932,1
Q9Y5B6,YP_009227205,1
P62263,Q82506,1
Q5HYI8,P06927,1
P14209,P29996,1
Q8N5K1,P29996,1
A0A0C4DFM2,P36827,1
P05388,P03430,1
Q9Y2Q9,Q5EP28,1
Q15813,YP_009227202,1
Q9BUN8,P29990-PRO_0000037929,1
P48643,P0CK56,1
Q09028,P15682,1
Q08431,B9UPF3,1
Q96SI9,P03431,1
Q9Y383,P03470,1
P39687,P17382,1
P61353,P03454,1
O43615,O40948,1
P24666,P09992,1
K7EJR3,P06821,1
Q14181,P36817,1
Q8TCJ2,YP_009227203,1
P62266,P06929,1
Q96KG9,P03118,1
Q9Y2W1,P29991-PRO_0000037946,1
Q92598,P09992,1
O94901,YP_009227196,1
P15880,Q20MH0,1
Q9P0J7,P15659,1
Q04837,YP_009227198,1
P10809,P05780,1
Q99615,YP_009227198,1
Q5SY16,Q1K9H5,1
P39656,P04578,1
P15311,P03485,1
Q99729,P03496,1
Q15758,P29990-PRO_0000037929,1
P53007,P03485,1
P11766,P06428,1
P36578,Q77M19,1
P31689,P0CK58,1
P06241,NP_751927,1
Q9NXB0,Q32ZE1-PRO_0000435838,1
P50991,P04413,1
O14503,P03410,1
Q7Z7L7,P03129,1
O43678,P06428,1
O00584,P29991-PRO_0000037946,1
Q13227,P03122,1
Q5J8M3,Q32ZE1-PRO_0000435839,1
Q9UH99,I6T1Z2,1
O43186,P03070,1
P04156,P06788,1
Q86WV6,P03255,1
Q96DH6,Q99IB8-PRO_0000045592,1
Q9NZW5,P03126,1
Q92985,F5HF68,1
Q96AQ6,P06460,1
P51571,P05777,1
Q8WVP5,P24835,1
Q15276,Q9WMX2-PRO_0000037548,1
P53618,P03428,1
C9JLW8,Q6VGS8,1
Q8N2K0,P0C739,1
O75937,P27958-PRO_0000037566,1
P16220,P14079,1
Q03169,P03468,1
Q96AQ8,P03427,1
O95169,O36551,1
Q96S94,P14335-PRO_0000037713,1
P62191,P27915-PRO_0000037999,1
P61019,P0DOE9,1
O75695,P03246,1
Q49A88,Q1HVD6,1
P35080,P0CK48,1
Q13617,P03129,1
P30050,P06932,1
Q8NBQ5,P03468,1
Q9UBU9,Q82506,1
Q93034,P12504,1
O75534,YP_009227204,1
Q6ZRP7,Q20MH8,1
P78371,P03454,1
Q7Z4V5,Q69117,1
P06703,P05780,1
O43242,P15682,1
Q9NXF1,P03120,1
P35908,P03454,1
P25705,Q89733,1
P19784,P03211,1
P30050,Q9QLP4,1
O94826,Q77M19,1
P04049,O39474,1
Q5VSY0-2,O41949,1
P09104,P21605,1
Q9BRK3,P0C739,1
Q6PML9,P0C739,1
Q7L5D6,P17385,1
O60313,P03470,1
P78423,P69332,1
Q8IVM8,P03087,1
P02792,P06930,1
Q6P1Q0,A0A024B7W1-PRO_0000443029,1
Q9Y3D0,P06428,1
P30530,P0CK58,1
A8MUP8,P03206,1
O60684,Q1K9H2,1
Q15661,P10204,1
Q10567,YP_009227196,1
P27105,Q8AZJ3,1
Q16875,P15659,1
P46783,P03470,1
Q12904,Q99IB8-PRO_0000045597,1
P20591,A0A1V0G0G8,1
P82930,YP_009227196,1
E7EMB3,P36801,1
Q92520,P06430,1
Q9NW81,P06463,1
P07948,Q9WNA9,1
Q8TED1,P0CK49,1
P36382,P10204,1
P46782,P04620,1
P68400,Q99IB8-PRO_0000045592,1
Q13445,P03427,1
P04637,Q1HVI8,1
P0DMV8,P03454,1
Q14108,P0C739,1
P17152,A0A024B7W1-PRO_0000443029,1
P98194,K9UT94,1
P82932,Q5EP28,1
Q92997,YP_009227205,1
P31943,Q05127,1
O43852,P03452,1
Q16875,P05777,1
P33993,P06462,1
O43264,P29991-PRO_0000037944,1
P10074,P06788,1
Q96AQ6,K9UT94,1
P62266,P03454,1
P62333,P05777,1
P63173,P03470,1
P50402,P05777,1
P24666,NP_751919,1
P51665,O41946,1
Q8TC12,P10204,1
P04181,P03468,1
P62829,D1LN35,1
Q9NVH0,A0A024B7W1-PRO_0000443029,1
P27797,O09720,1
Q9BVP2,I6T1Z2,1
Q13421,P29996,1
O00487,P05777,1
P12004,P36801,1
Q14257,Q77M19,1
P60174,P03496,1
P04264,P05780,1
O75925,P03209,1
Q9Y6M1,YP_009227203,1
Q99733,P05777,1
Q5T447,P0DKB0,1
P29966,P0CK56,1
Q9NVR2,P06428,1
Q8N5R6,P03428,1
Q86X95,P06429,1
O95229,B4URF7,1
P80723,P03496,1
O60942,P04608,1
O75964,P06428,1
P80098,Q2F862,1
Q9BRV8,P03470,1
P08240,YP_009227196,1
P30153,P03470,1
Q8TAU3,P03129,1
Q96BJ3,P06932,1
P01130,P04578,1
Q9Y6M1,P03427,1
P62258,Q8JPQ9,1
P05141,P12418,1
P38159,O56264,1
P22736,P06921,1
O14979,P03427,1
P62701,Q77M19,1
Q9UNL2,P06460,1
Q96GX5,Q1K9H5,1
Q9Y385,YP_009227203,1
P28300,P0CK49,1
Q8WW34,P14079,1
P62854,P15659,1
Q15758,P06792,1
P67775,P03129,1
Q9UJV3,P03188,1
Q9NP74,P18378,1
O75674,A0A288CFT1,1
O75475,YP_009227196,1
P62306,YP_009227202,1
Q71U36,P69284,1
P62910,P04620,1
P55060,F5HFG5,1
Q92997,Q67296,1
Q9BT39,P29996,1
Q15029,P05777,1
P61604,P05777,1
Q9BT25,C5E527,1
Q6AI12,Q2MG95,1
Q96B26,P03485,1
Q8IYH5-1,P88996,1
Q96RI1,P03129,1
Q9BVW5,P06790,1
Q9P2I0,Q05323,1
P01857,P04488,1
P84095,P05780,1
P39019,P09992,1
P23396,P36827,1
Q96S52,YP_009227200,1
O60925,Q69117,1
P09543,P0CK49,1
Q6P1J9,P29991-PRO_0000037946,1
Q9H0H5,P06464,1
Q15427,P03430,1
O95159,P69901,1
O14734,Q77M19,1
Q96GA7,YP_009227204,1
Q96H12,NP_803144,1
Q8WVQ1,Q32ZE1-PRO_0000435839,1
O60341,P06428,1
Q9H2W6,P03466,1
Q8IWT6,YP_009227203,1
O15269,B4URF7,1
O14763,P0C739,1
P62736,P36313,1
Q14240,P36817,1
P22736,P06790,1
Q04206,P06429,1
P40227,P69723,1
Q9NQZ6,P10240,1
P55036,P13285,1
P21912,P03182,1
Q8WWH5,P06921,1
O43866,Q9WMX2-PRO_0000037548,1
Q9BWM7,P0CK49,1
P07237,P03508,1
P48556,P06463,1
Q14155,Q90VU7,1
P63104,O56264,1
O75569,P29990-PRO_0000037929,1
P53365,Q9WMX2-PRO_0000037548,1
P51149,P0DOE9,1
Q07021,YP_009227196,1
Q96EL3,P03508,1
Q9P035,P0DOE9,1
O60519,P10224,1
Q86VP1-1,O41947,1
P62316,P15682,1
Q9BXC0,Q99IB8-PRO_0000045603,1
A0A087WX97,P36780,1
Q66K64,P06429,1
P02795,P06427,1
P50502,Q77M19,1
Q9H0B6,Q8JSN8,1
Q9BXB4,Q32ZE1-PRO_0000435842,1
P62258,Q76353,1
P01375,Q8UYL3,1
P68400,YP_009227205,1
P42166,P06792,1
Q9NV66,YP_009227196,1
Q13595,P03508,1
P07858,P0C739,1
Q9BQ67,P15682,1
P06454,P03496,1
P55957,P68451,1
Q99460,P03470,1
Q8NE86,P06821,1
P18074,P04620,1
Q71SY5,G8HBG2,1
Q6NZY4,P03496,1
B4DUR8,P03496,1
O95232,P05777,1
Q5VTL8,P10233,1
Q5T9A4,Q20MH8,1
Q13405,P03466,1
Q00013,P03427,1
Q12933,P03508,1
Q9BXK5,Q77UU1,1
P68032,P03129,1
P49458,YP_009227203,1
Q9NR30,P29991-PRO_0000037936,1
Q14764,P06821,1
P60228,P14079,1
P08238,P05777,1
Q9P2B4,P06428,1
Q9Y2D8,P03177,1
Q8TBB1,P0C725,1
P61026,P03468,1
Q9NZ01,Q77M19,1
P18124,P09992,1
Q9UNM6,P30119,1
Q96M27,Q9WMX2-PRO_0000037548,1
P40939,P03470,1
P53618,P03081,1
B0QYD3,P69722,1
Q96EY1,P06932,1
P03905,Q9WMX2-PRO_0000037550,1
Q96EL3,P06428,1
P11940,P09992,1
Q96AQ6,P0CK58,1
P46779,P15682,1
P41091,P04620,1
Q9UBM7,YP_009227204,1
P14618,P36801,1
Q9UQ90,P29991-PRO_0000037941,1
P50914,P05777,1
Q92734,P12792,1
P54136,P09992,1
P28074,P88980,1
O43172,F5HFL9,1
Q7L5D6,YP_009227204,1
Q96PV6,B4URF7,1
Q96CW5,Q20MH8,1
P25205,P03430,1
P0CG47,P03126,1
P04792,P05780,1
Q6DD88,P04578,1
P35544,P15659,1
Q13651,P03495,1
Q9BVP2,P29991-PRO_0000037936,1
Q6NYC1,YP_009227205,1
Q8N2K0,P05780,1
Q03154,Q9WMX2-PRO_0000037541,1
P32119,Q8JPQ9,1
P14868,P05777,1
O43187,P68467,1
Q9Y696,P03470,1
P31946,Q77M19,1
G3V5T9,NP_040311,1
P15927,P03070,1
Q9GZU8,P29991-PRO_0000037946,1
P27348,Q9WPI5,1
Q9BTE7,C5E519,1
P11233,A0A024B7W1-PRO_0000443029,1
P30101,YP_009227198,1
O95801,P27958-PRO_0000037577,1
P52294,P13199,1
Q8NEZ5,P06423,1
Q9Y3D6,P03470,1
P51116,P03470,1
P05556,YP_009227200,1
P09001,P29991-PRO_0000037936,1
Q58DX5,P0CK48,1
Q8N567,O92597,1
Q13616,P05919,1
P25205,P06428,1
P40763,Q9WMX2-PRO_0000037548,1
P25116,K9UT94,1
Q9H3R5,Q2PJP1,1
Q14699,P0CK56,1
Q86VW0,Q9WMX2-PRO_0000037548,1
O15131,F5HE15,1
P28300,P06428,1
Q06481,Q9WMX2-PRO_0000037550,1
P35869,P69723,1
P25789,P03126,1
Q7Z3C6,YP_009227204,1
Q9H9D4,P03129,1
Q8ND90,P03508,1
Q9H6L5,YP_009227196,1
A0A0A0MTL5,Q69027,1
Q16698,P03468,1
P62879,P04013,1
P11802,P03129,1
Q8NCG7,P06465,1
P02792,P89884,1
Q8TED1,P13285,1
O15460,Q8AZK7,1
P42330,P03431,1
Q96EP5,Q1K9H2,1
O60725,P0C739,1
Q92841,P03470,1
O43169,Q99IB8-PRO_0000045601,1
Q9UGP8,Q1K9H5,1
P09651,Q8AZK7,1
P63151,Q99IB8-PRO_0000045599,1
P30519,Q1K9H5,1
Q96AQ6,P04578,1
P08579,P03129,1
P56277,O40945,1
O75396,P06460,1
P0DP23,P03470,1
A6NEC2,P29990-PRO_0000037929,1
P62266,P05777,1
Q9H7E9,Q05127,1
O14787,P05780,1
P30153,P04020,1
Q8WUM4,P17367,1
P04844,P03508,1
P53618,P0DOE9,1
P23246,P04620,1
P11142,A0A089NDG7,1
O60763,P06428,1
Q8IUQ4,P03188,1
A0A2U3U043,P06932,1
Q8TED1,Q2MG95,1
Q9NPJ6,P03207,1
O75925,P03116,1
P0DI81,P05780,1
O75688,P0CK58,1
Q9BQA1,P03454,1
J3QT28,P06821,1
Q92526,P30119,1
Q9Y6H3,P06463,1
Q8TAP4,P06429,1
Q9BSA9,P06792,1
Q8TDD1,YP_009227196,1
Q9Y450,YP_009227205,1
P05362,P0CK56,1
O15269,P06788,1
A0A0B4J2C3,P36801,1
P25791,P03129,1
Q9Y6K9,P32888,1
P19525,NP_751919,1
P63208-1,Q6TVJ7,1
Q13158,Q98325,1
P84077,P15659,1
P10644,P0CK56,1
O75608,P03496,1
Q9H0S4,P17383,1
Q12959,P06428,1
Q13435,P19712-PRO_0000038050,1
O43707,P03508,1
Q9NS86,P15659,1
P61106,P0C045,1
Q7Z7F7,P29991-PRO_0000037936,1
Q8NEM0,Q9QLP4,1
O76021,P03211,1
Q9NYF3,P03118,1
Q5T3I0,P04618,1
O43791,P36791,1
O75396,P06792,1
P61619,P03452,1
O60684,Q32ZE1-PRO_0000435842,1
P11177,P29990-PRO_0000037929,1
O95219,P0C722,1
P48643,A0A0C7TUY8,1
P08631,P03407,1
Q15831,A0A220NMU2,1
K7EQ78,P27311,1
Q86WV6,P06788,1
Q96DZ1,B4URF0,1
Q07020,P15682,1
P40429,P0CK48,1
H7C2Q8,Q1HVF7,1
Q92665,P17383,1
Q9H089,YP_009227202,1
P61009,YP_009227200,1
Q9UBQ6,P29991-PRO_0000037944,1
P00846,P36801,1
Q9BTV4,YP_009227204,1
H7BYF7,P03468,1
P62081,P36827,1
P84022,P0DOE7,1
O96011,P05780,1
O14965,P27958-PRO_0000037566,1
Q8NBZ7,Q67020,1
Q5T160,C5E519,1
Q8N9B5,YP_009227204,1
P01891,P29990-PRO_0000037929,1
O15111,Q77M19,1
Q01130,P03430,1
Q63ZY6,P10204,1
P35637,P15682,1
Q15365,P03485,1
P53007,Q99IB8-PRO_0000045596,1
Q8NI36,P04620,1
O43776,P05777,1
O60906,YP_009227196,1
Q96QF0,Q77UU1,1
E7EMB3,NP_705926,1
Q8NC54,P06792,1
Q96BM0,P06477,1
P36542,P29990-PRO_0000037929,1
O14950,P09992,1
Q6P996,P03070,1
O14936,P06463,1
O75419,C5E519,1
P47869,Q9QLP4,1
Q96SK2,YP_009227196,1
Q8WVX9,I6T1Z2,1
P40227,P15659,1
Q96C00,P06430,1
P00742,P04133,1
P07195,P04487,1
Q9BV20,Q67020,1
Q15645,Q20MH8,1
P63151,P15659,1
O43823,I6T1Z2,1
Q9Y2U8,YP_009227200,1
Q9GZP9,P36780,1
O14735,Q77UU1,1
Q9P035,Q20MH8,1
O14828,P03485,1
Q9H000,YP_009227199,1
P46777,P03470,1
P08172,P06460,1
Q9BUP3,P03452,1
P60891,P05777,1
Q6P3W7,P03470,1
Q07955,Q6VGT1,1
Q8N5R6,P03177,1
P04844,P06927,1
Q86W42,P04620,1
P23528,P03470,1
Q15906,P06932,1
P69905,P05780,1
Q12797,P0CK49,1
P09543,B8ZX49,1
Q9Y6N5,P03452,1
O60762,Q2MG95,1
P04637,P03070,1
P53814,B4URF7,1
P13378,Q9WMX2-PRO_0000037552,1
P49720,P13285,1
Q13049,Q1K9H5,1
P35232,Q89268,1
P18859,P05919,1
Q9HB63,P0C722,1
Q15070,B4URE7,1
P49768,P36801,1
P46977,P03182,1
Q70IA6,P05777,1
P26368,P03427,1
P58546,Q1K9H5,1
Q12800,P03431,1
P62333,P03496,1
Q92831,O12161,1
Q9UPY8,P10219,1
Q9Y696,P15682,1
Q5R372,P03427,1
Q99729,P15682,1
Q9Y3C5,K9UT94,1
P02795,P06429,1
P51798,P0CK58,1
P09651,P03427,1
Q9P0L0,P27958-PRO_0000037576,1
P27348,P03470,1
P13010,P03454,1
P51571,P03182,1
Q13363,P88959,1
Q9P035,P04578-PRO_0000038428,1
Q6P3X3,P03431,1
P07910,P05777,1
P62487,Q98140,1
P62937,NP_776022,1
P08729,P09992,1
P62328,Q76R62,1
P82673,P29991-PRO_0000037936,1
Q99470,P03452,1
O00716,B8ZX42,1
Q9Y570,P03120,1
Q9BQE5,P03496,1
P11940,P29990-PRO_0000037929,1
O43791,P03118,1
Q9GZR7,Q99IB8-PRO_0000045601,1
P61247,P03427,1
Q9UL46,P05777,1
O95971,P06429,1
Q14019,Q8JSN8,1
P61619,P06460,1
P49721,Q1K9H5,1
Q96B26,Q67296,1
Q13619,P04620,1
Q5QJE6,Q58HT7-PRO_0000268112,1
O00483,P06821,1
Q96GY0,P08393,1
Q9BWM7,Q32ZE1-PRO_0000435839,1
Q14653,I6W9F2,1
O95926,P29991-PRO_0000037946,1
P67775,P03081,1
P49721,P03126,1
Q9Y5M8,YP_009227196,1
Q9NX61,P06460,1
P46776,P36801,1
P06733,P14335-PRO_0000037710,1
Q15208,P03129,1
C9JAW5,P03468,1
Q7Z3E5,Q20MH8,1
O94842,P04015,1
Q9NQS7,YP_009227196,1
Q8NEC5,P06428,1
Q9UBU8,Q9WMX2-PRO_0000037548,1
Q8WWY3,P15659,1
P18077,P19712-PRO_0000038050,1
O60725,YP_009227204,1
Q14444,P03430,1
P20340,Q77M19,1
P62277,P15682,1
Q99623,Q20MH8,1
Q05086,P06931,1
P28799,NP_751919,1
Q15078,Q8JSN5,1
P15514,P03118,1
Q99442,YP_009227203,1
P63010,P06464,1
Q14790,P04015,1
P27918,Q9WMX2-PRO_0000037548,1
Q9BUQ8,P15682,1
O15160,P36817,1
Q9H089,YP_009227196,1
O95816,P03427,1
Q9BQB6,A0A0C7TUY8,1
Q9Y276,P29991-PRO_0000308279,1
P11142,Q9J0X9,1
P03956,P04608,1
Q9NVV9,Q9WMX2-PRO_0000037548,1
Q96QK1,P06463,1
O95292,Q66479-PRO_0000039498,1
Q15020,P03508,1
O75964,P05777,1
Q92879,Q99IB8-PRO_0000045595,1
P78362,YP_009227196,1
P62316,Q20MH3,1
O76021,Q1K9H2,1
Q9Y265,Q8JPQ9,1
O60353,P06927,1
P61247,P03470,1
P30050,Q05322,1
Q01860-1,P03255,1
Q5VSL9,P03081,1
Q13015,Q2Q067,1
P09382,P03454,1
Q7Z4V5,P06428,1
O43167,P03427,1
O60858,YP_009227196,1
O00743,P03508,1
P50281,P03182,1
Q9P0J0,P29991-PRO_0000037944,1
P05388,P04487,1
Q8IWD4,Q8JSN5,1
Q8WWG1,P29996,1
P19338,P15659,1
Q70UQ0,P0CK58,1
P59998,YP_009227201,1
P42167,YP_009227196,1
P27797,P36827,1
P56192,P05780,1
Q9BUP3,P06427,1
O60291,Q80907,1
Q9BQB6,P06430,1
Q8TBC3,P06430,1
P51580,YP_009227204,1
U3KQ56,P24835,1
Q9BRP1,P17387,1
O95905,Q1K9H5,1
Q9UBU9,P36801,1
Q13123,P03129,1
Q96GC5,P06427,1
P48047,P0DOE9,1
Q9P0V3,Q2MG95,1
P63279,P03431,1
P05455,NP_740321,1
P40198,P29996,1
P52272,Q8AZK7,1
O14545,YP_009227200,1
Q9H0M0,Q58HT7-PRO_0000268116,1
P78406,Q82506,1
P30153,P03081,1
Q99832,P03454,1
Q13586,YP_009227203,1
Q9NYY8,C5E522,1
Q8TCT9,P0DOE9,1
P16070,P0C739,1
P57740,B4URF7,1
Q15223,P36780,1
Q96GD4,YP_009227196,1
P61619,B4URE7,1
P16435,YP_009227201,1
P57088,Q99IB8-PRO_0000045596,1
P10809,Q8AZK7,1
Q9Y277-1,Q99IB8-PRO_0000045596,1
P16989,P03070,1
Q07065,P09992,1
Q7Z6M1,P27958-PRO_0000037566,1
P47756,P03452,1
Q9H1D9,Q0A2H1,1
B4E3T4,P0CK48,1
P31321,B4URF7,1
P68363,P15682,1
P98172,P29996,1
P35613,P03246,1
Q9Y5V3,P29991-PRO_0000308465,1
Q9BWQ6,P29991-PRO_0000037944,1
Q1ED39,P29991-PRO_0000037936,1
Q9NVV9,NP_803144,1
Q1ED39,YP_009227196,1
Q14151,Q20MH3,1
Q9BYN8,Q1K9H2,1
Q02818,Q3KSR7,1
P82933,P17388,1
H3BVG0,P36817,1
P62805,P35256,1
O43559,P10233,1
P33992,P06428,1
Q13619,Q72500,1
Q01813,P06428,1
Q86VR2,P29991-PRO_0000037944,1
Q9NWZ5,P12977,1
Q8N4V1,YP_009227203,1
Q96P11,YP_009227196,1
P40938,P03468,1
Q14254,A0A024B7W1-PRO_0000443029,1
P62851,P09992,1
Q6UW68,P06792,1
Q92499,P03470,1
Q5VSL9,P24835,1
P04733,P06929,1
Q8IZ07,Q2MG95,1
O00170,YP_009227199,1
Q16611,P04019,1
O94826,F5HBQ9,1
P53597,P06427,1
O75818,D0UZP9,1
P07948,P04604,1
P11021,P06930,1
Q13049,P06430,1
P30050,P05777,1
P08621,P03470,1
O15287,P14079,1
P18031,P06792,1
P62136,P36313,1
O95573,P03452,1
Q16527,P03182,1
P50570,Q88019,1
P49588,YP_009227205,1
P78344,P29991-PRO_0000037940,1
Q9H0H5,P17387,1
O15131,Q05322,1
Q53RE8,P10204,1
Q8TDL5,H9XIJ5,1
O00400,YP_009227200,1
Q9HC16,P69723,1
Q8IZ81,Q1K9H5,1
P13645,P03470,1
O76071,Q8JSN5,1
P19404,YP_009227200,1
P20339,P05777,1
P05412,P03129,1
Q13263,P03454,1
Q96CW1,P03470,1
P06400,Q86500-PRO_0000041225,1
O00264,P69901,1
Q7L4P6,P10224,1
P10599,P05777,1
P54652,P09992,1
Q9BSY4,Q6DP94,1
P48444,P03452,1
O43464,Q98143,1
Q8N163,P03508,1
Q9Y320,NP_751926,1
Q8NBS9,YP_009227197,1
O75396,P0C739,1
P29317,P03468,1
Q9Y3Z3,P03470,1
O96017,P27958-PRO_0000037577,1
P60006,P27958-PRO_0000037566,1
Q9H972,P06932,1
Q13620,YP_009227201,1
Q16563,Q20MH8,1
O15381,F5HBL8,1
F5H5D3,P06428,1
P06733,P21605,1
Q96CP6,YP_009227197,1
Q14156,P03468,1
Q9UM13,O40939,1
Q9BRK4,P03225,1
P46778,P06927,1
Q9BUV0,P27958-PRO_0000037566,1
P11310-1,O41949,1
P05787,P03470,1
Q7Z2T5,Q05127,1
O95793,P04487,1
Q9UBS4,P03452,1
P46977,P0C0U1,1
Q6NZI2,P15659,1
Q9Y679,YP_009227203,1
Q58WW2,Q9WMX2-PRO_0000037548,1
O96000,P06930,1
Q8IXI2,P06792,1
O60716,K9UT94,1
O75306,C5E527,1
Q9UDX5,P29990-PRO_0000037929,1
Q96A33,C5E526,1
Q7KZF4,P03177,1
Q5JTV8,YP_009227200,1
P40227,P03220,1
Q6VN20,Q98143,1
P19876,P24766,1
Q6ZTP6,P27958-PRO_0000037566,1
Q92552,P17383,1
Q9BYN8,P17388,1
P61916,Q8AZJ3,1
P34932,O41957,1
P04792,P03427,1
Q15125,P06428,1
Q96KG9,P36778,1
P58753,P26672,1
Q12933,P0C762,1
O60762,Q77M19,1
Q8N1B4,Q1K9H5,1
Q96G25,P0DOE9,1
Q8TCP9,P06932,1
Q9UJ70,P03177,1
P26599,P03470,1
P82664,Q05323,1
Q13190,P03496,1
Q9UBB9,P03225,1
Q86XZ4,P04618,1
P61313,Q77M19,1
G3XA98,P03211,1
Q12933,P03346,1
Q9Y385,YP_009227200,1
P56385,P06788,1
Q9Y6W3,YP_009227205,1
O00124,YP_009227204,1
Q07866,Q8JSN8,1
Q13049,Q80908,1
Q92665,P03496,1
Q93062,Q1HVG4,1
Q9H898,P03495,1
Q9Y3Q3,A0A024B7W1-PRO_0000443029,1
Q86VP1,P06790,1
P51571,P06461,1
P09601,YP_009227196,1
Q9HCN8,P03452,1
P11940,NP_705926,1
Q6P1M0,B4URF7,1
Q969X5,P29991-PRO_0000037944,1
Q15645,P03468,1
P33993,P03433,1
P62805,P04620,1
Q13227,Q2PJP1,1
P36542,P03430,1
Q15366,Q6QDQ4,1
Q12834,P36780,1
Q9Y570,P06422,1
Q9Y673,P0C739,1
P54105,Q1K9H2,1
Q93050,B4URE7,1
Q6IC98,YP_009227203,1
P46782,P03182,1
P30050,P05780,1
P14625,O41966,1
Q9Y679,P17385,1
Q8NF05,P03431,1
P62834,P03246,1
Q9GZP9,P36778,1
P35998,P03126,1
Q9NTJ5,P69901,1
P63104,Q76353,1
Q70IA6,P03430,1
P08865,Q20MH4,1
P61978,Q05322,1
P83111,F5HBL8,1
P04075,P03496,1
Q04864,Q6VGT1,1
Q7Z2K6,A0A024B7W1-PRO_0000443029,1
Q02539,Q997F2,1
Q6ZN40,P11258,1
Q8N448,P03431,1
P60891,P15682,1
F5GXF0,NP_751920,1
Q9UDY4,P03070,1
Q09161,P03433,1
X6R8A1,P24835,1
Q8WVN8,Q9QLP4,1
O95159,Q2MG95,1
O00716,Q9DUG7,1
O95831,P0CK48,1
P53007,Q1K9H5,1
Q9UJ14,C5E527,1
Q9UBM7,Q99IB8-PRO_0000045596,1
Q8WUY1,P05780,1
P11021,B9VXK6,1
P46783,YP_009227196,1
Q02086,P17387,1
Q5JTV8,P13285,1
P05156,P0C045,1
P11021,Q76R62,1
Q96RQ1,P04578,1
P28300,P69901,1
P17980,P03255,1
Q6ZN55,A0A024B7W1-PRO_0000443019,1
Q14258,P05777,1
Q8NBJ5,YP_009227198,1
Q7RTV0,Q99IB8-PRO_0000045602,1
Q9H074,P29991-PRO_0000037940,1
Q8TE76,P36801,1
P57088,P05780,1
P14649,Q20MH4,1
Q96C00,P06788,1
Q9H936,P0CK56,1
Q13405,P03496,1
O15259,Q9WNA9,1
Q9BSA9,P06460,1
Q96HA8,P04020,1
P62269,P04487,1
P09601,P03468,1
Q9Y561,P0CK58,1
Q8WUD6,O40948,1
Q6NZI2,P06927,1
Q5VTT2,H9XIJ5,1
P16070,P0CK49,1
Q5VT98,O36551,1
Q92599,P17367,1
Q6NZI2,P69901,1
P04792,Q89733,1
P13667,YP_009227201,1
Q86U28,P06788,1
P05387,P03470,1
Q07812,P04492,1
P30530,Q8AZJ3,1
P04439,YP_009227203,1
Q8WXF1,P04620,1
Q16891,P0C706,1
O43143,P15659,1
Q12959,K9UT94,1
P36542,P0DOE9,1
P11166,P06792,1
Q12894,P06429,1
Q14444,YP_009227196,1
P42166,YP_009227196,1
Q9H845,P03468,1
O43324,P03468,1
P30050,Q05127,1
P35222,P29991-PRO_0000037946,1
P42892,Q20MH8,1
P31948,P04620,1
Q96DZ1,P29991-PRO_0000037940,1
Q00587,C5E526,1
Q96SU4,A0A024B7W1-PRO_0000443032,1
Q86UE4,P05777,1
P15260,K9UT94,1
Q13618,Q84940,1
P08865,P03470,1
O43390,P21605,1
P20916,Q9J3M8,1
Q16236,P06422,1
Q8WUY1,P06792,1
P63313,P06465,1
Q8IY67,YP_009227202,1
Q9C005,P03428,1
Q9H0H5,YP_009227196,1
B7ZAQ6,Q8JSN6,1
P06576,P03470,1
P50990,P12792,1
P62937,P15682,1
P33121,P0DOE9,1
Q99081,Q67296,1
Q12905,Q9WPI5,1
Q7Z7H8,P03468,1
Q15629,YP_009227203,1
P51571,P06821,1
Q99500,P0CK58,1
P41219,P03129,1
Q9UGR2,Q00721,1
Q3B820,Q6VGT1,1
Q9Y679,YP_009227200,1
P61513,P03427,1
P62805,Q00335,1
Q14192,P30119,1
P30101,P03182,1
P53007,B4URE7,1
P53801,Q98136,1
Q9BQ61,P05780,1
P01857,Q20MH4,1
P24278,P03070,1
P08107,Q900A7,1
P20338,P0DOE9,1
P39023,P04487,1
Q86UX7,P03427,1
Q6I9Y2,A0A024B7W1-PRO_0000443032,1
P40429,P03126,1
P51151,P05780,1
Q8N1G4,P04591-PRO_0000038596,1
Q9Y2Q3,P03126,1
Q8IYU8,P06821,1
O75964,Q20MH4,1
P17655,P30119,1
Q9NPL8,P03468,1
Q9P0L0,Q99IB8-PRO_0000045603,1
O14656,NP_579894,1
Q9Y3D8,Q99IB8-PRO_0000045597,1
Q14533,P09992,1
Q86YD7,P04020,1
Q8N883,P03410,1
Q01813,P06463,1
Q9BW27,P05780,1
P11142,Q82506,1
Q9BUM1,Q32ZE1-PRO_0000435839,1
O75616,Q1K9H2,1
P62854,P03470,1
Q09161,Q1K9H2,1
Q07812,P03182,1
Q99848,P14335-PRO_0000037713,1
Q92520,P29991-PRO_0000037944,1
Q9BQA1,Q8AZK7,1
P62857,P03470,1
P62191,P05777,1
Q7Z3C6,YP_009227200,1
Q9H814,Q32ZE1-PRO_0000435842,1
O14498,NP_751922,1
P49755,P03454,1
P49915,Q5MJ03,1
P04406,Q89268,1
A8K0R7,Q8JSN8,1
P78383,P03120,1
Q15370,P03430,1
Q9HC78,P03129,1
Q13287,P06422,1
Q5SNT2,YP_009227203,1
P53999,P03470,1
Q9H3P7,Q1HVB5,1
Q6NZI2,P03470,1
Q99750,P03225,1
O75396,YP_009227196,1
Q9NWU2,Q98143,1
Q7Z419,P03427,1
O60506,P03430,1
O00264,P06460,1
P30041,P29991-PRO_0000308465,1
Q05639,P03470,1
O75746,P03452,1
Q13309,P06422,1
P67812,YP_009227203,1
Q49A26,P05777,1
Q9UJX4,YP_009227202,1
P35606,P15682,1
Q9NUQ2,P29990-PRO_0000037929,1
P51648,YP_009227196,1
Q9Y3I0,P03433,1
Q58DX5,P0C6Z1,1
Q9HC36,P03470,1
O95817,P15659,1
O75925,P03113,1
P40429,P06461,1
Q8N448,P03126,1
Q13724,Q99IB8-PRO_0000045592,1
O96005,P69901,1
P15529,Q69022,1
P61513,P05777,1
P02768-1,O41931,1
P60660,P03430,1
P48643,P15682,1
P78362,P03211,1
Q96MT8,P03410,1
Q96KP1,P03468,1
O43823,P05777,1
Q9BT22,Q77M19,1
Q99729,P03427,1
O14744,P03211,1
P11441,P17385,1
O43395,P03427,1
O00463,E7BBT6,1
O96017,P06725,1
Q9HBA0,P06927,1
Q5JU67,P14335-PRO_0000037710,1
Q9UPN7,Q5EP37,1
P05165,Q20MH4,1
P47914,P03427,1
Q15365,P17388,1
P60842,P15682,1
O15371,I6T1Z2,1
P68371,P05777,1
P31942,P0C1C7,1
P28072,B4URF7,1
A0FGR8,P36801,1
P49368,Q20MH0,1
P13489,P03081,1
O75688,P03070,1
O15260,K9UT94,1
P62244,P15682,1
Q96FQ6,P06792,1
O95817,Q2MG96,1
P22528,P69284,1
P62195,P03255-1,1
D6RFN0,Q69027,1
Q9NR50,P06821,1
P17936,P06429,1
Q3KR37,YP_009227196,1
P12814,P0C6N0,1
O75400,P09992,1
O43759,Q77M19,1
P0DMV8,P03418,1
Q08380,P13285,1
Q9BZI7,YP_009227196,1
P09486,P03182,1
O60551,P04591,1
Q8IZ07,YP_009227196,1
Q8N2W9,P06423,1
P43686,P29990-PRO_0000037929,1
P48723,P04578-PRO_0000038427,1
P35232,P05777,1
P67809,EBI-6857440,1
O43242,P03496,1
P55084,P05919,1
P12814,P03203,1
P27797,YP_009227200,1
Q9UNL2,Q9WMX2-PRO_0000037541,1
P84098,Q0HD54,1
Q9BYM8,P06428,1
Q9Y6C9,P0CK56,1
B4DLC0,P03508,1
P52292,P05777,1
P30460,Q3KST2,1
Q9P0J7,P06430,1
Q5BKZ1,Q05323,1
Q13164,Q9WMX2-PRO_0000037548,1
Q8NFQ8,P04578,1
P08107,P13285,1
P08195,P0DOE9,1
Q53GQ0,P06460,1
P68133,Q20MH0,1
Q96KG9,P36780,1
O75915,YP_009227203,1
Q9NZ01,P03428,1
P43686,YP_009227197,1
P43686,K9UT94,1
O43909,P04578,1
Q14318,C5E526,1
P11441,YP_009227201,1
O76031,P0DOE9,1
Q9NZD8,P0C206,1
P57740,P0C0U1,1
P07910,P19712-PRO_0000038050,1
Q9UHV2,Q9WMX2-PRO_0000037548,1
Q9H0P0,YP_009227201,1
P57088,P05777,1
P61978,P03225,1
O95831,P15659,1
P55884,Q9Q2G4,1
P09486,P03081,1
P46063,P04620,1
Q8N163,P69723,1
P84090,P03427,1
Q6XUX3,P03427,1
Q6ZVK8,P03410,1
Q96RR1,P03427,1
Q14247,P03428,1
Q9Y570,P06423,1
P60468,P05780,1
P26038,P03454,1
P46778,P04487,1
O60831,P03246,1
O95831,Q8JPQ9,1
P62310,F5HFL9,1
P62877,Q6TVW2,1
O75396,Q2MG95,1
Q99733,Q1K9H5,1
Q9H396,P36799,1
Q9NP72,P06821,1
Q8WWC4,P06460,1
Q13601,P29991-PRO_0000037936,1
Q13501,P03508,1
Q96I24,Q6VGS8,1
Q92841,Q8AZK7,1
Q15813,YP_009227203,1
P05204,P36817,1
Q8TBB1,Q1HVF7,1
P62899,Q8AZK7,1
O43736,P04578,1
Q99959,I6T1Z2,1
P30048,P03433,1
P51572,YP_009227196,1
P28070,Q1K9H5,1
P62834,P0C739,1
Q16342,Q1K9H5,1
Q71U36,Q9IBY5,1
P13667,P06921,1
P07237,YP_009227197,1
Q9Y6X2,Q20MH4,1
P13639,P05780,1
Q9BU76,P27958-PRO_0000037566,1
A0AV96,P03496,1
Q08945,P03508,1
Q9NXH9,C5E526,1
P04181,P06821,1
O75569,O92551,1
P18621,P36313,1
P50897,P0DOE9,1
P62826,P15659,1
Q12834,YP_009227205,1
Q92615,P03496,1
Q96QK1,P27958-PRO_0000037576,1
Q9GZT8,P0C206,1
B9EGL1,P03126,1
Q9P0L0,YP_009227200,1
Q8TEB1,P12520,1
P00390,YP_009227204,1
Q5VWZ2,P06932,1
Q9Y244,P06423,1
Q9Y4K3,P03126,1
Q96A26,A0A024B7W1-PRO_0000443029,1
P30530,K9UT94,1
Q9UI10,Q0HD54,1
P62979,YP_009227200,1
P31946,P0C1C7,1
Q13098,P05780,1
P37802,YP_009227199,1
P30041,P03129,1
Q02241,YP_009227196,1
P49368,Q6VGS8,1
Q6PCB7,P69901,1
Q8IWC1,P29991-PRO_0000308465,1
Q96AG4,P03430,1
Q9Y6A9,YP_009227204,1
Q92526,P0C0U1,1
P35544,P15682,1
P02545,Q8JSN8,1
P29558,P17388,1
P61289,P0C706,1
Q96KC8,YP_009227196,1
Q9Y264,P03493,1
P07910,P09992,1
Q9Y2Y4,P06429,1
Q86WX3,A0A024B7W1-PRO_0000443019,1
Q9H936,P06461,1
P15927,YP_009227202,1
P06733,P06788,1
O14628,Q99IB8-PRO_0000045599,1
Q01130,P06921,1
P22492,D2CFJ1,1
Q99623,P03470,1
P40227,P29990-PRO_0000037929,1
P03905,P36827,1
P84090,P03430,1
P19429,Q2PJP0,1
P31943,Q20MH0,1
P60903,P15659,1
Q9H6T3,Q98140,1
Q12905,Q0HD54,1
Q9BRK5,B4URF7,1
Q13077,P03230,1
P55036,P03470,1
Q5M7Z0,P06460,1
P17535,P0C746,1
P61221,P03347-1,1
Q8WWH5,P03129,1
Q5W0B1,B4URF7,1
P16070,P03070,1
P62937,P04487,1
Q8IYB3,A0A024B7W1-PRO_0000443032,1
Q14393,A0A0C7TUY8,1
P59998,YP_009227203,1
P13489,P0CK48,1
P05387,P15682,1
Q68CQ7,A0A024B7W1-PRO_0000443029,1
Q00577,P03428,1
Q96N66,K9UT94,1
O94901,YP_009227204,1
Q96SK2,YP_009227203,1
P26196,P15682,1
B4E022,P03452,1
Q14444,P15682,1
P62888,P05777,1
P05091,YP_009227204,1
Q13435,P03454,1
O43324,Q20MH8,1
P19784,P27958-PRO_0000037566,1
Q14533,P06921,1
Q01850,P24772,1
Q96IV0,P03468,1
P32243,Q2Q067,1
P83881,P04487,1
P11177,P05777,1
O15111,P03129,1
Q9BQB6,P0CK49,1
P46779,Q20MH0,1
P05387,Q77M19,1
Q96SI9,P15659,1
P12956,P15682,1
Q02809,P69901,1
Q9HD40,P04591,1
P08238,P03470,1
P27540,P03508,1
P49411,P15659,1
Q15904,YP_009227203,1
E9PGN7,NP_705926,1
Q96FJ2,P0C206,1
P25788,P03211,1
O95273,P10218,1
O00463,P06788,1
Q01581,YP_009227205,1
O76024,P17385,1
Q8WUF5,Q9WMX2-PRO_0000037551,1
P20073,Q76RH0,1
Q9H4A5,Q1K9H5,1
Q14186,B8ZX42,1
Q9BWH2,NP_751919,1
P06493,P04608,1
P09234,Q05323,1
O43805,P05780,1
Q07666,Q8AZK7,1
Q9UHR5,P03129,1
Q9UJ14,YP_009227200,1
Q14257,P04578-PRO_0000038427,1
Q49A26,P03470,1
P42224,P07239,1
Q13227,P03120,1
Q15797,AP_000107,1
Q13151,P03496,1
P40616,P0CK49,1
Q13200,P03430,1
P51991,P15682,1
E7EPP6,P14079,1
Q8IUC6,P26672,1
P13647,P03470,1
A0A1W2PS27,P68336,1
Q9P0T4,P06428,1
P28288,P12520,1
O14787,F5HFG5,1
Q9NYW8,O41954,1
O75955,P06463,1
P62979,Q9QLP4,1
Q9Y6N5,K9UT94,1
O95232,Q98143,1
Q99536,P12792,1
Q96PU8,Q8JSN6,1
O00308,P06423,1
Q5UCC4,YP_009227200,1
O43164,P30119,1
P31689,Q8JPQ9,1
P42766,YP_009227196,1
P23510,P06792,1
O00231,P04578-PRO_0000038427,1
P46776,P05780,1
P38117,YP_009227199,1
P38159,P03468,1
P06748,Q20MH0,1
Q86SJ2,P03452,1
P46977,P03452,1
P82650,P29991-PRO_0000037936,1
Q9Y6C9,A0A0C7TUY8,1
O00629,P04620,1
Q53H12,P29990-PRO_0000037929,1
O00716,P06465,1
P62306,YP_009227197,1
Q16875,P15682,1
Q15038,P36827,1
A0FGR8,P03246,1
P10809,P0DOE9,1
Q9BWF3,Q9WMX2-PRO_0000037548,1
Q96JC1,P06422,1
Q9NUL3,P21605,1
Q9Y4W2,C5E526,1
Q15005,P88995,1
Q12905,P29991-PRO_0000037936,1
O96005,P0DOE9,1
Q96G23,YP_009227204,1
P40227,Q6VGS8,1
Q9UHD8,P06428,1
Q9Y262,P05777,1
Q9BTU8,P03087,1
P50281,P06462,1
Q9NWW5,P04578,1
Q9P0B6,Q9WMX2-PRO_0000037550,1
P62979,P03470,1
P36578,P03430,1
Q9Y399,P03470,1
Q9BT92,P17367,1
Q9P0L0,YP_009227204,1
O75953,P03431,1
Q3ZCQ8,P69901,1
Q6UUV7,P03206,1
P00558,P03496,1
Q9Y6C9,P29990-PRO_0000037929,1
Q9UHG3,Q1K9H5,1
F5H0R1,NP_751925,1
P62841,Q20MH0,1
O00505,P03116,1
Q14244,YP_009227205,1
O14828,B4URF7,1
P28799,Q66479-PRO_0000426162,1
P39023,P06430,1
P22061,Q77M19,1
O00499-6,P27958-PRO_0000037576,1
P63010,YP_009227205,1
Q15012,K9UT94,1
O00422,P15682,1
P16435,YP_009227198,1
Q8N3Y7,Q76RH4,1
Q8N5R6,P04288,1
P62081,Q77M19,1
Q9Y6I3,P0CK58,1
Q969W3,P36817,1
B3KS98,P08671,1
Q99832,P15659,1
Q8IX05,P29996,1
O43264,YP_009227200,1
P82933,P03496,1
Q9Y4P3,P0C739,1
Q9UBV2,P04578-PRO_0000038428,1
E9PMI6,P03508,1
P32456,Q9WMX2-PRO_0000037548,1
P43007,P29990-PRO_0000037929,1
Q99417,P29991-PRO_0000308465,1
Q9P0J7,P03427,1
Q9Y2L1,P06430,1
Q06136,P06460,1
O95251,P24830,1
P63104,P0DOE9,1
P45880,P04578,1
P12956,Q77M19,1
P54105,P03454,1
O94929,Q2MG95,1
Q96G97,Q20MH3,1
P62266,Q82506,1
P51114,YP_009227205,1
Q96HS1,B8ZX42,1
Q9HCU5,P03246,1
Q9BT78,P12520,1
P62805,P03495,1
P49257,Q77M19,1
P35998,P05777,1
O95757,P05780,1
P17980,P05780,1
P42766,Q0HD54,1
Q9NRF8,Q8JSN5,1
P78316,YP_009227196,1
P23526,B4URF6,1
Q07020,P04487,1
P08195,P06927,1
P06746,A0A0C7TBS6,1
E7ES52,P03129,1
P31689,P03081,1
Q8N511,YP_009227204,1
Q16401,P06821,1
P62937,P03496,1
P18846,P0C746,1
P05106,F5HB81,1
Q16576,P03427,1
P39656,B4URE7,1
E9PI68,P06430,1
Q13895,P03129,1
P51571,B4URE7,1
P11142,P0DOE9,1
Q15233,P15659,1
Q969X5,P03182,1
Q9NY99,P03126,1
Q9Y3D3,P17383,1
P16402,Q8AZK7,1
Q9NX61,YP_009227203,1
P63167,P03211,1
Q16540,P03428,1
Q9NWU1,P06428,1
O94927,Q1K9H5,1
Q92542-1,Q99IB8-PRO_0000045596,1
P15880,P05777,1
Q8NEU8,P03508,1
Q14790,F5HEZ4,1
O95251,P06921,1
Q96MU7,Q32ZE1-PRO_0000435842,1
Q15427,P15682,1
Q9UJ14,I6T1Z2,1
Q7Z6J9,Q8JSN5,1
P08238,Q9WMX2-PRO_0000037552,1
P0CB38,Q20MH3,1
Q99543,YP_009227205,1
P22736,P36780,1
P49321,Q1K9H5,1
Q12996,P03433,1
Q9UBU9,P10238,1
B4DET5,YP_009227205,1
P56277,P88959,1
P04035,YP_009227200,1
P33176,P03428,1
Q8WTT2,C5E522,1
Q8N2K0,P06460,1
Q96DZ9,P03428,1
A0A0U1RQC9,P06931,1
P48643,Q77M19,1
Q9UBF2,B8ZX49,1
P50990,P29991-PRO_0000037940,1
A2RUB6,Q9WMX2-PRO_0000037548,1
P62424,P04487,1
P68104,P09992,1
O00165,Q9QR69,1
Q8IUX4,Q77YG0,1
Q8NEW0,Q76353,1
Q9Y287,Q20MH8,1
P04075,P03470,1
Q6UXV4,P88988,1
Q9Y2V7,Q20MH8,1
Q07955,P03454,1
P62269,P36313,1
O95681,P0C736,1
O14773,Q8AZJ3,1
P08962,Q9WMX2-PRO_0000037550,1
O60830,P29990-PRO_0000037929,1
Q8WVM0,A0A024B7W1-PRO_0000443019,1
F8WCD0,P03468,1
Q13868,YP_009227203,1
F5H0Y3,P03427,1
P20226,P24830,1
Q96C12,Q77UV9,1
Q15424,P04620,1
P49368,P05777,1
P25116,P69901,1
Q15181,P03470,1
Q8TC12,P0DOE9,1
P04049,P03495,1
Q86UA1,Q8AZK7,1
Q03135,P05777,1
Q6P5S2,P12848,1
P35998,P09992,1
Q96K49,P06460,1
F2Z2I2,P03468,1
Q14151,P15682,1
Q96DX7,P27958-PRO_0000037566,1
P42696,P03427,1
P05198,P15682,1
P53618,P03470,1
Q13153,P04601,1
P07910,P03430,1
Q15650,A0A024B7W1-PRO_0000443019,1
Q8IZ69,P03427,1
P02792,P06428,1
Q9Y6M0,P04578,1
P51784,P17388,1
O14735,P06921,1
P42771,P17385,1
P62847,YP_009227205,1
O43929,P03211,1
O14828,I6T1Z2,1
O00487,P0CK56,1
P23284,Q9WMX2-PRO_0000037550,1
P09486,Q69117,1
Q92499,P09992,1
Q5H9R7,P0CK56,1
Q9Y3D0,P24835,1
Q12959,P26554,1
P62829,P06428,1
P49207,P15659,1
Q96PP8,P03427,1
P46937,P03470,1
P61221,P05780,1
P40429,P05777,1
A0A0A0MT64,P06930,1
O15498,YP_009227203,1
P47756,P05777,1
P42166,P0C739,1
Q14257,P04578,1
P61086,P24830,1
Q96S59,Q808S4,1
Q07817,P06422,1
P04843,P03496,1
Q14978,P04591-PRO_0000038593,1
Q9BPW8,P03496,1
Q08945,Q1K9H5,1
P43268,P14079,1
Q9BVC6,P06428,1
Q8NCG7,P36817,1
Q02543,P04487,1
P34949,Q20MH8,1
Q00587,B4URF7,1
Q15370,Q5U8Y3,1
Q9Y3Z3,EBI-15928529,1
Q9NRW1,P10204,1
Q8N697,P06792,1
Q8N448,P06463,1
Q12931,P24835,1
Q6PL24,YP_009227200,1
P52815,YP_009227196,1
Q07666,P04618,1
Q53H12,A0A024B7W1-PRO_0000443029,1
Q9BQB6,P03070,1
P78352,Q0A2H0,1
Q12800,Q1HVG4,1
P05204,P06430,1
P14314,O40918,1
Q9Y394,P0DOE9,1
O75746,P29990-PRO_0000037929,1
P17544,E7DBL9,1
P30566,P03454,1
Q06830,P15682,1
Q02978,Q99IB8-PRO_0000045596,1
P06744,P15682,1
P01100,P27958-PRO_0000037566,1
P49755,P03087,1
P25398,YP_009227196,1
O43181,Q32ZE1-PRO_0000435839,1
P62899,P03427,1
A1L3X0,A0A024B7W1-PRO_0000443029,1
O60256,P03470,1
P22695,P06821,1
O15162,P0C722,1
Q969V5,P29996,1
B2RXF5,P03129,1
P49902,YP_009227204,1
P0CG47,YP_009227204,1
Q96B97,Q69117,1
P06493,NP_751927,1
Q9P0K7,Q9WMX2-PRO_0000037548,1
P67812,YP_009227200,1
Q96S59,Q8JSN5,1
Q8NC51,P19712-PRO_0000038050,1
O60759,P27915-PRO_0000037999,1
E9PK54,P03427,1
P40227,A0A0C7TUY8,1
Q63ZY3,Q2MG96,1
P62263,Q77M19,1
Q71UM5,Q2MG95,1
P20042,P04620,1
O00487,P03496,1
Q15904,YP_009227201,1
P36894,P08563-PRO_0000041303,1
Q9Y5A9,P19712-PRO_0000038050,1
P05556,P03192,1
O95235,P06423,1
P11387,C5E522,1
P18077,P05777,1
Q16543,B4URF7,1
P60604,YP_009227203,1
P10911,Q8JSN5,1
P15954,O36551,1
P25786,P29990-PRO_0000037929,1
P68104,O56264,1
P63279,O41955,1
Q9Y5M8,Q99IB8-PRO_0000045596,1
O95476,Q9WH76,1
Q7Z7C8,P29991-PRO_0000037936,1
P63279,P0C737,1
Q9NRA8,P10191,1
Q96HD1,Q66479-PRO_0000039497,1
Q00534,NP_751927,1
Q9UJV9,YP_009227197,1
Q63ZY3,P30119,1
P0DI83,P0C737,1
Q9Y394,Q1K9H5,1
P31942,Q1K9H2,1
Q8TAA9,YP_009227197,1
Q9NUQ2,P29991-PRO_0000037944,1
O75521,P29991-PRO_0000037946,1
Q92522,Q20MH0,1
Q8TCT9,YP_009227198,1
P63272,P03433,1
P34741,NP_751921,1
Q13243,P03427,1
O60884,P05780,1
P14314,YP_009227203,1
Q07955,P03470,1
P17096,P06428,1
Q9Y5Q8,Q05127,1
Q9NZ01,P06792,1
Q15165,P0CK56,1
Q9Y5V3,Q6VGS8,1
P60660,P03454,1
Q9BSR8,P06792,1
Q3YBM2,P29996,1
P47914,Q9WMX2-PRO_0000037552,1
Q8WWY3,P36780,1
Q8N9T8,P29991-PRO_0000037936,1
Q9Y6V7,P36801,1
P05386,Q0HD54,1
Q9NPF2,P29996,1
P35998,P03470,1
Q8IWX8,P06422,1
Q9Y5K6,P03427,1
Q9BPZ7,P29991-PRO_0000308465,1
O00165,P29990-PRO_0000037929,1
Q8NBS9,YP_009227198,1
P11142,P04608,1
Q9Y6W5,P09992,1
P40429,P04487,1
Q96SH1,P03129,1
P40616,P17385,1
P20226,P03122,1
Q86UA1,C5E526,1
Q9UPT9,Q8JSN5,1
Q6UXG3,P03087,1
O96008,P05777,1
P55036,P03126,1
P55795,Q6VGT1,1
Q96M69,P03427,1
P60953,P14079,1
P84243,P03454,1
Q9UHD9,YP_009227203,1
P38646,P15659,1
P30837,P06821,1
P84022,P36801,1
P61289,P13285,1
O75489,Q77M19,1
P23284,P04620,1
M0R0H3,P14079,1
Q00403,Q69022,1
P13164,P10204,1
P67809,Q77M19,1
Q8N1B4,P36791,1
P78536,P04578,1
P51570,C5E527,1
P61978,Q9WPI5,1
P00403,I6T1Z2,1
O95793,P03430,1
P25685,P04601,1
Q9H307,P03508,1
O43927,O57300,1
Q70HW3,P03087,1
Q9UBU6,P06792,1
Q2TBE0,Q99IB8-PRO_0000045592,1
P62316,P03470,1
P02786,P0DOE9,1
P46734,P05780,1
Q9Y6C9,P29991-PRO_0000037944,1
P82663,P17383,1
P22413,YP_009227203,1
Q9BYD3,Q05323,1
Q13443,P0CK56,1
P40855,Q76RI2,1
Q8N766,P04578,1
Q5VT66,YP_009227197,1
Q9UL15,Q2PRM9,1
Q9BYE7,P03129,1
Q9UMS0,Q2KRY7,1
P11940,P15659,1
O75431,Q99IB8-PRO_0000045597,1
P52294,P04620,1
Q9BQB6,P03468,1
P40189,P0CK58,1
P16402,Q82506,1
P08240,P03246,1
Q8IXI1,P03452,1
O43852,P03428,1
P31689,P29990-PRO_0000037929,1
Q3KQU3,P03225,1
O95573,P03431,1
Q969S3,Q76RI8,1
Q59GL1,P19712-PRO_0000038050,1
Q2NL82,YP_009227205,1
Q96S52,P29991-PRO_0000037944,1
Q9H3K6,B4URF6,1
P08670,P05777,1
Q9BSD7,P03431,1
O43513,P03383,1
B4E3T4,Q20MC8,1
Q14697,P05777,1
P17661,NP_705926,1
Q7L5D6,YP_009227201,1
P48651,YP_009227196,1
O00308,P03120,1
O95232,P03508,1
Q86WC4,K9UT94,1
P51648,YP_009227197,1
P09496,Q77M19,1
Q00765,Q9WMX2-PRO_0000037547,1
P57105,P06463,1
P24941,P03070,1
P62805,P0DOE7,1
P57088,P06927,1
Q13838,P05780,1
Q01650,Q77M19,1
Q7L099,P03129,1
O96020,P03129,1
Q9UKU0,P03427,1
Q9ULW6,Q9WMX2-PRO_0000037551,1
P20290,Q69117,1
P26373,P03454,1
Q9BQC6,A0A024B7W1-PRO_0000443019,1
Q9BRT2,A0A024B7W1-PRO_0000443029,1
P39656,Q99IB8-PRO_0000045596,1
F8WB74,P06428,1
Q12846,P0C739,1
O43423,P04620,1
Q8NA61,Q32ZE1-PRO_0000435839,1
Q9BW61,P11207,1
P07858,Q69117,1
P55036,P17386,1
Q9NRX4,P36817,1
Q12979,P05780,1
Q9H5V8,P69901,1
Q96AG4,P06428,1
Q14790,P36778,1
P62266,P19712-PRO_0000038050,1
Q15370,P03129,1
P50991,P03470,1
O14735-1,Q99IB8-PRO_0000045596,1
Q14244,P03433,1
Q6P161,P29991-PRO_0000037936,1
P0CB38,P03466,1
Q9BQG2,YP_009227204,1
P17858,P05777,1
P30825,B4URE7,1
Q9P0L0,P27958-PRO_0000037577,1
Q9Y320,Q9WMX2-PRO_0000037550,1
Q9BTY7,Q9Q2G4,1
Q6IQ22,YP_009227204,1
P14625,P03427,1
O00567,P03431,1
P16070,P06460,1
O43175,P03129,1
Q9NZD8,P03410,1
O95715,O57300,1
P28288,Q20MH8,1
Q99536,F5HC81,1
P51665,P03430,1
Q8N682,P10204,1
P52294,P31345,1
B4E022,P03431,1
P08237,P17387,1
P18031,Q1K9H5,1
P62877,Q6TVJ1,1
P35613,P0CK58,1
Q12899,P17388,1
Q01664,P06428,1
Q9NXF1,P17382,1
Q05682,P29990-PRO_0000037929,1
P62244,P03431,1
Q6PJT7,A0A024B7W1-PRO_0000443032,1
Q13685,P17387,1
O60814,P03129,1
P30048,P06821,1
Q86TI2,Q8JSN8,1
Q15418,Q77UV9,1
Q9UPN7,YP_009227205,1
P30519,Q66479-PRO_0000039498,1
P06396,P03433,1
Q9NZ01,P69901,1
Q96CS2,Q32ZE1-PRO_0000435838,1
Q9HBH5,P03246,1
O43809,Q9IBY5,1
Q9HC07,P0CK56,1
Q9GZT4,O40948,1
P09661,Q20MH3,1
Q70UQ0,Q2MG95,1
F8VYE8,P03433,1
P31942,YP_009227202,1
A2RUB6,Q99IB8-PRO_0000045599,1
P06493,Q8AZK7,1
Q9NRN7,P15682,1
Q9P0K7,Q194T2,1
P05556,YP_009227203,1
O95059,P29991-PRO_0000037946,1
Q8TED1,P06792,1
Q9BXK5,P03120,1
O15226,Q05323,1
Q13405,P29991-PRO_0000037936,1
Q9Y296,P06821,1
O95183,P0C739,1
P50454,P04578-PRO_0000038427,1
Q9UKF6,YP_009227196,1
Q99460,P29991-PRO_0000037941,1
Q8IWT6,YP_009227196,1
P82933,P03431,1
Q96E29,P03466,1
Q07955,P03430,1
O75381,P30119,1
Q01813,P17387,1
Q13563,P06927,1
Q9H7B2,YP_009227196,1
P29692,P05777,1
P05107,P04578-PRO_0000038427,1
P0C0S8,P03430,1
Q96D15,Q9WMX2-PRO_0000037548,1
Q9Y2W1,P03430,1
Q9Y2W1,A0A024B7W1-PRO_0000443032,1
Q9BQ39,P29991-PRO_0000037936,1
Q8IUX4,P04591,1
Q96K17,YP_009227197,1
Q15629,P30119,1
P31151,P03470,1
O75844,YP_009227201,1
Q9BUJ2,P03428,1
Q96A83,Q99IB8-PRO_0000045600,1
O95292,P06460,1
O00165,I6T1Z2,1
P04040,P29991-PRO_0000037946,1
Q15629,P06927,1
O96008,P04578-PRO_0000038428,1
Q2M2I5,Q1K9G9,1
EBI-4399559,Q9J0X9,1
P04637,P69713,1
Q9BXS5,NP_579895,1
Q9UHL4,P69901,1
Q9Y4W6,P05777,1
Q96JC9,P06430,1
Q9GZP9,P24830,1
Q9H490,YP_009227203,1
Q13547,P03433,1
O75506,P03496,1
P49755,P06792,1
O95782,P03496,1
P51991,P05777,1
Q96PU8,P06788,1
Q92643,P06927,1
Q07020,P03431,1
B4DR61,P36801,1
Q92542,B4URF7,1
Q10471,P29991-PRO_0000037944,1
Q9Y4W6,P69901,1
Q9UBM7,YP_009227200,1
O60832,Q20MH3,1
Q9UJ14,P0C739,1
P08574,P03452,1
P63220,P03427,1
Q15796,P06930,1
Q8WWY3,Q82506,1
B9EGL1,P14079,1
Q9BT78,P05780,1
Q16186,P03454,1
Q9BTV4,Q99IB8-PRO_0000045598,1
O43242,Q2MG95,1
Q567V2,P06792,1
Q86YL7,P15682,1
P08579,P05777,1
Q96GC9,YP_009227198,1
Q15435,Q76TK5,1
Q9BX40,I6T1Z2,1
P67809,P07939,1
Q9NZ01,I6T1Z2,1
O43390,Q5MJ03,1
P80303,Q99IB8-PRO_0000045603,1
Q13586,P29990-PRO_0000037929,1
P67812,P69901,1
Q8N5I3,Q67296,1
P63272,P03431,1
Q9GZT9,P03296,1
Q08117,P03211,1
Q13595,P03428,1
Q8NBM4,P06927,1
Q86SQ7,P29991-PRO_0000037946,1
O43889,Q9WMX2-PRO_0000037549,1
Q86SF2,A0A024B7W1-PRO_0000443029,1
Q15057,P03454,1
Q8NBS9,P04578-PRO_0000038427,1
Q96EY7,P17388,1
Q9UNM6,P03428,1
Q9NX20,P03466,1
Q15629,P0CK58,1
Q14186,P03129,1
P62979,Q05127,1
Q9UBV2,P04578,1
Q03519,P06460,1
P48643,Q69138,1
Q9NY93,P06921,1
P35637,P03470,1
O75688,Q2MG95,1
Q99750,Q3KSS4,1
P46734,P03070,1
P20591,Q8JPR0,1
O15131,Q77DB4,1
Q9NXG2,P0DKB0,1
P22626,Q05322,1
Q92973,P06792,1
P08670,P03470,1
Q9BQP7,Q77M19,1
O00571,B8PZP3,1
O60831,P13285,1
P40939,P05919,1
P12236,P03508,1
P62899,P03470,1
Q13619,P11207,1
Q9UJC3,Q1K9H5,1
Q12834,P03118,1
Q96EY1,P69901,1
Q9Y337,P06428,1
Q96AD5,YP_009227196,1
Q8N257,O56264,1
Q8TDF6,P15659,1
G5E9W7,P03431,1
P22234,Q76S40,1
P24666,P04413,1
O43889,P06426,1
O75915,P06460,1
P09958,P06930,1
P02792,P36801,1
Q03188,P03496,1
A0A0G2JM12,Q9DH70,1
P80723,Q8JSN5,1
Q12834,P06921,1
P40227,P03427,1
P28300,P06460,1
Q9GZU8,A0A024B7W1-PRO_0000443032,1
P62753,P05777,1
Q8N6R0,Q1I2B2,1
O60218,P03508,1
A1L0T0,P03468,1
P27797,P06460,1
O75396,YP_009227204,1
Q8IUH3,P10230,1
Q8IWE2,Q8JSN5,1
Q9H7P6,O55779,1
P60033,Q99IB8-PRO_0000045596,1
Q6PML9,YP_009227196,1
Q92522,P03427,1
P0CG47,P03129,1
Q6P4E1,Q32ZE1-PRO_0000435839,1
P0CB38,P17383,1
P39019,P03431,1
P14618,NP_751928,1
Q9Y277,Q69027,1
Q8TBR4,P06929,1
P11441,YP_009227200,1
P61978,NP_740672,1
Q71SY5,P0DOE9,1
Q8TC12,P17385,1
Q99615,B4URF7,1
Q92934,P68451,1
O43819,P0CK56,1
O14979,Q77M19,1
Q9UNM6,P05777,1
Q14332,P06792,1
Q5J8M3,YP_009227201,1
Q16555,P03431,1
O15226,O92551,1
Q9UL49,P36801,1
Q8WVQ1,P06428,1
P39023,P09992,1
P46977,P06927,1
Q92598,Q20MH0,1
Q9Y285,Q2MG95,1
Q2TB90,P03470,1
Q14974,P15659,1
O43663,P17387,1
P62993,P12497-PRO_0000042399,1
P50995,P08563-PRO_0000041303,1
Q99442,P06792,1
Q9H3N1,YP_009227196,1
O14598,P27958-PRO_0000037566,1
Q15459,P29991-PRO_0000037946,1
Q8TCT9-1,Q99IB8-PRO_0000045596,1
Q16537,Q77M19,1
P62249,P03454,1
Q13310,P05777,1
P50502,YP_009227203,1
O60906,YP_009227200,1
Q32P44,Q9Q2G4,1
A4D1E9,P06430,1
O15260,B8ZX49,1
Q7Z2W4,P03508,1
P51116,P03410,1
Q9Y3C1,YP_009227196,1
Q9BRK5,K9UT94,1
Q9BRH9,P04015,1
Q9BRK4,P0C206,1
Q00534,P14079,1
Q8N448,P0C206,1
Q06587,P03129,1
P62269,P36801,1
Q5JUX0,Q8JSN5,1
Q8IZ07,P0CK58,1
Q8NE71,P05777,1
O15355,P05777,1
Q7KZN9,C7E5A9,1
P10809,Q1K9H5,1
P62873,B4URE7,1
P28300,P03081,1
P23528,P03496,1
P63241,Q1K9H5,1
I3L0L0,Q9QLP4,1
P55795,P17388,1
P62191,P13285,1
P68400,Q5MJ03,1
P50479,P06788,1
Q07955,P03120,1
Q7L5N7,YP_009227196,1
Q5SQN1,YP_009227197,1
P05141,P05777,1
Q9BTX3,P29996,1
Q07812,P17361,1
Q9NYF8,Q98143,1
P09543,P06460,1
Q8NBP0,P06821,1
Q13409,P12520,1
P35869,P12977,1
Q9NWU2,Q77M19,1
Q96PM5,Q9WMB4,1
Q96TC7,P06460,1
P49459,P06930,1
Q8IWB1,P06821,1
P22626,P07242,1
P23246,P03454,1
P57078,P06932,1
Q6RW13,P24835,1
P30411,P06792,1
Q8IYS2,A0A024B7W1-PRO_0000443029,1
Q14192,P0CK56,1
P61353,Q82506,1
Q659C4,P88993,1
P31941,P69722,1
P62913,P04487,1
Q96JC1,P03118,1
O14957,P06788,1
Q9UL15,Q2MG95,1
Q99729,P04620,1
Q9UJ14,P0CK49,1
Q92985,P0C726,1
Q14653,P12792,1
Q00839,P03430,1
P51648,P09992,1
P61353,Q77M19,1
Q9NY12,YP_009227196,1
Q99733,Q99IB8-PRO_0000045592,1
Q99584,P06927,1
P08729,P06821,1
Q9UBD5,P06921,1
P52907,P03428,1
Q96S66,YP_009227197,1
P51571,P06927,1
P26641,P06921,1
P12004,P03496,1
Q96D71,YP_009227205,1
P49411,P03470,1
P06703,P05777,1
Q8TB96,YP_009227203,1
P61254,P03430,1
Q9BZE1,YP_009227204,1
P34931,YP_009227202,1
Q9UNK0,YP_009227196,1
P08134,P04578-PRO_0000038428,1
P62750,P05780,1
Q9HAV7,D1LN35,1
Q9GZR7,Q05127,1
Q96CX3,P0DOE7,1
P23025,P17367,1
Q9H6U8,YP_009227200,1
P08195,P0CK56,1
Q96CS3,P06460,1
Q96EE3,P04578,1
O43318,YP_009227203,1
Q13443,B8ZX49,1
P05455,P03454,1
Q9NW15,P06792,1
Q15165,P69901,1
P67812,Q99IB8-PRO_0000045596,1
Q8N163,P12418,1
Q8N1F7,Q8AZK7,1
Q96FE7,P36801,1
Q8IY26,P06461,1
O00165,Q05322,1
Q9H9Q2,P05780,1
Q9H3P7,EBI-21242149,1
P23588,P03430,1
P27824,P0CK56,1
Q96GC9,YP_009227203,1
P82663,P03466,1
O60506,O56264,1
P50542,P03508,1
Q9UBD5,YP_009227204,1
Q99500,P0C739,1
F8W776,P03468,1
Q07960,YP_009227196,1
P26196,P05777,1
Q9UK22,P03452,1
P23142-1,P03126,1
A1L0V1,P0C706,1
P24278,P06932,1
Q96CW1,P06464,1
O43791,P06790,1
P14618,P03470,1
P54105,P05777,1
P40939,Q20MH8,1
Q9BS26,P06461,1
Q9HC07,Q2MG95,1
P36957,F5HBQ9,1
Q9H4G4,P27958-PRO_0000037566,1
Q13619,Q9QMH9,1
P48556,H9XIJ5,1
P07437,P68466,1
Q15008,P13285,1
P61769,P35961,1
A0A087WUS5,P36827,1
P29536,Q69117,1
Q06587,P03428,1
P04792,Q805P6,1
Q9BRJ6,P03410,1
Q86VP1,P06423,1
Q9UBS4,P04578,1
P51665,YP_009227204,1
Q96JJ7,Q2MG95,1
Q9Y6I3,P03087,1
Q06136,P29991-PRO_0000037944,1
P50914,P15659,1
Q9UGN4,P29996,1
O43294,Q9WMX2-PRO_0000037548,1
Q8NHQ9,P29991-PRO_0000037936,1
P62314,P03470,1
Q8TED1,P69901,1
P41227,F5HAM0,1
B1AHA8,P03452,1
Q13158,NP_751919,1
O15305,P36778,1
A0AV96,P03433,1
O60353,P06792,1
Q2TB90,P03454,1
Q8IX15,O40939,1
Q6NXE6,Q20MH8,1
P51665,Q2MG95,1
P67775,P05777,1
P49643,P06428,1
P55060,Q8AZK7,1
Q0VDE8,P29996,1
Q14697,P03454,1
Q9NQ25,Q8JSN5,1
P05141,P03427,1
P55036,P30119,1
Q9BXP5,YP_009227202,1
P20963,P18092,1
Q9Y230,Q8AZK7,1
O00299,H9XIJ5,1
Q6NXT6,YP_009227203,1
Q9NVV0,YP_009227201,1
Q13131,P06932,1
P62277,P03211,1
Q09161,P36799,1
Q9Y6H6,P10191,1
P10155,Q1K9H2,1
P52789,P06477,1
O00391,P06792,1
P62736,P10191,1
Q9P0L0,Q99IB8-PRO_0000045599,1
Q96L58,YP_009227203,1
Q8N6S5,P17385,1
Q8NB90,C5E526,1
Q969F0,P10218,1
P61619,P04578,1
Q6IB77,P03433,1
P39019,YP_009227196,1
Q06265,C5E526,1
P17096,P03454,1
O75800,P06464,1
Q16891,P05777,1
B5ME97,NP_803144,1
O43186,P14079,1
Q9NYF8,P29991-PRO_0000037946,1
Q8N1F7,P0DOE9,1
P50402,Q05322,1
Q86TB9,P29991-PRO_0000037936,1
P52434,P17387,1
Q9Y244,P06929,1
O95232,C5E522,1
P62995,Q82506,1
Q7RTS9,Q20MH8,1
P18846,E7DBL9,1
P06396,Q6DP93,1
Q92973,P0DOE9,1
Q96A33,Q77M19,1
Q9BU62,P88987,1
Q9Y3Q8,P0C744,1
P68363,Q8AZK7,1
Q9NXS2,P0CK56,1
Q7L5N1,P05780,1
P09936,YP_009227200,1
Q9NR56,P03428,1
Q9UPY5,P06460,1
Q7Z7J5,P08393,1
O94842,P24830,1
Q9UBV8,P06428,1
Q5T9L3,P06792,1
P63172,P10230,1
P06493,Q99IB8-PRO_0000045596,1
P43307,YP_009227196,1
P62314,P03430,1
Q9H6H4,YP_009227200,1
Q8TCT9,Q1K9H5,1
P22392,P05780,1
G3V5Z7,NP_751921,1
O14920,P03409,1
Q6DCA0,P27958-PRO_0000037566,1
P09012,I6TAH8,1
Q6NZI2,B8ZX42,1
Q03111,P04608,1
O60831,P0CK49,1
Q96PZ0,P03470,1
P12955,P88959,1
P10176,P36801,1
Q9Y5M8,P0CK58,1
P11441,Q1K9H5,1
Q06136,P06792,1
Q9BVG9,YP_009227200,1
Q9Y5Z9,P06460,1
Q14393,P69901,1
Q147U7,Q6VGT1,1
P49756,P03431,1
Q8IUQ4,P68343,1
P13378,NP_751923,1
Q15691,Q3KSU1,1
P08709,P04133,1
P53618,P03496,1
Q08170,Q6QDQ4,1
P10515,F5HBQ9,1
P62841,P03427,1
Q9NZJ7,P05777,1
Q9BWU0,P29991-PRO_0000037946,1
Q96N11,P06465,1
Q15365,C5E527,1
P46781,P03470,1
P25789,P15682,1
Q02878,P27958-PRO_0000037577,1
Q9NX63,P06821,1
Q15382,P06477,1
P49459,P03129,1
Q53H80,P23372,1
P30530,P13285,1
P62333,YP_009227203,1
O95817,P0CK49,1
Q9UFG5,YP_009227196,1
Q92598,P15682,1
P51570,P03431,1
Q15758,Q05322,1
Q8TCE9,P06429,1
P42696,Q05127,1
Q7L7L0,P68466,1
Q9Y2R9,P03428,1
Q06330,A0A1P7U033,1
P11021,P03427,1
E9PM49,P36801,1
A0A087WW40,P03203,1
P25963,P14335-PRO_0000037710,1
Q8N766,YP_009227198,1
Q99543,YP_009227196,1
P31153,P05777,1
Q86Y46,P03427,1
Q53G59,P03346,1
Q07687,P03346,1
P33992,P17387,1
Q9UHK0,P16749,1
Q16543,P03454,1
G3V185,Q9WMX2-PRO_0000037551,1
P48643,P03452,1
Q15758,Q77M19,1
Q02809,P04620,1
P17844,P03470,1
O14595,P14079,1
Q9P0V3,P69901,1
Q13217,P04578-PRO_0000038427,1
P07339,P06427,1
Q9Y244,P03120,1
Q9UL46,Q99IB8-PRO_0000045600,1
Q9NVI7,P03220,1
Q06210,P03468,1
P02545-3,O41970,1
O75410,P03428,1
P62888,P27958-PRO_0000037566,1
Q13310,Q99AU3,1
E7EU96,P06821,1
P50416,P06927,1
Q9Y3U8,P03454,1
Q01518,P03470,1
P54725,A0A288CFT1,1
P25788,P12977,1
O00124,YP_009227196,1
Q9UJZ1,P03468,1
O75821,P03454,1
P07437,Q9WPI5,1
P35813,Q2MG95,1
Q15293,C5E527,1
O94776,P17383,1
O00231,P06463,1
P27348,P15682,1
Q5SNT2,YP_009227196,1
P62424,P09992,1
Q9Y3D0,P03126,1
Q15434,Q6VGS8,1
Q7L5Y9,Q98143,1
Q02878,P15682,1
Q15369,P06428,1
O95831,P06460,1
Q8WUM4,P26806,1
O43791,P04015,1
Q00535,P17387,1
Q13769,YP_009227204,1
O95470,P29991-PRO_0000037944,1
Q15208,P03454,1
Q9P0J7,P17387,1
P30459,P35961,1
Q7KZF4,P05777,1
P51116,P03454,1
Q96G23,YP_009227198,1
O75955,H9XIJ5,1
P36941,P03087,1
P48643,Q2MG95,1
O75396,P06461,1
P80303,YP_009227197,1
Q96EY1,P15659,1
P35268,Q8AZK7,1
P57088,Q77M19,1
P29033,P29996,1
P39656,P03470,1
Q8TBZ3,P17382,1
Q13123,P36791,1
Q96KG9,P06790,1
Q8N2W9,P36780,1
P10599,Q77M19,1
P62269,O55779,1
Q7Z739,P04591-PRO_0000038596,1
Q9H668,Q778I9,1
P61353,P03430,1
P82912,Q05323,1
P32242,P06428,1
Q14393,P06463,1
O14867,Q9DGW5,1
P62699,Q32ZE1-PRO_0000435842,1
Q86WV6,P27958-PRO_0000037575,1
Q16637-1,P03122,1
Q9BWF2,P08393,1
B4DLN1,P03468,1
Q9BXS5,NP_955621,1
O76031,P03468,1
P61513,P03430,1
P05198,P05780,1
Q8NFZ5,P26669,1
A8MVJ9,Q8JPQ9,1
P30048,Q1K9H5,1
P26599,P29882,1
Q8NEZ5,P36780,1
Q9UJZ1,Q77M19,1
O00584,Q99IB8-PRO_0000045599,1
P31930,O36551,1
P28062,Q69027,1
P49763,P06477,1
Q969X5,P03246,1
Q9UMS4,P15659,1
Q9NXH8,Q2MG95,1
P62314,P05777,1
Q6P597,P17367,1
P53350,Q99IB8-PRO_0000045602,1
P40855,Q2MG95,1
P55895,P14079,1
O43242,P06428,1
A0A0C4DGQ5,NP_040313,1
Q8N302,Q99IB8-PRO_0000045599,1
Q16576,P05777,1
Q92499,C5E526,1
Q9NXX6,P03070,1
Q8ND90,P03225,1
Q9BVC6,Q9WMX2-PRO_0000037541,1
Q8NBM4,P29990-PRO_0000037929,1
O75396,P29990-PRO_0000037929,1
P30153,Q2MG96,1
Q15843,P03470,1
Q63ZY3,Q8AZJ3,1
P06748,P03470,1
O43823,YP_009227196,1
O15371,C5E524,1
Q14192,P03225,1
Q8WVC0,P09866-PRO_0000038010,1
Q70UQ0,P06927,1
A0PK00,YP_009227200,1
O15160,P06430,1
P04844,Q77M19,1
P24539,P03468,1
P39019,P03428,1
P56545,P03255,1
P27824,Q77M19,1
Q16563,P06788,1
P31150,P03470,1
P62820,YP_009227196,1
Q9H2H9,B4URE7,1
P52926,P03211,1
O14964,P10191,1
Q9H3P7,A0A0C7TUY8,1
Q6P1J9,P09866-PRO_0000038010,1
P30837,P03468,1
Q9H6F5,Q76RI6,1
P12931,YP_009227203,1
Q12931,P0DOE9,1
Q8WU90,P05777,1
Q8NF37,P03508,1
P12277,P21605,1
O00170,P12977,1
B7ZAQ6,YP_009227201,1
O00629,Q9DUG7,1
Q9GZR2,P24835,1
P10809,P69723,1
Q9BT40,P05780,1
P28799,P18098,1
P07237,P09992,1
Q9NQZ5,P03427,1
P62241,P05777,1
Q8TB61,A0A024B7W1-PRO_0000443029,1
Q9UBQ5,Q9Q2G4,1
P62750,P19712-PRO_0000038050,1
Q96SI9,P03508,1
P98179,Q82506,1
P82933,I6TAH8,1
Q9NP64,Q67020,1
P22736,Q9WMX2-PRO_0000037547,1
Q05639,P35256,1
Q9NZ01,P03452,1
O60506,Q5MJ03,1
P62424,P15659,1
Q15043,P29991-PRO_0000037944,1
Q9HD33,P03496,1
P09543,P06430,1
P62993,O40931,1
P09012,P03427,1
Q96BN2,YP_009227205,1
P02545,P09992,1
Q9UI10,Q32ZE1-PRO_0000435829,1
Q9Y6X2,P14335-PRO_0000037713,1
A0A087X159,P03433,1
Q32P28,P03454,1
P62851,Q82506,1
P46777,P03430,1
Q14444,P05777,1
P61619,Q77M19,1
Q15029,P03470,1
Q96GC9,YP_009227200,1
Q9NXS2,Q2MG95,1
P63173,P03427,1
Q6KB66,Q1I2B2,1
Q14186,P06788,1
Q9H4A6,P12520,1
B4E3T4,P06821,1
P25685,P06932,1
O75190,P05780,1
O95674,P0CK49,1
P50990,P04578,1
P51665,YP_009227197,1
P46776,Q89733,1
O14880,Q32ZE1-PRO_0000435839,1
Q99460,K9UT94,1
Q9Y6I9,YP_009227196,1
P00414,P36799,1
Q15070,P03468,1
P30837,P03428,1
P46063,O40939,1
Q13443,P03182,1
Q9BTY2,Q9WMX2-PRO_0000037548,1
P05388,P06428,1
Q15628,NP_751927,1
O00471,P0C6Z1,1
Q5HYI8,YP_009227203,1
O15427,P06927,1
P0DI83,G3CKS7,1
Q01780,C5E524,1
Q9NX07,P06930,1
P17535,Q9DGW5,1
Q13509,P03431,1
Q9UHG3,Q77M19,1
Q9NR12,P03182,1
Q01081,P04620,1
P05387,YP_009227196,1
Q5VV89,P06428,1
Q8IWX8,P06430,1
Q14680,P17387,1
Q9UDY4,K9UT94,1
Q13243,P03470,1
P15880,P03454,1
G3XA98,NP_751923,1
P01106,H9XIJ5,1
Q9NTJ5,P04578,1
Q13227,P17367,1
Q8WVC0,B2BUF1,1
Q9BRJ6,P06428,1
Q96EL2,YP_009227202,1
Q8NEW0,P29991-PRO_0000037944,1
H3BLV9,P06463,1
O15432,NP_751919,1
P63208,Q3SBS5,1
Q15084,Q9WMX2-PRO_0000037550,1
O00165,P69901,1
Q6UUV7,P16749,1
O43927,Q6VGT1,1
P15880,P04620,1
Q9BU23,YP_009227200,1
Q9UHY1,P36780,1
P01100,P10230,1
P53365,P06790,1
P27986,P0DOJ9,1
P62136,P03452,1
Q86YP4,Q99IB8-PRO_0000045599,1
Q96CT7,Q77M19,1
P46777,P15682,1
Q15843,P05919,1
O76094,P19712-PRO_0000038050,1
Q14684,P29991-PRO_0000037936,1
P62269,P04413,1
P48643,Q8JPQ9,1
P46783,P03427,1
Q6P3X3,I6T1Z2,1
P24539,Q20MH4,1
Q8N5G2,YP_009227203,1
P25445,P0CK56,1
P63010,P06788,1
P18850,P88995,1
P22392,P03431,1
O75953,Q8AZK7,1
P18621,YP_009227196,1
Q96EY5,O55779,1
Q8WU90,P03470,1
Q9NVA1,Q32ZE1-PRO_0000435839,1
Q9Y285,P03431,1
Q9H4G4,P0C739,1
P23526,Q1K9H5,1
P51148,Q1K9H5,1
Q9Y6E2,F5HFG5,1
Q92569,Q1K9H5,1
P17858,P03129,1
Q5T9A4,P0DOE9,1
P36542,P03452,1
P39023,P03470,1
O15498,YP_009227204,1
Q99615,P05777,1
P41240,P04288,1
F8WDY8,P36801,1
P06239,Q1HVJ2,1
P08195,P05777,1
P13667,Q99IB8-PRO_0000045596,1
P46108,O40931,1
O00487,P06463,1
Q9BXS4,P0CK58,1
Q2TAL8,YP_009227204,1
Q6NYC8,P03129,1
Q3V5L5,Q66479-PRO_0000426156,1
D6REE5,Q9Q2P1,1
Q8N4X5,P03427,1
P82664,P17383,1
P62140,P03508,1
O14907,P36801,1
P12429,P06428,1
Q9NV70,YP_009227204,1
P19652,P10204,1
O60716,P03496,1
K7EK07,P03496,1
Q96A33,I6T1Z2,1
P62249,P15659,1
P09429,P0C799,1
Q6P2H3,Q9WMX2-PRO_0000037548,1
Q04864,P06464,1
P61981,P0C1C7,1
O14649,Q9WB91,1
Q9HCN4,P04620,1
P55209,Q1K9H5,1
Q93034,P09992,1
Q8N1B4,P06422,1
Q9UBS4,Q99IB8-PRO_0000045596,1
Q8IUE6,YP_009227196,1
Q9H5V9,Q76S40,1
Q8IYX8,P03177,1
O15427,P05777,1
P62070,P03182,1
Q9UNF1,Q9WMX2-PRO_0000037551,1
P27701,Q9WMX2-PRO_0000037550,1
Q96JJ7,P03452,1
P30153,P03129,1
Q86V81,P15682,1
Q15005,YP_009227201,1
P61081,P05777,1
O94808,P88924,1
Q7Z434,Q6WB94,1
P50991,P12792,1
Q8N543,P03129,1
O75955,P04578-PRO_0000038428,1
Q14258,B2BUI7,1
O60760,P10224,1
Q6DN90,B4URF7,1
O75190,B4URF7,1
Q9BQB6,P06930,1
Q96SB4,P03470,1
P43307,P29990-PRO_0000037929,1
Q96EK4,YP_009227196,1
P62266,P03430,1
O94874,P03468,1
P49411,P03129,1
Q9UJS0,P03452,1
Q9BV90,P14079,1
P62318,P15659,1
Q8TCN5-1,O41949,1
P19338,P04487,1
Q14164,Q05127,1
P17858,A0A024B7W1-PRO_0000443029,1
Q9UJY5,P03118,1
Q15645,P29990-PRO_0000037929,1
Q9HBH0,P03452,1
Q7KYR7,P29996,1
Q71RC2,P15682,1
P15880,O56264,1
P61457,Q67020,1
P60709,Q77M19,1
G3XA98,P0CK48,1
Q9NVI7,B9VXK6,1
O60260,Q99IB8-PRO_0000045592,1
P41091,P12792,1
Q00765,P06927,1
Q8N1F7,P03452,1
Q8WWH5,P06429,1
Q14106,P06430,1
P61513,P15682,1
Q92598,P04578-PRO_0000038427,1
O75688,B8ZX49,1
Q9UJV9,YP_009227196,1
O60684,P88911,1
P62899,P03454,1
Q8NHH9,YP_009227203,1
P26641,B4URE7,1
P62847,EBI-6857440,1
Q3ZCQ8,B4URE7,1
P21796,Q05322,1
P05388,P16727,1
Q9H330,Q32ZE1-PRO_0000435839,1
Q01860,P03259,1
Q9NUL7,O92597,1
Q8IYH5,Q9WMX2-PRO_0000037548,1
P45880,P05777,1
Q96SK2,YP_009227200,1
P07947,Q90VU7,1
Q12797,Q20MH8,1
Q8WZ19,Q80908,1
O43324,P05777,1
Q9UHX1-1,P88991,1
P26599,P29991-PRO_0000037940,1
P61026,P05777,1
Q86WR0,P15659,1
P01034,P06465,1
P12956,P03470,1
P62263,Q9QLP4,1
Q9Y399,P03428,1
Q9Y5W7,P06460,1
Q9Y5Q9,Q1K9H5,1
P05787,P36801,1
Q9BSD7,C5E524,1
P13647,P15659,1
P52294,P03116,1
O95167,O36551,1
Q15084,P03452,1
Q16621,P10230,1
P61026,P04578,1
Q9Y262,P15682,1
P82914,P03454,1
P20226,P03254,1
P33993,P05777,1
P49821,P29991-PRO_0000037944,1
P49756,Q20MH8,1
Q9NVE7,I6T1Z2,1
P37268,P04578,1
P42766,Q1K9H2,1
Q06787,P15682,1
P27361,Q77UV9,1
Q14257,P03126,1
Q71U36,Q9WMB5,1
P11474,P24830,1
Q9NVE7,Q9DUN1,1
Q6UN15,Q98143,1
P30153,Q1K9H5,1
Q15046,P05777,1
P10644,I6T1Z2,1
O15260,YP_009227204,1
P19525,P04608,1
Q9P0L0,P03246,1
Q5VTE0,P35256,1
P37173,K9UT94,1
P62249,Q20MH0,1
Q96RF0,Q98143,1
Q9Y5M8,A0A0C7TUY8,1
P46734,P05777,1
Q15223,P24830,1
Q01105,P68951,1
P16220,P17387,1
Q9BYD6,P03466,1
P08621,P29991-PRO_0000037946,1
Q56VL3,Q9WMX2-PRO_0000037550,1
P67775,P00524,1
P0DP58,P24835,1
Q14699,Q2MG95,1
P05556,P0C739,1
Q92831,P03255-2,1
O60565,Q1HVF7,1
Q8TB36,P69901,1
P04637,P06463,1
O75152,Q20MH3,1
P40763,NP_739584,1
O95816,P05777,1
O43913,Q20MH8,1
P13073,Q76R62,1
E7ES52,P03254,1
Q9Y6M1,O56264,1
O00622,P03430,1
P30153,P03225,1
Q9NP72,P05777,1
Q9BS26,P14357,1
Q92841,P03129,1
P00505,P06465,1
Q86YV9,P69723,1
P38159,Q05323,1
Q5JTW2,P03428,1
P25685,A0A2Z5X739,1
P53041,P24835,1
Q9GZT4,P0CK56,1
Q06787,Q6QDQ4,1
Q9NZ52,P03454,1
P05387,P05777,1
Q86UT6,Q20MH8,1
P01892,P0C6I6,1
Q96MT8,Q9WMX2-PRO_0000037551,1
Q8N7W2,Q9WMX2-PRO_0000037551,1
Q13227,P12504,1
Q9Y6N5,P06927,1
Q9BSF4,Q32ZE1-PRO_0000435839,1
Q9UNE7,B8ZX42,1
P11940,P19712-PRO_0000038050,1
P42166,YP_009227203,1
Q9H2V7,P69901,1
A0A0A0MS08,P0C6Z8,1
Q13287,P36778,1
O95786,P21699,1
P07910,P88983,1
P51798,K9UT94,1
P09543,P06461,1
P62753,P15659,1
P01892,P18139,1
Q96MF7,Q2PRM9,1
P78352,O92551,1
Q9NSI2,A0A024B7W1-PRO_0000443019,1
Q9UI26,YP_009227203,1
Q15043,YP_009227196,1
O95793-2,P04591-PRO_0000038594,1
P13489,P04578,1
P84090,P03496,1
P31274,P24830,1
P05387,P03427,1
P49720,B4URF7,1
P60660,P12792,1
P09086,P06930,1
Q6YN16,Q99IB8-PRO_0000045600,1
Q8WUD4,Q20MH3,1
P11142,Q99IB8-PRO_0000045603,1
P17980,P03454,1
Q13769,P06463,1
P62241,P15682,1
P62750,P15659,1
P39023,Q1HVF7,1
P05556,P03182,1
Q16629,P06422,1
Q15293,P03454,1
Q5T9L3,P69901,1
Q96PI1,P27958-PRO_0000037566,1
O00505,P03070,1
Q8TCT4,P03107,1
Q9UPT5,P17367,1
Q9H9B4,P29990-PRO_0000037929,1
P31942,P09992,1
Q96FV9,A0A024B7W1-PRO_0000443032,1
Q9Y592,P03427,1
P53801,P29996,1
P30048,Q77M19,1
Q9NVA4,Q20MH8,1
P17568,Q32ZE1-PRO_0000435839,1
Q04206,P03206,1
P55084,P03428,1
P01892,P06821,1
Q5W0B1,Q8AZK7,1
Q15165,P06792,1
Q9Y2T2,P17387,1
P51553,P06428,1
Q12933,Q98325,1
P78385,P06463,1
P00439,P89884,1
Q9NNX6,Q03463-PRO_0000278734,1
A0A0U1RQC9,P03120,1
P26641,P36778,1
P08237,P06428,1
Q96JB2,Q20MH8,1
O43292,P06792,1
Q96ER3,P06821,1
P49023,Q69117,1
Q9BYD2,P03466,1
G8JLH9,P03452,1
P78316,P03430,1
Q9P0I2,YP_009227196,1
P35250,P06463,1
P43307,I6T1Z2,1
Q8TAT6,YP_009227198,1
P09661,P03428,1
Q9Y3B6,P06429,1
P13645,B8PZP3,1
P23284,P04591,1
Q9NSC5,P68343,1
P67812,P06927,1
P78381,P29996,1
Q9NVV4,P03470,1
O60684,F5HE15,1
P24385,P06465,1
Q96HS1,P03430,1
P30153,P03427,1
P62906,P17388,1
P38435,P03452,1
Q14566,Q89268,1
Q6P1J9,YP_009227205,1
Q8N0U8,YP_009227204,1
P06400,Q1HVI8,1
O15355,P05780,1
P04637,Q9DUG7,1
P35232,P03468,1
Q9HB07,P06427,1
O14896,P06428,1
Q96AA3,P06792,1
P46060,P03081,1
Q9Y5L4,Q05128,1
Q719H9,P03346,1
Q96PK6,P12418,1
P11142,P05780,1
Q8WW22,Q77M19,1
P07858,P24830,1
P15880,EBI-6857440,1
O75531,P03470,1
Q9BTV4,P06792,1
Q6P1M0,P29990-PRO_0000037929,1
O75569,Q67020,1
Q03252,P68710,1
Q96PG8,P24356,1
P08238,P03430,1
P62333,P03126,1
P25786,P14079,1
Q9UL63,Q98143,1
Q15758,P06927,1
Q06830,Q8JPQ9,1
P06576,P15682,1
P12931,Q02840,1
Q9Y285,P19712-PRO_0000038050,1
Q9UI12,Q20MH8,1
P62829,P36313,1
P78347,Q8JSN5,1
Q6ZP80,P10204,1
Q8NE71,P03470,1
P61201-1,O41946,1
Q9UNP9,Q20MH3,1
Q9H871,Q98143,1
Q9H4B6,P03428,1
P04844,Q20MH8,1
O75925,P04014,1
P43307,C5E519,1
Q9P0J7,O41947,1
P00403,P69901,1
P62304,P15682,1
P84098,P09992,1
Q9Y5V3,YP_009227205,1
P09914,P10191,1
O96005-1,Q99IB8-PRO_0000045596,1
Q9NVE7,C5E526,1
P62266,P15682,1
P63104,P03468,1
P60468,P0CK49,1
P52272,P03430,1
Q15165,P05780,1
Q96QF0,P05777,1
O95967,B8ZX49,1
P33947,P05780,1
O95816,YP_009227203,1
Q9UNM6,P06463,1
Q96I59,Q1K9H2,1
Q16864,YP_009227203,1
P98194,P0CK58,1
Q14677,C5E526,1
O95872,Q8JSN5,1
Q8IXM3,YP_009227196,1
P17987,Q8JPQ9,1
O60568,P03470,1
P49768,P29991-PRO_0000037944,1
Q12959,O57125,1
Q9HCN8,P88970,1
O15355,P03427,1
Q9H1A3,P88959,1
Q12959,P04608,1
Q9NVR5-1,O41949,1
P62258,P0C1C6,1
P43307,Q77M19,1
P04075,P15682,1
Q2TB90,P05780,1
Q8IV08,YP_009227196,1
Q8IXH7,P06821,1
P42677,P06428,1
Q13829,P06788,1
Q6P4A7,P03428,1
Q93062,Q1K9E3,1
P59768,P03182,1
P55036,P15682,1
Q02539,O55777,1
P00367,P03496,1
P62750,P03430,1
P78371,YP_009227199,1
Q9Y463,P03255-2,1
Q9Y240,P03427,1
P08729,P03431,1
Q9H3G5,I6T1Z2,1
P09132,P27958-PRO_0000037566,1
P10620,P69901,1
O60667,P03087,1
Q9GZP9,P06422,1
P20700,Q05322,1
P05181,NP_751926,1
O60762,P03452,1
O15173,P0CK49,1
Q8IV08,YP_009227204,1
O15173,P29991-PRO_0000037944,1
Q07812,P16778,1
Q9H4G4,Q2PRM9,1
Q9UJA3,H9XIJ5,1
Q9NNX6,NP_751920,1
O15160,P06429,1
Q9NS86,P05780,1
Q8WXX5,P15682,1
Q86U28,P06932,1
P60468,P03468,1
B1AHL2,P06931,1
Q99627,P12520,1
P51148,P04578,1
Q13586,YP_009227197,1
O96005,P29990-PRO_0000037929,1
Q06330,Q69138,1
Q71DI3,P03433,1
P02649,Q99IB8-PRO_0000045602,1
Q9NSA3,P14079,1
Q9Y371,Q69139,1
Q9Y5L0,YP_009227203,1
EBI-10815456,Q5MJ03,1
Q99536,P0DOE9,1
Q9NS73,Q0A2H1,1
O43186,Q85601,1
P22492,P0C1C7,1
P84103,P10238,1
Q5JW98,P29996,1
Q92890,YP_009227201,1
O43809,P06465,1
P05204,Q9QLP4,1
Q6IAA8,P06792,1
P62424,P15682,1
Q5SRQ6,NP_803144,1
Q8NBM4,YP_009227204,1
P08574,P29991-PRO_0000037944,1
P17066,YP_009227198,1
P42677,Q77M19,1
Q9BU23,P04578,1
Q99653,P03468,1
O15270,YP_009227196,1
Q99471,NP_803170,1
P30101,P06463,1
P61353,P04620,1
P09234,P29991-PRO_0000037946,1
O00401,O41932,1
Q8N6M3,P06792,1
Q9UJY5,P06422,1
P63104,P05777,1
A0A0U1RQC9,P06463,1
Q9HC21,Q77M19,1
Q9UER7,P03324,1
Q53EU6,P03468,1
P02786,P69901,1
O95399,Q1K9G9,1
Q8IYB3,P03427,1
Q7Z434,P06927,1
M0R0H3,O56232,1
Q71UM5,P06460,1
O14681,P29991-PRO_0000037940,1
Q6PML9,YP_009227200,1
Q9UJ37,P06930,1
P27824,P06927,1
Q12959,P36799,1
Q92966,P03496,1
Q969R5,P03129,1
Q86YV9,P06821,1
Q9ULG6,P69901,1
P26599,P15659,1
Q9Y4E8,Q32ZE1-PRO_0000435842,1
Q12797,P06792,1
P05455,NP_751927,1
P57772,P36817,1
P49406,P03496,1
Q10589,P69699,1
Q00403,Q69027,1
P0DP23,P15682,1
Q9BXY0,YP_009227196,1
Q14746,Q20MH8,1
Q9NVN8,B4URF7,1
E9PDI4,P24835,1
Q96EZ8,P10224,1
Q6NZI2,P03225,1
Q9BWF3,B4URF7,1
Q9UMY1,P27958-PRO_0000037566,1
P20042,P03470,1
P09486,P0CK56,1
Q15427,P05777,1
O95816,P03431,1
P46781,Q1K9H5,1
F5H669,P03431,1
Q9H1P3,YP_009227196,1
P23528,P05780,1
P19525,P27958-PRO_0000037576,1
Q8TED0,P03428,1
Q9NRZ9,YP_009227199,1
Q03169,P06821,1
P14770,P10204,1
P48060,P69901,1
P48741,Q84940,1
Q8WUG5,P06460,1
P08238,P04487,1
P08631,Q9WNA9,1
Q00839,P03427,1
O95816,YP_009227198,1
Q8NC60,Q76RH4,1
P13056,P10205,1
Q8N5C6,P05777,1
P27824,P0C739,1
Q9UMR2,P15059,1
P34931,P90489,1
P17096,P15682,1
P81172,NP_751926,1
P18859,Q2MG95,1
P49736,P03466,1
P62917,Q77M19,1
Q14444,YP_009227205,1
P55010,YP_009227199,1
Q12906,P03430,1
A0A087WUS5,NP_040311,1
Q9UN86,P03470,1
O95967,P0CK56,1
P30101,P06921,1
Q8WVP7,P0DOE9,1
Q12805,P04578-PRO_0000038427,1
P82914,Q82506,1
F8W9E7,P06465,1
A0AV96,P03431,1
Q13617,P05888,1
P54886,Q1K9H5,1
Q2PZI1,YP_009227203,1
Q8NHL6,M0QTU7,1
Q96CT7,P03466,1
Q15326,P03230,1
P62851,P06464,1
Q96N66,P03182,1
Q9NY65,P04620,1
Q9Y679,P0DOE9,1
Q9BZK7,P12504,1
Q9NY99,P06463,1
P20226,Q77UU1,1
Q8N5F7,P03410,1
Q9Y2X3,P03452,1
O95831,P17389,1
Q9UBQ5,P36801,1
P56545,O40945,1
Q9HDC9,P06428,1
P62140,P29991-PRO_0000037936,1
Q12983,P03466,1
P02760,P69616,1
Q9Y5A9,P17388,1
O00483,P0CK58,1
P47895,P06428,1
P83881,P19712-PRO_0000038050,1
O75569,P03485,1
Q04837,YP_009227202,1
P63279,Q04360,1
Q9BRH9,P06422,1
Q14118,P06428,1
P27824,NP_751920,1
Q96DT0,P03470,1
P00414,Q69027,1
Q9BVC6,P12792,1
P62841,P05777,1
Q9NR55,E7DBL9,1
Q16864,YP_009227200,1
P04080,YP_009227200,1
Q8IZ63,P10201,1
P29590,P03243-1,1
Q9NS93,Q8JSN5,1
P13489,B8ZX49,1
Q96CS3,Q77M19,1
Q14439,P06460,1
Q9UMS5,P69901,1
P47914,Q8JSN8,1
Q9H8Y5,Q9Q2G4,1
Q16630,YP_009227196,1
P45880,P03470,1
B0QYN7,P03129,1
Q96A33,P29990-PRO_0000037929,1
P27824,P69901,1
Q9BTT0,P04620,1
Q8NEY4,P10191,1
Q9H4K1,P0C206,1
P50416,P0C739,1
Q07666,Q76S40,1
P82932,P03496,1
P04406,P06427,1
P57682,P27958-PRO_0000037566,1
Q12874,P04620,1
P22061,P04487,1
O95639-1,P03495,1
Q9BTE3,P17387,1
Q8NC42,P0CK58,1
P49715,P03122,1
Q9Y6E2,P29990-PRO_0000037929,1
Q15363,P04618,1
Q9ULX6,Q8AZK7,1
Q9H204,P03255,1
Q9Y5V3,Q9WMX2-PRO_0000037552,1
P05408,P06477,1
P40939,P69723,1
Q9NYY8,P05780,1
P33897,Q2MG95,1
A6NHL2,P29990-PRO_0000037929,1
Q96GC9,YP_009227201,1
O15525,P0C746,1
P51572,P17385,1
Q96FN5,P10209,1
P41182,Q6VGT1,1
Q96CN9,P03410,1
Q96SF2,P08563-PRO_0000041304,1
P19338,Q20MD0,1
P46779,P04487,1
Q9Y4E8,YP_009227199,1
P35659,P15682,1
P13797,Q1K9H5,1
P22736,Q9WMX2-PRO_0000037552,1
P25787,P06422,1
Q15029,P15682,1
P08708,Q82506,1
E9PIE4,P03452,1
Q96T37,P03431,1
P53801,P06461,1
Q9NVC6,P0DOE9,1
Q9HCN8,P03468,1
P54652,Q32ZE1-PRO_0000435838,1
O60488,P03468,1
Q96PK6,P09992,1
P46781,P03454,1
Q09019,P17382,1
O15162,P04578-PRO_0000038428,1
P04792,P29991-PRO_0000308465,1
P49848,P03209,1
Q9Y2G8,P0CK58,1
P31943,P15659,1
P46783,P05780,1
P51570,Q1I2B2,1
Q8N287,Q9QLP4,1
Q9UBB4,Q05323,1
Q96LA8,F5HE15,1
P49810,Q05320,1
O96011,YP_009227201,1
P11586,P06821,1
P12004,B4URE7,1
Q13829,E7BBT6,1
Q63ZY3,P03177,1
P09936,YP_009227201,1
P23246,YP_009227196,1
Q12906,O92551,1
P61769,Q9WMX2-PRO_0000037548,1
Q96A65,P04601,1
Q99729,Q805H7,1
P30101,P04015,1
P09651,P15659,1
P08567,P06477,1
Q99436,P03470,1
O75569,YP_009227196,1
Q08AM6,P17385,1
Q96JJ7,P03468,1
Q16659,P12504,1
P68363,Q99IB8-PRO_0000045596,1
Q659C4,P29991-PRO_0000037936,1
Q9BVK6,P03468,1
P27824,Q786F3,1
Q5RI15,P06460,1
P51665,P03126,1
P00846,P17385,1
P21980,P06788,1
P37802,YP_009227205,1
P53985,P29990-PRO_0000037929,1
O00165,Q5EP37,1
P61289,Q9WMX2-PRO_0000037548,1
Q9BZE9,P08563-PRO_0000041302,1
Q01650,P09992,1
Q3KQU3,Q2MG95,1
P07355,P05777,1
Q9H8M2,Q66479-PRO_0000039497,1
Q9Y6X8,P06428,1
P26038,P15682,1
P60866,P03454,1
K7ES69,P06821,1
P17858,Q20MH8,1
P22234,P03496,1
Q7Z417,P15682,1
Q8TEY7,P03129,1
Q9P1Q0,Q8JPQ9,1
EBI-7555615,Q9WNA9,1
P24557,Q9WMX2-PRO_0000037548,1
P62834,Q32ZE1-PRO_0000435839,1
Q9ULG6,Q20MH8,1
O96008,P05780,1
P26599,P03430,1
Q96N66,P0CK58,1
P16435,YP_009227200,1
Q13895,P06932,1
Q9Y394,YP_009227201,1
O00303,P03129,1
Q86U28,P06465,1
Q9Y3L5,P06428,1
P07900,P12977,1
P49411,P05777,1
P28300,A0A0C7TUY8,1
Q9BQ67,P03430,1
Q969Z0,P36801,1
Q08J23,YP_009227196,1
Q12904,Q20MH8,1
Q9HCN4,Q20MH8,1
Q92599,C5E524,1
P33992,P03433,1
P40616,P0CK56,1
P16403,Q89733,1
P19367,B4URF7,1
O14732,P05780,1
P36542,P06792,1
P17612,P17383,1
Q99460,YP_009227197,1
Q9UBS4,P05777,1
Q58DX5,P03225,1
Q96DZ1-1,Q99IB8-PRO_0000045596,1
Q9BSL1,P88993,1
Q13561,Q0A2H1,1
Q9UNQ2,P03431,1
Q9BUF5,P03454,1
P56537,P15682,1
O95573,P06460,1
Q9NYL2,P0CK56,1
P50454,P05780,1
Q9BRT8-1,Q99IB8-PRO_0000045596,1
P05787,P14079,1
Q9Y265,P03431,1
P11021,P06463,1
P10909,P03468,1
Q9H4B7,Q99IB8-PRO_0000045599,1
P25205,P05777,1
O00231,P03496,1
Q7Z4F1,K9UT94,1
P11166,P05780,1
P48556,P13285,1
Q9Y3I0,P15682,1
G3XA98,NP_803144,1
P61604,P03454,1
Q9UKT9,P10201,1
P07099,Q77M19,1
P31040,P17387,1
Q9UBU6,P06461,1
P10643,Q9WMX2-PRO_0000037547,1
O75477,P03185,1
P60866,P03430,1
Q8WUY1,P03468,1
Q9BZF1,YP_009227196,1
P12814,NP_705926,1
P13667,P24830,1
O95166,P06428,1
O75431,O36551,1
Q14BN4,Q99IB8-PRO_0000045599,1
Q96FX7,D0UZP9,1
Q9BT78,P17383,1
P62937,Q99IB8-PRO_0000045602,1
B4DLN1,P03496,1
P06239,P22575,1
Q9BUQ8,P88987,1
P12814,P05777,1
P61962,C5E519,1
P13639,P03454,1
O15304,P03129,1
Q9Y4W6,Q77M19,1
Q9Y4K3,Q66677,1
Q9Y282,K9UT94,1
P43487,Q77M19,1
P68104,P36827,1
Q7KZN9,P06792,1
O60502,P06464,1
O14909,P06463,1
Q15363,YP_009227200,1
Q29983,P29996,1
P49368,Q99IB8-PRO_0000045596,1
O60262,P10224,1
Q96FQ6,P06927,1
B4E022,P03428,1
Q96MV1,YP_009227203,1
Q15629,P06461,1
Q01650,P69901,1
Q96GC9,YP_009227204,1
P62753,P06428,1
O43852,P29991-PRO_0000308465,1
P11940,P03454,1
P51617,I6T1Z2,1
P05787,P15682,1
P17535,Q7LYY4,1
P60468,P69901,1
Q6ZPD9,YP_009227203,1
Q9Y5L0,P29991-PRO_0000037944,1
O95551,P36801,1
O15269,P13285,1
Q9Y6N5,P06821,1
Q8IWT0,P29991-PRO_0000308465,1
P09661,Q5EP28,1
Q52LJ0,YP_009227198,1
Q96AG4,Q99IB8-PRO_0000045592,1
Q8N6Y0,P06827,1
O60238,P03247,1
P06748,YP_009227196,1
P51911,P03177,1
Q8N490,Q77M19,1
Q9Y676,P03431,1
Q99729,P21605,1
O14929,YP_009227203,1
P01857,P0C1C6,1
P60660,P15659,1
Q9Y2Q9,P04618,1
O43561,P03087,1
P21964,P03452,1
O43865,P04608,1
O00400,YP_009227203,1
Q07955,P36780,1
P35527,P03430,1
P51659,P03508,1
Q9Y244,P06422,1
P68400,Q6SW29,1
P30153,B8ZX49,1
Q8TAE8,P03107,1
P49207,P04487,1
Q13278,EBI-6857440,1
Q9BUJ2,P03519,1
O00231,Q8JSN5,1
Q9UHD4,P27958-PRO_0000037572,1
P62280,P05777,1
P19338,Q89733,1
O75829,P29996,1
Q9H936,P69901,1
Q92985,P06930,1
P43243,P15682,1
Q15717,Q6QDQ4,1
Q99459,YP_009227196,1
P01889,P03452,1
Q9BWG6,P06428,1
P16070,P03182,1
P14314,P03452,1
Q9Y3D9,C5E522,1
Q8WVP7,YP_009227203,1
P63244,Q6QDQ4,1
P35637,P03454,1
Q9NUD5,P17388,1
Q99460,P0CK56,1
P62854,P03427,1
O43264,P06821,1
Q96MW5,Q2PJP1,1
Q9BWM7,P06461,1
Q08J23,P15682,1
Q9NY25,NP_739583,1
Q52LJ0,YP_009227205,1
Q9Y5V3,I6T1Z2,1
Q99832,Q77M19,1
O43776,P04620,1
O00483,P03070,1
Q13112,P04578,1
P14678,P03496,1
O43765,Q9WB91,1
P13674,C5E527,1
Q9UJC3,P06821,1
B4DR61,P06428,1
Q9Y5P8,P27958-PRO_0000037566,1
Q6NZI2,P03496,1
O94762,Q98140,1
O60563,A0A288CFT1,1
P08195,P03468,1
Q8TEY7,YP_009227196,1
Q9BZE4,Q05127,1
P26599,P03427,1
Q9BYC8,P29991-PRO_0000037936,1
P13798,E5LBS6,1
Q9BT25,YP_009227202,1
P02786,Q77M19,1
Q86UL3,YP_009227203,1
P37837,P03129,1
P04792,P03120,1
F8VSC5,P03428,1
P11021,O09720,1
O95707,YP_009227196,1
O15523,P03454,1
P25398,P03430,1
Q9C005,P03431,1
P02545,P15659,1
Q96FE7,P03087,1
A1L0T0,P29996,1
P17096,P03427,1
P24539,P29991-PRO_0000037944,1
O43143,P03470,1
Q9Y6K9,P10230,1
P22492,P24772,1
Q9C0F1,P04020,1
P37108,YP_009227196,1
Q9UBD0,Q9WMX2-PRO_0000037548,1
P17936,P03129,1
Q99942,P17385,1
J3KR72,P03122,1
P82675,P03508,1
P15311,P06465,1
Q9HC07,P29990-PRO_0000037929,1
P57088,P29990-PRO_0000037929,1
P63279,P03496,1
O43291,P36801,1
P39656,P06460,1
Q9Y4K3,P68467,1
P62079,P03087,1
Q9Y2G8,YP_009227200,1
P62072,A0A024B7W1-PRO_0000443029,1
Q14651,NP_705926,1
O43264,P0C739,1
P07900,P03454,1
P19387,P03431,1
Q06830,P15659,1
Q8IWB1,YP_009227200,1
Q9H0X9,Q8JSN5,1
Q02878,P03454,1
P21589,P06428,1
Q8N9N5,Q1K9E3,1
Q96HV5,P29996,1
P20674,P04578-PRO_0000038428,1
Q9NQ55,P04620,1
P35527,P15682,1
Q92629,P06461,1
Q71UM5,P0CK49,1
O96006,P03197,1
P62888,P03454,1
Q8WWY3,P06790,1
P63208-1,Q99IB8-PRO_0000045596,1
Q70UQ0,P0CK56,1
P05783,P03470,1
P02786,P0C739,1
P07910,A6H4P0,1
O75915,YP_009227200,1
O95989,P10204,1
P27348,Q997F2,1
Q96LA8,P04608,1
P82912,P03431,1
P21673,P04288,1
P56134,P03428,1
Q9Y5V3,P12504,1
Q8WVM8,YP_009227196,1
Q07021,P06921,1
P32969,P03454,1
Q9BPW8,P06427,1
Q99623,Q77M19,1
P17655,Q1K9H5,1
Q9Y5V3,P03452,1
A0A0U1RRM4,NP_739588,1
P84090,P15682,1
Q92556-1,EBI-7355238,1
P43355,P10219,1
Q9NQ31,P06427,1
Q9UBM7,C5E519,1
Q13257,Q77M19,1
Q9Y6C9,Q2MG95,1
Q12797,P03182,1
Q969X2,P06929,1
P02786,P03468,1
P10644,AP_000107,1
Q13561,P29991-PRO_0000308465,1
Q9BQA1,P05777,1
Q12805,P0C706,1
Q9H845,C5E526,1
P78396,P03129,1
P39687,P04620,1
Q13501,Q89933,1
Q9HAV0,P03496,1
Q63ZY3,P17389,1
P05556,P04578,1
Q9NZM5,A0A024B7W1-PRO_0000443019,1
Q9HCN8,Q77M19,1
P18077,P03427,1
Q8WWP7,P03454,1
P09668,P24835,1
P15151,P0C739,1
Q8NC51,P05780,1
O95715,P34015,1
P20700,P68710,1
Q9Y6C9,P03177,1
O95831,Q77M19,1
Q9NXE4,YP_009227200,1
Q15365,C5E519,1
P47897,Q8AZK7,1
Q96SI9,NP_751922,1
Q53H12,P06460,1
Q9H074,P89653,1
Q9H269,YP_009227197,1
P84103,P05777,1
O43294,Q69117,1
Q13243,P17383,1
P63151,P05777,1
P35613,P29990-PRO_0000037934,1
P62263,P03430,1
P67812,YP_009227204,1
O00327,Q8JSN8,1
Q15427,P10231,1
P31749,Q83730,1
P22307,Q99IB8-PRO_0000045599,1
Q99623,P04578-PRO_0000038428,1
P98175,P15659,1
P33993,P15682,1
P0C0S8,Q89733,1
Q13200,Q20MH0,1
P37108,P15659,1
P56545,P04494,1
P61247,P15659,1
P05386,P03470,1
Q9NTJ5,P03246,1
P39748,YP_009227196,1
O75521,P17386,1
Q8WUF5,Q6VGT1,1
Q969X5,P36817,1
Q9GZM5,P06792,1
O43684,P03470,1
P19404,P29991-PRO_0000037944,1
P35610,YP_009227201,1
P22090,Q99IB8-PRO_0000045600,1
Q8N5Z5,Q98143,1
Q9Y3D5,P03496,1
Q9H2V7,P0C739,1
O14949,O36551,1
P50616,P06921,1
Q9BQB6,P03246,1
Q14197,P03466,1
Q9UL46,P13285,1
Q8WVM0,P15682,1
P62805,P68466,1
O60645,YP_009227204,1
P62993,Q81870,1
O60684,P03070,1
Q9UBV2,P17382,1
Q8NBX0,Q2PRM9,1
Q99848,P17383,1
Q9Y3D3,Q99IB8-PRO_0000045592,1
P49368,P21698,1
Q99624,Q76R62,1
P11021,Q9WMX2-PRO_0000037551,1
O15533,P03246,1
P20645,P06428,1
Q9Y244,P36780,1
Q13573,P03129,1
P03905,P06430,1
Q9BZF2,Q76RG8,1
O43242,P05780,1
P60953,P06821,1
Q9Y2V7,P06428,1
P49069,YP_009227203,1
P11279,P13285,1
Q92831,P03129,1
O94826,YP_009227203,1
O96005,Q2MG95,1
P40227,P06462,1
P78362,P03470,1
Q13823,P17383,1
Q9Y2R5,Q1K9H2,1
Q06210,Q2MG95,1
Q9C086,P14079,1
O94905,P06821,1
Q13509,P03496,1
P39656,P69901,1
Q13765,P03470,1
P62333,P03452,1
Q13227,P06428,1
O95782,YP_009227196,1
Q03518,YP_009227203,1
Q9BXD5,P03493,1
P35606,P29990-PRO_0000037929,1
Q5J8M3,P17385,1
P06239,Q90VU7,1
ENSG00000145386,P03255,1
Q9Y5M8,P06792,1
O94763,Q98140,1
Q02878,P06428,1
P62280,O56264,1
Q9Y295,P03470,1
O43402,YP_009227204,1
P51617,C5E519,1
Q99653,P0C739,1
Q86UL3,P06460,1
O14744,P15659,1
P82650,P03427,1
P13489,P06428,1
Q8WY36,Q76RH4,1
Q9Y230,P03225,1
Q92934,P17361,1
O60337,YP_009227200,1
Q9BYD1,I6TAH8,1
O43809,P03470,1
O60716,P03182,1
P34931,Q77M19,1
Q92597,P27958-PRO_0000037576,1
Q9Y6N5,P03209,1
O95757,Q2PRM9,1
Q9UBD5,P36780,1
P61011,P19712-PRO_0000038050,1
Q12996,P03428,1
P11940,P14335-PRO_0000037710,1
Q15012,P0CK58,1
O75718,P04578,1
Q16611,P03185,1
P05455,Q99IB8-PRO_0000045599,1
P55058,B4URF7,1
Q99500,K9UT94,1
Q12805,P17388,1
P35637,P05777,1
Q9UNS2,P12520,1
O15234,P15682,1
P52597,P04487,1
P04234,P04578,1
P04264,P03430,1
Q9Y3D9,Q05323,1
Q13616,P03129,1
Q9Y3F4,P05780,1
Q13200,YP_009227197,1
P18621,Q20MH0,1
Q8WWC4,Q77M19,1
P30048,P03470,1
O00264,P0CK58,1
P04406,P04487,1
P48556,P03126,1
Q13123,Q8JSN6,1
Q9UID3,P12792,1
Q9UBF2,P06821,1
O95817,Q2PRM9,1
P61457,Q8JSN5,1
P07437,P36313,1
Q9H330,P03427,1
H3BN98,P03468,1
P60709,P24835,1
P11021,P06423,1
Q6PML9,YP_009227203,1
A0A2R8YG02,Q89268,1
P11387,P03470,1
P30411,P06460,1
Q9NR12,P06430,1
Q9NVI7,P03427,1
O00422,A0A024B7W1-PRO_0000443032,1
Q96D09,Q3KSQ2,1
P55036,P03430,1
P42166,P03182,1
Q96S52,P06927,1
O43759,P06792,1
P50502,YP_009227200,1
P62508,Q1HVG4,1
Q9Y2G8,P10224,1
Q7Z5P4,P29996,1
Q13148,P15682,1
P0DMV8,P03430,1
O75841,P29996,1
P12004,Q05322,1
Q92598,P03427,1
Q99623,P03427,1
P30038,O56232,1
Q9NTJ5,Q77M19,1
Q7Z6M1,F5H9K4,1
P0DP23,Q05322,1
P03905,P36801,1
Q95604,P04578,1
Q86Y56,P05780,1
Q9NZL4,YP_009227201,1
Q9NW15,YP_009227204,1
Q9BVC6,P04578,1
P06576,P03454,1
Q14697,C5E527,1
P17252,P04591,1
Q9UDY4,P0CK58,1
P21796,P04578,1
P62917,Q20MH0,1
Q8WUV3,YP_009227196,1
Q71RC2,P17383,1
Q07065,P03454,1
Q92945,P03470,1
Q9Y6A4,P15659,1
Q5BJH7,P06460,1
P05556,P06927,1
Q9BUA3,P03454,1
P82663,P29991-PRO_0000037936,1
Q96EY1,P03427,1
Q8N448,P03433,1
Q3KQU3,I6T1Z2,1
Q9NYK5,P29991-PRO_0000037936,1
Q8IUQ4,NP_803144,1
P05198,P03470,1
O15305,Q77UU1,1
P27694,P17382,1
P62847,P03427,1
O43390,P04487,1
Q13247,P03470,1
Q14103,P21605,1
O75477,P0C6Z1,1
Q96KP1,Q20MH8,1
Q9Y3D3,I6TAH8,1
Q10567,P04324,1
Q9H3N1,Q77M19,1
Q15369,B8ZX42,1
P50990,YP_009227199,1
P23141,H9XIJ5,1
Q6PI48,P03427,1
P62750,Q20MH0,1
Q92504,Q1K9H5,1
P55327,P06930,1
P42167,Q99IB8-PRO_0000045600,1
P63151,P03430,1
P07355,P04591,1
O43292,P06460,1
P47869,P06932,1
Q07065,P17385,1
Q99832,P09992,1
Q9H0E2,P0CK58,1
A0A087WXK8,P06930,1
O00743,P0DOE9,1
Q9NP81,P06464,1
Q9BRK5,P04578,1
Q9Y2X3,P17388,1
Q6P1A2,YP_009227203,1
Q86Y56,P17385,1
P06400,B8ZX42,1
Q99460,P03126,1
P62913,P36801,1
P23284,NP_751928,1
P37108,I6TAH8,1
Q8WUV3,YP_009227202,1
Q6UX53,Q9WMX2-PRO_0000037550,1
Q99613,Q9J0X9,1
P13984,Q9DUG7,1
Q8ND90,P10218,1
Q86VY9,P0CK58,1
Q3ZCQ8,P03470,1
Q9BRJ2,P03466,1
Q8NBS9,P03129,1
P49761,YP_009227205,1
Q14697-1,Q99IB8-PRO_0000045596,1
Q15326,P12978,1
Q5VTJ3,Q1K9G9,1
Q9Y570,P36780,1
Q16594,P04020,1
Q92979,YP_009227196,1
Q8IYS2,P04578-PRO_0000038428,1
O43615,P05777,1
Q7Z4Q2,YP_009227199,1
Q9UBV2,P03468,1
Q9GZV8,P32888,1
Q53F19,YP_009227205,1
P78543,Q8JSN5,1
Q96QE5,P06790,1
Q9H082,P06428,1
Q9Y4E8,YP_009227204,1
Q86UK7,P03129,1
Q16630,P15682,1
Q7Z3Y8,B4URE7,1
P55209,Q20MH0,1
P25963,P14340-PRO_0000037965,1
P0CAP1,Q8JSN5,1
P40227,P06428,1
Q15293,Q89268,1
Q13586,P03220,1
P04843,P04578,1
Q14533,P03118,1
P31943,P03430,1
Q9BS26,P06930,1
B0QYN7,Q20MD0,1
Q15369-1,P12504,1
Q8TAA9,YP_009227196,1
Q92665,P03508,1
Q99755,P17387,1
Q96FX8,P29996,1
Q9UG63,P03452,1
Q9H6Y7,P0C739,1
Q9BQB6,P06927,1
P14373,Q9WMX2-PRO_0000037547,1
Q9H6H4,YP_009227203,1
Q92187,Q80HW9,1
Q13347,P03454,1
O60884,P69723,1
P30101,P04578,1
Q9NQ50,Q1K9H2,1
Q71DI3,P04487,1
B4E3T4,P03428,1
P02749,Q76R62,1
Q9Y3C5,P0CK58,1
Q9H0U3,P03470,1
Q01094,P03129,1
Q9UHX1,P29991-PRO_0000037936,1
P19388,P06788,1
Q8N2K0,A0A024B7W1-PRO_0000443029,1
Q9BUJ2,P19712-PRO_0000038050,1
Q05BQ5,P23372,1
Q12933,P06430,1
Q92945,P12792,1
Q5JNZ5,P03466,1
P30101,P06927,1
Q9Y5M8,P06927,1
O75475,P03470,1
Q15773,Q5EP37,1
Q9NUN5,Q32ZE1-PRO_0000435839,1
O94901,P06461,1
P37108,P03430,1
Q9H270,P06428,1
P53618,P03431,1
O75352,P29990-PRO_0000037929,1
Q9Y230,Q2MG95,1
P54886,P03452,1
P07355,P06930,1
Q53H12,I6T1Z2,1
P98066,P10230,1
Q9Y672,YP_009227204,1
P45973,P17387,1
Q5JTZ9,Q20MH8,1
O96008,A0A024B7W1-PRO_0000443029,1
Q9UHY1,P03118,1
Q15853,P17387,1
P22626,Q6QDQ4,1
Q96HA8,P06430,1
Q16621,Q9WMX2-PRO_0000037551,1
Q13200,P03468,1
Q9UDY4,Q2MG95,1
Q9UHD8,P0CK48,1
P42766,YP_009227197,1
P50454,P03427,1
P12814,P03508,1
P43405,Q1HVJ2,1
P62424,P05777,1
P40227,P03470,1
O15446,Q05127,1
Q8IWA5,P06428,1
Q9Y6N5,P03496,1
Q969E2,P0C739,1
Q03519,YP_009227204,1
Q16394,P06477,1
P62753,Q20MH0,1
P37802,P05777,1
Q92882,Q9WNA9,1
P39023,P04620,1
P68363,P03470,1
P38117,NP_751919,1
P62424,Q0HD54,1
Q12959,P30910,1
O43818,Q05127,1
P49321-1,P88993,1
P37198,P05780,1
P62308,P03470,1
Q96RP9,P03508,1
O95182,Q32ZE1-PRO_0000435839,1
Q9BT67,K9UT94,1
Q96AG4,P05777,1
Q8N9N5,Q1HVG4,1
Q5T160,P06788,1
P63167,Q69022,1
Q08945,B4URF7,1
Q96EB6,P04608,1
O00459,O92551,1
A0A0U1RRM6,P11158,1
P22492,A9YDK9,1
O15260,P04019,1
O00170,B8ZX49,1
Q9NP98,P23372,1
Q7L2H7,P04620,1
P39687,Q05322,1
P54709,Q77M19,1
Q9GZP9,Q77UU1,1
P13667,YP_009227204,1
A0A0A0MTI5,Q76R62,1
P38159,P03428,1
Q9NP66,Q8QMZ1,1
Q9UBM7,P17385,1
P07237,K9UT94,1
P09651,Q9WPI5,1
Q9Y2B5,Q9WMX2-PRO_0000037548,1
H3BN98,P03452,1
P21291,P05777,1
Q8NI36,YP_009227196,1
P15954,P36817,1
Q9BQA1,P03433,1
P31948,YP_009227203,1
Q13099,Q99IB8-PRO_0000045602,1
Q02809,Q76353,1
Q6NSJ2,P17387,1
O95782,P36817,1
Q9BYJ9,P03470,1
O75915,YP_009227201,1
P60660,P03496,1
Q8IY81,YP_009227205,1
Q14164,P27958-PRO_0000037572,1
Q96N66,O36551,1
Q9H074,Q98143,1
P39656,P0C739,1
P19320,P03427,1
O75494,P03496,1
H3BLV9,NP_040314,1
Q5VTE0,P03427,1
P07237,P04578,1
Q6NW34,YP_009227196,1
P19404,A0A024B7W1-PRO_0000443029,1
O95816,YP_009227199,1
P62805,P03454,1
P51149,P29991-PRO_0000037944,1
P35908,P03470,1
Q9NVJ2,P05777,1
Q9Y394,YP_009227198,1
Q13323,P03246,1
Q16880,YP_009227201,1
Q9Y2W2,YP_009227196,1
P08195,P06460,1
Q13287,P06423,1
P08949,P29996,1
O95793,P06461,1
P36578,P15682,1
P46777,P03427,1
Q14739,Q9WMX2-PRO_0000037541,1
Q6ZRP7,P03452,1
O00487,P03126,1
Q9HA82,YP_009227203,1
O00571,P03470,1
O00635,P03070,1
Q9NVI7,P03496,1
Q96DH6,P03431,1
P52294,Q77DB4,1
Q9BWG6,P10204,1
P36578,P04487,1
P02794,Q2Q067,1
P48960,P06428,1
Q16600,P27958-PRO_0000037566,1
Q15046,A0A288CFT1,1
P27797,P88970,1
O95273,P0C763,1
P62333,Q2MG95,1
P42224,P27958-PRO_0000037576,1
A0A087WUW0,NP_803144,1
O94929,K9UT94,1
Q07065,YP_009227201,1
Q12797,P69901,1
P35548,P51519,1
Q14257,Q05322,1
Q04917,YP_009227204,1
Q01831,Q32ZE1-PRO_0000435829,1
P28066,P03452,1
P22061,Q8JPQ9,1
Q92546,P14079,1
P17302,P69901,1
P04843,Q6SVZ5,1
Q9BVC5,P04620,1
Q08334,Q9J4B7,1
Q8NFF5,Q9WMX2-PRO_0000037548,1
B0QY89,P36817,1
Q9Y230,P06463,1
P46779,P03211,1
P11802,P14079,1
P62333,P13285,1
O76024,YP_009227203,1
P63208,P03470,1
Q71UM5,Q05322,1
O43292,YP_009227203,1
Q9NVI7,P05780,1
O43521,P03495,1
P04259,P03470,1
Q53F19,P27958-PRO_0000037566,1
O00401,O92806,1
P52292,P19712-PRO_0000038050,1
P01130,P04578-PRO_0000038427,1
O95905,YP_009227205,1
P63165,P03116,1
P69892,P10204,1
Q9Y5V3,P0CK56,1
P39019,P05780,1
P37198,P0C206,1
P02649,P27958-PRO_0000037572,1
P13647,P36801,1
Q9H3P7,K9UT94,1
P09525,YP_009227205,1
Q9Y3U8,Q77M19,1
P54277,YP_009227205,1
P46109,Q20NX5,1
Q9NY27,Q9DUG7,1
P08240,P03225,1
P55209,P06422,1
P20339,NP_751926,1
P82675,P29991-PRO_0000037936,1
E9PDI4,P68466,1
P33992,P15682,1
P11166,P06927,1
Q9Y4W6,P29990-PRO_0000037929,1
Q9H171,YP_214057,1
O00178,YP_009227205,1
P31943,P03496,1
Q00536,P14075,1
Q9BRK4,P0CK48,1
Q9UKK6,Q82506,1
P60900,P13285,1
Q02543,P09992,1
P83881,P03470,1
P50914,P03454,1
Q9UL40,O92597,1
A6NDU8,P05780,1
Q573B4,P22575,1
Q92643,YP_009227203,1
Q16236,P06921,1
B0QYN7,P03496,1
P98179,P05777,1
P21964,P12520,1
Q9NPA8,P03259,1
Q05048,I6T1Z2,1
P08195,Q77M19,1
O95292,Q99IB8-PRO_0000045603,1
P24311,Q32ZE1-PRO_0000435839,1
P55209,P36778,1
Q9NZD2,Q77M19,1
Q6PI48,P29991-PRO_0000308279,1
Q99439,P0CK48,1
Q8IWX8,P36780,1
Q12797,P03428,1
P07197,Q9WMX2-PRO_0000037548,1
P62891,P03211,1
Q9UJV9,YP_009227205,1
O00161,K9UT94,1
Q8N4L2,P0CK56,1
Q6NUQ1,P29882,1
Q8NEZ5,P03118,1
P48643,YP_009227199,1
O00264,C5E519,1
Q13829,P06430,1
Q71UM5,P36313,1
Q16891,P03470,1
Q12805,Q8JSN5,1
P48729,YP_009227205,1
Q3ZCQ8,Q8JPQ9,1
Q96EY1-1,P06464,1
P43686,P05777,1
O43852,P03508,1
A0A158RFT9,P29996,1
P02649,P27958-PRO_0000037576,1
Q9BV68,Q2MG95,1
Q13283,P03427,1
Q8TBC4,Q9WMX2-PRO_0000037548,1
Q14439,P06792,1
Q9Y224,Q9WMX2-PRO_0000037541,1
Q7Z6J0,P03129,1
O15379,P17387,1
Q6IAN0,P0DOE9,1
Q9Y4P3,P69901,1
P62820,YP_009227197,1
Q15645,P03114,1
Q14790,Q98325,1
Q96BJ3,P03129,1
Q9NXS2,P03485,1
P07384,P03220,1
Q15629,Q9WMX2-PRO_0000037541,1
Q9BS26,Q77M19,1
Q6P996,P0CK56,1
Q9UHC7,Q2MG95,1
E5RHT6,P06821,1
O15131,B4URF7,1
O14602,YP_009227202,1
O14920,Q76RF1,1
Q9NS73,P06430,1
P37198,E5LBS6,1
Q5C9Z4,C5E519,1
P52292,YP_009227205,1
Q9H974,B4URF7,1
P51148,P03468,1
Q53GQ0,B4URE7,1
Q12981,YP_009227198,1
Q9H6D7,P29991-PRO_0000037944,1
Q9NV96,Q69117,1
Q99719,P03087,1
P07437,P23057,1
Q1KMD3,P17388,1
Q15629,P06792,1
P11177,P03452,1
Q96EC8,Q9WMX2-PRO_0000037550,1
P60709,P06463,1
O00478,YP_009227196,1
P49458,Q2PRM9,1
P07910,NP_739584,1
P35232,Q05320,1
P03897,P06428,1
P38435,P0CK56,1
P15336,E7DBL9,1
O14653,A0A024B7W1-PRO_0000443029,1
Q9HBE1-1,P03105,1
Q8N128,YP_009227196,1
P55010,P06428,1
P07355,P03430,1
P06028,P10204,1
P62277,P19712-PRO_0000038050,1
O60832,I6TAH8,1
Q9BV38,P03428,1
A6NI56,P03427,1
Q6Q0C0,P03427,1
P30048,P05777,1
P43686,B8ZX49,1
E9PNW8,P03496,1
P46781,P15682,1
P48047,P03468,1
Q2T9J0,Q76353,1
Q8TB61,P29990-PRO_0000037929,1
Q02878,P05780,1
O95167,A0A024B7W1-PRO_0000443029,1
P17987,Q99IB8-PRO_0000045596,1
Q9H4G4,P03070,1
Q9NSY0,P03427,1
Q99497,P03070,1
P50402,Q2MG96,1
P01889,B4URF7,1
P29992,P10191,1
P82664,YP_009227196,1
P15880,P04487,1
P49023,P0CK56,1
P09543,P06464,1
Q9GZV4,P03496,1
P14373,P03495,1
Q9P0J7,P03430,1
O00232,P03470,1
Q9Y5W7,P69901,1
Q9Y6M1,P03211,1
P62988,Q8AZK7,1
P28799,P04608,1
Q9Y6N5,P06463,1
P60604,P03452,1
P07196,P14079,1
Q12824-1,P03116,1
Q71U36,Q05127,1
Q9UGP8,P29991-PRO_0000037944,1
F5GXF0,NP_751923,1
Q9NYJ8,P03230,1
P28331,P29991-PRO_0000037944,1
P62805,P03427,1
Q13595,P03433,1
P61769,P06930,1
Q99595,P05780,1
Q14240,Q8JSN8,1
O60704,A0A024B7W1-PRO_0000443029,1
P08238,P15682,1
P62937,NP_579880,1
Q9Y3Z3,P15682,1
Q96QL0,P03427,1
Q6ZMU5,P06430,1
P19404,O36551,1
Q9Y2X9,Q1K9H5,1
O75400,P29991-PRO_0000037936,1
P28300,K9UT94,1
Q8NC51,P03430,1
P28070,B4URF7,1
Q9BRR8,A0A024B7W1-PRO_0000443032,1
P04156,P06427,1
P60900,Q2MG95,1
O15270,P06460,1
Q13616,Q6TVJ4,1
Q15370,A9YDK9,1
Q9BZG1,P06792,1
Q16629,P03470,1
Q8IUD2-4,P27958-PRO_0000037573,1
P43686,P69901,1
P23284,YP_009227204,1
P62277,P09992,1
O43427,O36551,1
Q9BVG3,P29991-PRO_0000037946,1
P61313,P03470,1
Q9BRX2,Q77M19,1
P50395,P05777,1
P07477,Q89733,1
P09651,P27958-PRO_0000037577,1
P0CAP2,H9XIJ5,1
Q8N2K0,Q8AZJ3,1
Q02978,P05780,1
P04198,P03126,1
P31689,P69723,1
P12236,Q9WPI5,1
P25786,P30119,1
Q9NZL4,P06477,1
O14579,P0C739,1
Q86TG7,Q99IB8-PRO_0000045597,1
Q9UGP8,P0CK49,1
Q9Y265,P03428,1
Q96EY1,A0A2Z5X739,1
P57105,P10231,1
P27797,P03452,1
P28799,P0C736,1
Q9Y4L1,YP_009227197,1
P52294,Q9WMX2-PRO_0000037548,1
Q15459,YP_009227200,1
P00742,P03281,1
P62701,P03430,1
Q6ZNB6,YP_009227197,1
P99999,P06429,1
Q9H0S4,P03430,1
Q9Y5J1,P17383,1
P03973,P06428,1
P62753,P03454,1
P17568,P29991-PRO_0000037944,1
O60725,P03468,1
P43686,P15659,1
Q8TBM8,P06461,1
O60506,P15682,1
P28799,Q20MH8,1
Q16594,P05780,1
P21796,P05780,1
Q13158,P03126,1
O19617,YP_009227196,1
P46782,P03427,1
P35250,A0A024B7W1-PRO_0000443019,1
Q99805,P06460,1
Q9UHD9,YP_009227204,1
Q96IX5,P05777,1
Q9P2X0,P05780,1
P28074,B4URF7,1
O94901,P04578,1
G3XA98,P03232,1
P63279,P03114,1
P10826-2,P03255,1
P55884,Q9J0X9,1
O95159,P06461,1
O00231,P04578,1
P14625,YP_009227197,1
P13987,Q778I9,1
P82664,P03508,1
Q96QG7,YP_009227201,1
Q15758,P69901,1
P06748,P03418,1
P62847,P04487,1
O75688,P0CK48,1
P00338,Q20MH8,1
O00629,P03433,1
P62805,P03470,1
O95786,F1BA48,1
Q9UHR5,P06429,1
P38435,Q20MH8,1
Q9NYY3,P06422,1
O00483,P69901,1
P00387,Q77M19,1
Q96LD1,Q8JSN5,1
P62861,P03508,1
Q9H1Y0,Q0A2H0,1
Q96P11,P29991-PRO_0000037946,1
P61247,P36827,1
P38159,P03466,1
Q8TAF3,P03114,1
Q99500,P06792,1
Q13148,P03129,1
P46977,P03246,1
P82930,P29991-PRO_0000037936,1
O95754,P03087,1
Q8N1F7,P03496,1
P56537,P03120,1
Q9UHB9,P0DOE9,1
Q9H4L4,P88968,1
Q96AJ9,P04578-PRO_0000038428,1
O75348,Q2PJP0,1
P13164,P88995,1
P60468,P03182,1
Q75N03,Q32ZE1-PRO_0000435842,1
P43355,Q8AZK7,1
Q8WUM4,O90156,1
Q0VAC0,P19712-PRO_0000038050,1
Q9NRY5,P06821,1
P82673,P03470,1
P62899,P03430,1
Q9NXX6,Q2PRM9,1
Q04323,P15659,1
P04083,P03470,1
Q9UDY4,P03431,1
P51617,C5E527,1
Q9Y221,A0A024B7W1-PRO_0000443019,1
Q8IW75,Q8JPQ9,1
E9PDV3,NP_803144,1
Q8ND90,P03428,1
Q16629,P03118,1
O75251,Q1K9H5,1
P18124,Q77M19,1
Q53GT1,YP_009227205,1
P10242,Q69022,1
Q9H8Y8,Q99IB8-PRO_0000045603,1
Q8N6M3,P06460,1
Q9HB07,P06430,1
P07307,P10227,1
P83731,P03427,1
Q96LT4,A0A024B7W1-PRO_0000443029,1
Q99941,P27958-PRO_0000037575,1
Q96G97,P69901,1
O75616,P03468,1
O95235,P06790,1
P82663,YP_009227196,1
Q14974,P03427,1
Q6P1M0,P03496,1
Q8NFH5,P89884,1
Q8N442,Q99IB8-PRO_0000045599,1
P01042,P29991-PRO_0000037946,1
Q6ZN17,O92597,1
P48509,P29996,1
P84103,P15659,1
Q96HY6,YP_009227196,1
Q86UA1,Q5EP28,1
Q68DS7,Q3KSU1,1
Q9NP72,P0CK49,1
A0A087WUS5,P06430,1
O43739,P10204,1
P06730,P15682,1
P78537,Q05127,1
Q86VI4,P03087,1
P51817,Q89268,1
P00338,P06930,1
P57738,O57263,1
P32969,P03129,1
P26374,YP_009227196,1
Q9Y399,P29991-PRO_0000037936,1
P30101,YP_009227197,1
Q9Y446,P03433,1
Q9Y6N5,P03182,1
P17844,P15682,1
Q3ZAQ7,YP_009227201,1
O00165,P0DOE9,1
Q9BQA1,P36801,1
Q9H6F5,YP_009227196,1
P18848,P06428,1
Q13287,P03118,1
Q96F45,Q20MH4,1
O60716,P0CK56,1
P32969,P05777,1
Q9NR31,Q99IB8-PRO_0000045597,1
O15173,B8ZX49,1
O95363,P03129,1
Q71U36,P36313,1
P07858,B8ZX49,1
Q9NUL7,B9VXK6,1
P62910,P03430,1
Q9BYG5,P03129,1
Q8IY26,P06792,1
Q96G03,YP_009227201,1
P25789,P13285,1
P35232,P06930,1
P62829,P03430,1
Q9H9B4,P03452,1
P06730,O73557,1
P35527,P05780,1
Q96K19,P06460,1
Q9UPY5,P06429,1
Q14684,C5E524,1
P00167,YP_009227196,1
Q32Q12,P03129,1
O00308,P36778,1
Q9BZ71,Q8AZJ3,1
O43505,P0DOE9,1
P62269,Q20MH0,1
Q86U42,D1LN35,1
P62277,P03454,1
P09012,P03430,1
P02786,P05777,1
Q9Y3E5,P03470,1
P82933,P03428,1
Q8IZ52,P06429,1
P04406,P0C1C6,1
O43889,P03428,1
Q9UHA4,P06428,1
Q5T5X7,YP_009227196,1
Q9Y3Z3,P05777,1
Q14103,Q5MJ03,1
Q7L1W4,YP_009227204,1
P10243,Q8JSN8,1
Q71U36,Q8JPQ9,1
Q05519,P29991-PRO_0000037946,1
O60291,P06427,1
Q92844,P03495,1
P62241,Q8AZK7,1
P09669,Q77M19,1
O15160,P15682,1
P62910,Q0HD54,1
P18074,F5HGH5,1
P19387,P05780,1
P22694,Q8AZJ3,1
P25024,P29996,1
Q96EK4,P06465,1
O14966,YP_009227196,1
P30825,P17385,1
Q9P035,P06927,1
P09234,Q1K9H2,1
Q99547,Q32ZE1-PRO_0000435829,1
Q9Y6I9,YP_009227203,1
Q01968,P21698,1
F8VZQ9,P24766,1
O95900,P03466,1
P27824,P03454,1
P31948,YP_009227201,1
Q92526,C5E527,1
P20226,Q6JGG5,1
O95786,P04543,1
P11021,Q8AZK7,1
P08240,P0CK49,1
P08238,P09992,1
P49821,YP_009227204,1
P07858,P03452,1
O94826,YP_009227197,1
O95967,Q69022,1
Q9NW82,YP_009227205,1
P56537,F5HBL8,1
Q8NFG4,Q9Q2G4,1
Q12874,Q9Q2G4,1
O95363,P06429,1
Q96G03,YP_009227197,1
P17844,P04618,1
P57775,Q69027,1
Q15038,P06429,1
Q96EE4,Q76SF8,1
Q9BUB7,P06429,1
O95831,P09992,1
P35520,P30119,1
P21796,P03470,1
Q9NWU5,Q5EP28,1
P62081,P03454,1
P07858,P0CK56,1
O60725,P03182,1
A0A0C4DG17,P06428,1
Q66K75,P03427,1
P57088,P06792,1
Q8WWH5,P03118,1
Q9Y6C9,P03209,1
P14314,P04578-PRO_0000038427,1
Q86TM6,O36551,1
Q92841,P15682,1
Q96DZ1,P17382,1
Q9Y394,P29996,1
O95429,YP_009227202,1
P67936,P15682,1
Q08830,NP_751926,1
Q9NZD8,Q85601,1
Q96BY9,P06927,1
Q01581,YP_009227201,1
Q9BV68,P17385,1
Q8IXJ6,YP_009227197,1
Q13619,P05780,1
P62805,Q997F2,1
Q9NRN7,P05780,1
P62244,P15659,1
P09543,P03220,1
P07305,P15682,1
Q9HA65,P0C739,1
Q15428,P04620,1
Q16637,P12520,1
P04818,P03470,1
O43823,P03431,1
A8MQB8,P03433,1
Q9UNS2,P17383,1
Q96TC7,YP_009227196,1
Q5JNZ5,Q5EP28,1
Q9C0E8,A0A024B7W1-PRO_0000443029,1
Q92597,P24835,1
Q5T0F9,P06429,1
O75489,P03468,1
P22626,P68318,1
Q9UHB9,P06790,1
Q9Y2X9,I6T1Z2,1
Q14847,P03470,1
P29033,P05780,1
Q92985,F5HCV3,1
A0A0B4J2C3,P06428,1
P09012,Q8AZK7,1
P62249,P05780,1
P05787,P03454,1
O60568,P04578,1
Q9BRH9,P36780,1
Q9BTY2,P29991-PRO_0000308279,1
Q14974,P03508,1
Q9NQZ6,P06481,1
P02795,P06788,1
Q8IVD9,YP_009227202,1
P32942,P06428,1
P02533,P03470,1
B7ZAQ6,YP_009227203,1
Q9UGP8,P69901,1
Q9Y2X9,P03428,1
O60759,Q58HT7-PRO_0000268116,1
O14807,P10204,1
P46783,P15659,1
Q9Y446,P03496,1
P38435,Q99IB8-PRO_0000045600,1
P41134,P06929,1
P0DMV8,Q20MH0,1
P50914,P05780,1
Q9BRX2,P05780,1
Q9H0U3,YP_009227200,1
Q9Y2Y4,P06788,1
P30519,P06792,1
Q9H9S5,P29991-PRO_0000037944,1
Q16649,Q9DGW5,1
P08887,Q2HRC7,1
P34932,P03431,1
P21964,P0C739,1
O94875-2,O41958,1
Q9BQB6,P0CK56,1
P25398,P05780,1
O15287,B2BTY8,1
Q9Y2Y4,Q80908,1
Q01085,P03433,1
Q9Y3D3,Q5EP28,1
Q00534,Q01043,1
P20226,Q77ZG5,1
Q9BXJ8,P06792,1
Q12959,A0A384KQ78,1
Q8IV08,P03182,1
Q9Y2S7,P36778,1
P12814,P0CK48,1
P56545,P10186,1
P34932,P03452,1
Q9Y2U8,YP_009227204,1
Q09328,Q76SF8,1
Q16540,Q1K9H2,1
P00390,YP_009227200,1
O75569,O56264,1
Q8TCJ2,P04578,1
Q9NUT2,A0A024B7W1-PRO_0000443029,1
P04264,P05777,1
P21964,P03225,1
O95251,YP_009227196,1
Q00325,P03470,1
Q5VV42,YP_009227203,1
O43175,Q77M19,1
P22736,Q69138,1
Q8N474,P06788,1
Q15365,P03470,1
Q07021,Q3KSS4,1
Q9H3N1,Q05320,1
Q8IV48,YP_009227196,1
Q8TCJ2,YP_009227204,1
B2RCM5,P0CK47,1
Q9NVI7,P15682,1
O94842,P36778,1
Q8TED1,P0C739,1
Q93062,P03220,1
Q6P4A7,P29990-PRO_0000037929,1
H0YMD1,P24835,1
P42224,P0C774,1
Q16555,P03508,1
O75688,P05777,1
P16401,P03430,1
P54646,P03129,1
P42766,P05777,1
P63279,P03243-1,1
P61026,P15682,1
Q8WTW3,P29991-PRO_0000037944,1
Q96DB9,P03087,1
Q16540,P29991-PRO_0000037936,1
Q5VSY0,P08393,1
Q15020,P29991-PRO_0000037946,1
Q6P2H3,Q32ZE1-PRO_0000435838,1
P49069,YP_009227200,1
P11021,P68466,1
O75530,YP_009227196,1
P08779,P06788,1
P84103,C5E527,1
P0DJI8,P06477,1
P60866,P03427,1
Q9NP64,Q1I2B2,1
A0A0U1RQC9,P03244,1
Q9NR12,P30119,1
Q9BUK6,P06930,1
Q9Y3D9,P17383,1
Q9UNK0,A0A024B7W1-PRO_0000443029,1
O94992,P15682,1
P48735,Q20MH8,1
O15287,Q67020,1
Q9P258,P29991-PRO_0000037946,1
Q99613,P06465,1
Q9HAV0,P05780,1
P54709,P29990-PRO_0000037929,1
Q92526,P29991-PRO_0000037940,1
O75477,P17389,1
P49765,P06428,1
Q00266,P05780,1
P18124,P03454,1
P25686,P03430,1
Q09028,Q77M19,1
Q7L5D6,YP_009227200,1
P07437,P04413,1
P17980,YP_009227203,1
Q07021,P04618,1
P06493,P17382,1
O00483,P30119,1
Q04206,Q4KRW3,1
P22692,P03220,1
P78310,P36711,1
P43356,Q20MC6,1
Q6P996,P0CK49,1
P00403,P06929,1
Q14240,P27958-PRO_0000037577,1
P36507,P24835,1
Q96NT0,YP_009227204,1
P68104,Q00335,1
Q92841,Q9J0X9,1
Q8NEZ5,P06790,1
P37108,Q1K9H2,1
P26641,P15682,1
I6L9F6,P14079,1
P08670,P14340-PRO_0000037966,1
P40227,Q20MH0,1
Q9P086,P06921,1
Q13595,P03466,1
Q14697,Q20MH8,1
Q5VTQ0,P03427,1
Q15125,Q32ZE1-PRO_0000435839,1
P47756,P03470,1
O15173,P06927,1
Q9UNE7,P03070,1
P33176,Q8JPQ9,1
P05067,P04578,1
Q7Z4Q2,YP_009227205,1
Q13438-1,Q99IB8-PRO_0000045596,1
O94906,P04620,1
P52434,P03470,1
Q03135,YP_009227196,1
Q01094,P04020,1
Q15007,Q05323,1
Q96EY7,P03508,1
Q8IWX8,P06465,1
P27105,Q32ZE1-PRO_0000435839,1
Q9NXF1,YP_009227196,1
Q8WWH5,P36817,1
Q96JC9,Q32ZE1-PRO_0000435842,1
Q8ND90,P29882,1
P05783,P15682,1
Q3ZCQ8,P17389,1
P62937,P05777,1
Q9Y6G3,P04618,1
Q01081,P03454,1
P17987,P03427,1
O15234,P04578-PRO_0000038427,1
Q8ND90,P0C763,1
Q8WVX9,P17386,1
Q7L1V2,Q9DH70,1
Q8TCT9,YP_009227201,1
P27986,P04601,1
P14136,Q9WMX2-PRO_0000037548,1
P79522,Q76RH4,1
O15269,Q2MG95,1
Q9Y5M8,Q2MG95,1
P08727,P14335-PRO_0000037710,1
P07858,Q2MG95,1
Q8NHQ9,P03470,1
P27694,B2BUF1,1
Q8NCN2,P03428,1
Q13546,YP_214057,1
P52292,P04012,1
Q5T1Q4,P36801,1
Q9NVA4,P06792,1
O15143,Q8JSN8,1
P62249,Q0HD54,1
P20042,Q805H7,1
P0CG48,H9XIJ5,1
O00170,Q69138,1
Q15005,P04578-PRO_0000038428,1
Q9Y3A6,P03087,1
Q99623,P03126,1
P19525,P04591-PRO_0000038596,1
B4DDG7,P03468,1
P52597,P03430,1
P84090,P03470,1
Q8TD10,P0C6Z1,1
Q9NYF3,P36780,1
Q9Y572,YP_214057,1
Q8NEJ0,P36801,1
Q9Y295,Q8JSN8,1
P53597,P29991-PRO_0000308465,1
Q12907,P04578-PRO_0000038428,1
P16278,P03081,1
Q12874,P06428,1
P33993,Q89268,1
P27449,P29996,1
Q9BUF5,P05780,1
O96008,Q76RG1,1
Q9UJS0,Q77M19,1
Q00765,YP_009227203,1
P56539,P0DOE7,1
P02538,P06921,1
O75907,Q99IB8-PRO_0000045602,1
P68104,P06430,1
Q3ZCQ8,P0DOE9,1
P55072,P04578-PRO_0000038428,1
Q92889,P05928,1
P08670,P15682,1
Q9NXX6,H9XIJ5,1
P16989,Q0HD54,1
O76021,Q8AZK7,1
O43390,P15682,1
Q86X55,P03428,1
Q15025,NP_579876,1
P17612,Q89270,1
P54760,P29996,1
P49902,P05777,1
Q96LI6,Q1HVG1,1
Q96AG4,P29991-PRO_0000037944,1
P17066,P04578-PRO_0000038427,1
P07237,P03431,1
Q02809,P04578,1
Q9HCU5,P29996,1
P33240,P03508,1
P00414,Q9WMX2-PRO_0000037548,1
Q9Y305,P05777,1
Q8WUM4,P69730,1
Q9Y2D8,Q9WMX2-PRO_0000037548,1
P63165,P03243-1,1
Q96BJ3,P36817,1
B8ZZN6,P03113,1
P62805,O56264,1
Q96A33,YP_009227201,1
Q13049,P06429,1
Q9BRQ8,P03468,1
Q9NXH8,P30119,1
P25311,Q9WMX2-PRO_0000037550,1
P62826,P04620,1
B0QYN7,NP_579883,1
P62834,P06461,1
O75688,P03430,1
Q8N4S7,Q32ZE1-PRO_0000435839,1
Q13162,YP_009227197,1
P02786,K9UT94,1
P52799,O89343,1
P82914,P03428,1
Q9NZI8,P03211,1
Q71U36,P12792,1
Q9Y5M8,Q05322,1
Q01813,P03070,1
O96005,Q9WMX2-PRO_0000037550,1
P27352,Q1HVF7,1
P10276,P06464,1
Q9UHD2,I6W9F2,1
Q8N7H5,Q32ZE1-PRO_0000435842,1
P22492,P21605,1
P62263,P03470,1
Q13200,Q8AZK7,1
P21964,P03468,1
Q9Y5K5,YP_009227204,1
P35914,P06477,1
P32969,Q77M19,1
O75955,B4URE7,1
O76094,P0DOE9,1
Q13151,D1LN35,1
P43243,Q05323,1
P04049,P29991-PRO_0000308465,1
O75396,P0DOE9,1
Q9P032,P06821,1
P00395,P36817,1
Q9NR12,P03177,1
P10809,P04487,1
P52630,P06747,1
Q07065,YP_009227200,1
P56385,P06821,1
Q9H814,P29991-PRO_0000037946,1
Q9NXF8,P10204,1
Q9Y4E8,P06428,1
Q96EL3,P03428,1
P07900,Q9WMX2-PRO_0000037552,1
P14866,P15682,1
Q7Z4H7,YP_009227199,1
V9GYM3,NP_751919,1
P10809,P03470,1
Q93062,Q6VGS8,1
Q9HBM0,YP_009227204,1
P52597,Q6QDQ4,1
P05556,P0CK56,1
P07900,P15682,1
O96005,P0C739,1
P60709,P06932,1
P62913,P05780,1
O75569,Q1I2B2,1
Q99623,P06427,1
O95873,YP_009227203,1
P13010,P15659,1
P51523,P03118,1
B7ZAQ6,YP_009227200,1
O43294,P0CK49,1
Q86SG4,P06788,1
Q8TBZ5,P0DOE7,1
Q15542,YP_009227205,1
P52272,P03454,1
P19387,YP_009227197,1
Q96DU3,C7SRR3,1
Q14511,P36799,1
P28300,Q2MG96,1
Q9Y2G8,Q2MG95,1
P82914,P03466,1
Q8IYB3,P05777,1
O95816,P15659,1
P42771,P04601,1
P98179,P03470,1
P43686,P0CK58,1
O60506,YP_009227196,1
P27635,P36801,1
P56192,P29990-PRO_0000037929,1
P51636,Q99IB8-PRO_0000045602,1
P54274,P27958-PRO_0000037566,1
F5H5U2,P03431,1
Q2TAL8,YP_009227205,1
Q8N4L2,P06461,1
Q86UT6,P03427,1
Q9P0J0,Q77M19,1
P19838,P03193,1
Q86XL3,YP_009227197,1
P17535,E7DBL9,1
P04264,P03470,1
P17844,Q6VGT1,1
O15303,Q8JSN8,1
Q01105,A0A024B7W1-PRO_0000443019,1
Q99729,P06465,1
P67870,B8ZX42,1
Q9Y3E0,P06460,1
Q96BI3,P36801,1
Q9NPA0,YP_009227203,1
P60468,P0CK58,1
P17032,Q8JSN5,1
P12814,P36780,1
P25789,P03470,1
Q12834,YP_009227199,1
Q9HCG7,YP_009227196,1
P51572,P29991-PRO_0000037944,1
Q9UBB5,P17367,1
P31151,P69284,1
Q68G75,P29996,1
O75410,Q20MD1,1
Q9H270,B8ZX42,1
Q02790,Q9Q2G4,1
O94905,P06927,1
P61106,P03468,1
O15400,P0C739,1
P13667,P36780,1
B4DQA8,P03468,1
P0DMV8,P15659,1
P17931,P03470,1
O95147,H9XIJ5,1
Q9H8X2,P27958-PRO_0000037566,1
P53365,Q77UU1,1
P02545,P10218,1
O43852,P03454,1
P08865,P03430,1
P60709,NP_705927,1
Q9P253,YP_009227205,1
O00232,P03496,1
Q9BVC6,P17385,1
P30041,P05777,1
Q13586,K9UT94,1
Q15084-1,Q99IB8-PRO_0000045596,1
B4DET5,YP_009227203,1
Q96M63,P06428,1
Q99729,P05777,1
P08195,P03428,1
O14735,B4URE7,1
P61978,Q9WMX2-PRO_0000037548,1
O75688,Q69117,1
P46781,P15659,1
Q9BVS4,YP_009227196,1
Q8N448,Q20MD1,1
J3QK89,P17367,1
Q15208,Q89733,1
Q9HD26,Q1K9H2,1
O00189,P03410,1
Q15014,A0A024B7W1-PRO_0000443019,1
Q86UA1,I6T1Z2,1
Q9NSC5,P0C6Z4,1
Q9BQE5,YP_009227203,1
P57088,P03182,1
P35250,P29991-PRO_0000037936,1
Q01844,P09992,1
Q9NTJ5,A0A024B7W1-PRO_0000443029,1
Q9NRD5,Q3KSR8,1
P11021,P15682,1
Q9Y5L0,P04585-PRO_0000042447,1
Q9UHV2,P06462,1
Q9BUP3,P04608,1
Q13137,P04295,1
A4D1E9,Q77UV1,1
Q9NYF8,P03454,1
Q3ZCQ8,P15682,1
P08240,YP_009227204,1
P08708,P10204,1
P05141,Q77M19,1
Q9NX14,P03087,1
O15269,P05777,1
Q9UJ14,P06460,1
O75489,P0DOE9,1
O75947,Q77M19,1
O43242,P03470,1
Q15907,P0DOE7,1
P30281,Q2PRM9,1
Q8WZ19,P06788,1
P08107,Q8AZK7,1
Q9HBJ7,P03129,1
Q8NHL6,P35961,1
Q13363,P35256,1
P51148,Q77M19,1
Q9BRK5,Q1K9H5,1
Q9BWF2,P06932,1
P46778,Q1HVF7,1
Q9UJS0,P03427,1
P41567,Q9WMX2-PRO_0000037548,1
P29692,P03454,1
Q7Z434,A2T3M4,1
P04049,C5E526,1
Q96B96,P29996,1
Q5R3I4,P30119,1
Q9HBJ7,P06788,1
Q96K17,P03427,1
Q9H330,P06460,1
O75880,P06463,1
Q9Y678,P06463,1
Q9NV96,P0C739,1
F2Z2I2,P03433,1
P26196,Q99IB8-PRO_0000045601,1
P07355,P05780,1
P23284,YP_009227200,1
O43825,P29996,1
P06733,Q3SBS5,1
P62258,Q9WPI5,1
P17980,Q2MG95,1
P47897,Q8JSN8,1
Q13137,Q99IB8-PRO_0000045603,1
Q99613,P03470,1
Q9BZF1,P0DOE9,1
Q6IAA8,YP_009227196,1
Q8N163,P03431,1
P82932,P03410,1
Q86X55,P14079,1
P60842,Q6QDQ4,1
Q13263,P06423,1
Q5T160,P29990-PRO_0000037929,1
Q9H7B2,D0UZP9,1
P17302,P17385,1
P98172,P0C739,1
Q9Y3B7,P04591-PRO_0000038596,1
O00571,P68466,1
P35544,P03427,1
Q96M95,P03427,1
O15503,P10204,1
P28066,Q2MG95,1
P18084,P04608,1
Q96S59,Q98143,1
O00308,K9UT94,1
Q92499,Q9WMX2-PRO_0000037541,1
Q8IYS2,P06792,1
Q6PIU2,A0A024B7W1-PRO_0000443029,1
P25205,P03470,1
Q9UHD8,P03225,1
P24863,P0DOE9,1
P28838,P03470,1
P68032,P05777,1
O14828,Q1K9H5,1
Q09161,C5E524,1
P06241,P03407,1
Q9BYN8,YP_009227196,1
O15144,P16727,1
O95297,P0CK58,1
P63208-1,Q6TVW2,1
Q8WUK0,P29990-PRO_0000037929,1
Q9Y6G9,P0DOE9,1
Q9NXE8,Q32ZE1-PRO_0000435842,1
Q96PV6,YP_009227205,1
Q9Y5X3,P06463,1
P52434,Q77M19,1
Q9HA64,P88959,1
Q15717,D1LN35,1
Q15057,P04297,1
Q8IUD6,P06429,1
Q9UJM8,P27958-PRO_0000037577,1
Q12933,P03230,1
P62495,P03470,1
P04792,YP_009227202,1
P43487,P17385,1
Q9UKV8,P03428,1
Q92831,Q76QC2,1
P40937,P05777,1
Q8TAT6,YP_009227200,1
P60468,P06460,1
P13378,Q9WMX2-PRO_0000037547,1
P61604,P15682,1
Q9Y320,P06792,1
A1KXE4,P0C762,1
Q5H9R7,P0CK48,1
P61160,P16727,1
Q8WVX9,P0C0U1,1
Q9NX14,P06428,1
P08107,Q05322,1
Q12996,P03431,1
P05186,P03129,1
Q9BVG9,P06460,1
Q9UHB9,P04015,1
Q99541,P10204,1
Q58F21,P03427,1
P12931,YP_009227196,1
P42568,YP_009227205,1
O75027,P06460,1
P18124,P05780,1
P98175,P03470,1
P29320,Q8JSN8,1
O60884,P03470,1
Q9Y3E0,P06927,1
O60814,P36817,1
Q8N4V1,P29996,1
O15111,Q76RF1,1
Q9NZ09,P88991,1
P10144,P03265,1
Q9Y676,YP_009227196,1
Q9UBQ5,P06477,1
P19338,P0C6L3,1
P62277,P05777,1
P05386,P15659,1
P02795,P36780,1
Q9UMS4,Q20MH3,1
Q14699,P0CK58,1
P52565,Q69117,1
Q15428,P03470,1
P62826,P03255-2,1
Q12959,P09708,1
O43805,Q1K9H5,1
Q5T160,P29991-PRO_0000037943,1
Q92530,Q6VGS8,1
P50616,P36780,1
P27348,P05780,1
A6NIH7,YP_009227202,1
P45974,P29991-PRO_0000037941,1
Q14974,Q05322,1
Q13114,P03129,1
Q9NPA8,P03255,1
Q07065,Q99IB8-PRO_0000045596,1
Q9NQ84,C5E519,1
Q9BVG3,Q99IB8-PRO_0000045596,1
Q5JTV8,P0DOE9,1
Q5M7Z0,P36817,1
Q00839,EBI-6857440,1
Q6ZT21,Q32ZE1-PRO_0000435839,1
P05067,D2XQB9,1
E9PK25,NP_751919,1
H7BY58,P06929,1
Q8WVX9,P0DOE9,1
P14866,P03454,1
E9PF18,Q9QLP4,1
Q13884,P03126,1
Q9P003,P29996,1
Q5T7W7,P03126,1
Q03060,P17387,1
Q6ZUT1,P03410,1
Q9NX07,I6T1Z2,1
Q6ZMG9,P05780,1
B4DIT7,P03468,1
Q15417,P03470,1
P00367,P06821,1
P30291,P03427,1
Q9BQB6,Q20MH8,1
Q7Z4F1,P0C739,1
P26641,P03468,1
Q9H3P7,Q66578-PRO_0000039736,1
Q9UNE7,Q8AZK7,1
Q9P000,B4URE7,1
Q15629,P0CK49,1
P46779,P06477,1
O43505,YP_009227203,1
Q14681,Q98143,1
Q8WWF6,I6T1Z2,1
Q9HC36,P05777,1
O00148,P03468,1
Q658P3,P05777,1
Q9Y277,P17385,1
Q9UBM7,YP_009227201,1
Q70UQ0,P0CK49,1
O15151,Q6VGW0,1
P53365,P03118,1
P27635,P05777,1
Q14137,P03508,1
Q8WUX9,YP_009227196,1
Q9BSA9,P0C739,1
Q8IZ52,Q2MG96,1
Q9NX61,P03087,1
Q15326,Q3KSV2,1
P51571,P04578,1
Q9BUQ8,P09992,1
Q9UHD2,O41932,1
P62269,P03496,1
P29034,P05780,1
Q96Q11,Q8JSN8,1
Q5VWZ2,Q77M19,1
P08670,P0C762,1
P02795,P24830,1
P35998,P13285,1
Q8TCJ2,YP_009227200,1
A6NDU8,A0A024B7W1-PRO_0000443029,1
Q9H3N1,P04578,1
O95573,YP_009227203,1
O43143,P03430,1
Q8N0Z3,C5E527,1
O60218,P03468,1
Q8TF71,P10224,1
O95433,P05777,1
P29966,A0A0C7TUY8,1
P25788,Q69022,1
Q6IQ22,YP_009227203,1
Q9P0M9,P03466,1
Q86UW2,P29996,1
H0Y8C3,P06930,1
P61978,Q9J0X9,1
P14854,P04578-PRO_0000038428,1
Q07021,P15682,1
Q7LBR1,P03433,1
Q6NTF9,Q1K9H5,1
Q8IZ26,P03427,1
Q99759,Q6DP93,1
P08047,P03070,1
Q92783,YP_009227202,1
P31749,P03165,1
Q9H4A4,P08563-PRO_0000041303,1
Q8N3Z0,P03430,1
P78346,D0UZP9,1
P84243,P04620,1
P82979,Q8JPQ9,1
Q9HDC9,P06927,1
P07910,P08325,1
P05388,P03427,1
P62195,P30119,1
P84996,Q1K9H5,1
P22626,P03496,1
Q13310,P03427,1
P11166,P03246,1
P06454,Q1K9G9,1
Q9P0L0,P0C739,1
O15226,YP_009227196,1
P04637,Q1HVG1,1
P84090,P04620,1
O15111,Q77M20,1
Q9Y5S1,P04494,1
P80188,P06921,1
O43175,Q66479-PRO_0000426162,1
Q9BXU7,E7BBT6,1
Q9UKM9,Q1K9H2,1
P00403,P29990-PRO_0000037929,1
F5GX77,P06821,1
Q9HDC9,P69901,1
Q3ZAQ7,YP_009227196,1
Q96BZ8,P06429,1
P11166,P03452,1
Q8TB36,P29991-PRO_0000037944,1
Q12906,P21605,1
P46783,Q0HD54,1
Q02878,P06930,1
P26038,P05919,1
Q15084,P03470,1
Q9Y282,P04578,1
Q8TCJ2,YP_009227196,1
Q96SL1,A0A024B7W1-PRO_0000443029,1
Q9P0L0,P03182,1
P06576,P03496,1
Q9BRK4,P18378,1
P25789,P27958-PRO_0000037573,1
Q8N2U9,YP_009227203,1
P13500,O41925,1
Q5VTE6,P03431,1
P53985,Q77M19,1
P27352,P03211,1
P25787,B4URF7,1
P17028,P17387,1
Q9NVI7,P03430,1
Q9NY61,YP_009227196,1
P18887,P06929,1
Q13153,Q5PP90,1
O14735,P05777,1
Q9BXP5,Q9WMX2-PRO_0000037548,1
Q9UER7,P27313,1
Q01860-1,P03129,1
Q99816,P0C706,1
Q9H0U9,B8ZX42,1
P78368,P03427,1
O00264,P04578-PRO_0000038428,1
P20042,P05777,1
P40227,P04413,1
P07992,P05928,1
Q9NYL5,P03087,1
Q6ZP65,P03427,1
Q9NPE3,P03431,1
Q9UBM7,P03485,1
Q9Y385,YP_009227196,1
Q06330,Q76R61,1
Q96JJ7,P0C739,1
Q9BTX1,YP_009227203,1
Q4G0I0,A0A024B7W1-PRO_0000443029,1
O75925,O41969,1
Q9BYD2,P29991-PRO_0000037936,1
P30153,P15659,1
Q9NZ43,A0A024B7W1-PRO_0000443029,1
O94905,P0C739,1
Q14790,NP_803144,1
P33992,Q89268,1
Q13724,P05777,1
P62333,P06463,1
O43592,P05780,1
Q8N1B4,P36778,1
Q7KZF4,YP_009227205,1
P27348,P0DOE9,1
Q9UBS4,P03496,1
Q86Y39,Q32ZE1-PRO_0000435839,1
P05388,P05780,1
P07858,P03177,1
Q9Y5L4,P04578-PRO_0000038428,1
P52272,P03427,1
O75688,P0CK56,1
P20226,P03070,1
O75746,A0A024B7W1-PRO_0000443029,1
Q8N766,YP_009227204,1
P11940,P07939,1
Q96QF0,P03120,1
Q53GQ0,Q77M19,1
Q9BZG1,Q2MG95,1
Q16891,P03246,1
P51991,P04620,1
P45984,P03428,1
P47813,NP_751919,1
P33240,P03428,1
P0C0S8,P15659,1
P63241,P05777,1
O15151,P03255-2,1
Q9NQX7,P0CK58,1
O60884,P15659,1
P84103,P03466,1
Q99733,P04608,1
P30520,Q8JSN8,1
Q13838,Q8JPQ9,1
P07196,P06430,1
Q14318,P06792,1
P15586,P0C739,1
O43169,YP_009227196,1
P14406,O36551,1
O60762,P29990-PRO_0000037929,1
Q9HBG7,M0QTU7,1
P16070,B8ZX49,1
P12931,P03407,1
Q9Y570,P06921,1
P37173,P0C739,1
Q53G59,Q32ZE1-PRO_0000435838,1
O95816,YP_009227202,1
P10909,P06792,1
Q9BZE1,P29991-PRO_0000037936,1
Q15365,P36778,1
A0A0C4DG91,P06428,1
Q15517,P06821,1
B4DUC8,P03496,1
P11279,P08669,1
O60565,P06461,1
Q13547,P03244,1
Q7Z4H7,P03428,1
Q9Y6M5,Q9ICL0,1
Q9Y224,Q1K9H5,1
P02792,NP_751919,1
Q6NW34,C5E526,1
P48047,P06792,1
P02533,P24835,1
Q969X1,P36801,1
P06400,Q77Q82,1
Q8WTV0,P27958-PRO_0000037570,1
Q01813,P06427,1
Q9BRJ2,P29991-PRO_0000037936,1
P08238,P05780,1
P35613,P0CK56,1
P46781,P05780,1
Q96DV4,P03428,1
Q9NRC1,YP_009227203,1
Q709F0,P21698,1
Q8NCD3,C5E527,1
P61758,P03470,1
Q66PJ3,Q77UV1,1
Q9H0W5,Q1K9H5,1
Q9NVH1,P06792,1
P62244,P29990-PRO_0000037929,1
Q14974,A0A2Z5X739,1
P40227,YP_009227199,1
Q16236,P36791,1
Q9UGP8,P06460,1
O96013,P03433,1
P49023,P30119,1
Q9BRV3,P24835,1
O75947,P29991-PRO_0000037944,1
Q9UBX5,Q9WMX2-PRO_0000037548,1
Q02978,P05777,1
Q99653,P0CK56,1
P62995,Q3KSU1,1
Q9BTX1,YP_009227197,1
O95429,P03070,1
Q6NZI2,P15682,1
P31040,P03246,1
P08708,P04620,1
Q14746,Q99IB8-PRO_0000045597,1
Q7Z434,P69901,1
Q15038,P06930,1
Q71UM5,P06430,1
O00487,P03470,1
Q05086,P23372,1
Q8IYD1,P05777,1
Q04864,P06788,1
P28482,Q69559,1
Q92665,I6TAH8,1
Q96C00,P06429,1
Q96QR8,YP_009227196,1
P55769,P03433,1
P49368,P12792,1
Q96S52,Q99IB8-PRO_0000045597,1
P06733,P04487,1
Q9H936,P0C739,1
O00629,YP_009227205,1
P46782,P05780,1
Q9P253,YP_009227196,1
O75477,Q49PX0,1
P62847,P05777,1
Q8IWX8,P17383,1
P62424,Q89733,1
O95772,A0A024B7W1-PRO_0000443029,1
Q13573,P17863,1
Q16850,YP_009227200,1
Q14145,Q194T2,1
Q13509,P06821,1
O60341,P10191,1
Q15022,P06929,1
Q9BRK4,P04288,1
P31942,P03470,1
O95793,P04591,1
P05141,P05780,1
Q8N9N5,P03203,1
O00308,P06790,1
Q8N9N5,P03496,1
Q99832,P69723,1
P31040,Q77M19,1
Q13438,P36827,1
P42677,Q69117,1
P49458,Q82506,1
Q5VVJ2,O41964,1
O15155,Q32ZE1-PRO_0000435839,1
Q99733,P04620,1
P33240,Q1K9H5,1
P00338,P24835,1
P51648,C5E527,1
Q9BXK5,P03118,1
Q8WWF6,P03428,1
A0A087WWT0,Q76R62,1
Q6ZMG9,YP_009227203,1
P04792,P03470,1
Q12907,Q77M19,1
Q6NXQ0,P06422,1
Q86WN1,Q69022,1
P49458,P03470,1
Q9Y3L5,P03452,1
Q9NP72,P06460,1
O43865,A0A024B7W1-PRO_0000443032,1
Q04837,Q8AZK7,1
P43243,P03470,1
P84022,Q80907,1
Q03519,P03170,1
P61604,P03470,1
P15408,P06464,1
Q9UHV9,P09992,1
P13667,P03220,1
Q9GZR7,P04620,1
P18887,P06930,1
P36578,P03427,1
Q8TAF8,P29996,1
Q8WXE1,P06821,1
Q96QV6,B4URF7,1
Q9BXS5,P18092,1
Q9NP87,P06429,1
Q07960,P03225,1
O60783,P03466,1
O43242,P06463,1
Q07666,P03430,1
P51116,P03466,1
Q66LE6,Q76S40,1
Q96T21,Q9WMX2-PRO_0000037548,1
Q9BZE4,P03430,1
Q96RS0,Q5EP28,1
Q9NVP1,P17383,1
P01730,Q1PHM6,1
O43252,YP_009227205,1
Q8NI08,H9XIJ5,1
J3KR72,NP_040313,1
Q5TGY1,P0CK56,1
Q96S66,P0DOE9,1
Q9Y4E8,P03454,1
P04637,P06921,1
P62191,P03427,1
O14681,P06460,1
O95990,P10204,1
P37235,P05780,1
Q9HAV7,P05777,1
P62829,P12418,1
P49257,YP_009227201,1
Q9NXF1,P88968,1
P23396,P15682,1
P28288,P29991-PRO_0000037944,1
P04844,P69901,1
P31946,P06428,1
Q96EA4-1,O41941,1
Q8TBQ9,P10204,1
Q07817,P36778,1
Q71SY5,P06481,1
Q8NAF0,P04608,1
Q9Y6Y0,P04591,1
P06493,P05780,1
Q9BUJ2,P03243,1
Q9GZN7,Q9WMX2-PRO_0000037548,1
Q9UJC3,P29991-PRO_0000308465,1
P11021,P15659,1
Q9BUJ2,P03508,1
Q86SQ7,Q98143,1
Q00839,P19712-PRO_0000038050,1
P36873,Q20MH3,1
Q9BUT9,P04578-PRO_0000038427,1
P08621,P03466,1
P35268,P24772,1
P30508,P0DOE9,1
Q14241,P05777,1
P20700,P04578,1
Q9Y5M8,C5E519,1
Q99729,Q997F2,1
Q86SQ7,Q99IB8-PRO_0000045599,1
Q86SJ2,P03468,1
P13639,P05777,1
Q7L5D6,YP_009227198,1
P46087,P03428,1
Q96PD5,Q76RF7,1
P19338,P19712-PRO_0000038050,1
Q16649,P0C746,1
O15444,Q9YP87,1
Q9NZ01,P03468,1
P49721,P03428,1
P62241,P03430,1
Q96KA5,P03468,1
Q12933,NP_751927,1
Q14974,P03454,1
P35637,P03129,1
A0AV02,P29996,1
Q02040,P17383,1
P43364,P03431,1
Q9Y4R8,P06821,1
P09543,P03225,1
O14828,P17385,1
Q8TAE8,A0A024B7W1-PRO_0000443019,1
J3KN59,P03247,1
Q96SI1,P17387,1
P50281,P0CK58,1
Q9HD26,Q2Q067,1
F8VYE8,P03431,1
Q5SWX8,P03470,1
Q9NXS2,P03428,1
Q9H1D9,H9XIJ5,1
Q9NPI7,O41964,1
Q8IXK0,P03454,1
P02545,P03470,1
P17987,P03454,1
Q9NRD5,Q3KSS4,1
P49023,P03220,1
G3V5T9,P14079,1
Q9BVK6,YP_009227198,1
P26196,P03182,1
O95295,L0N4F0,1
Q32MZ4,P09992,1
O15127,P06792,1
Q9Y5V3,Q20MH8,1
Q96CW1,P05777,1
O14548,O36551,1
Q00403,P87662,1
P50222,P03468,1
Q86WP2,Q32ZE1-PRO_0000435842,1
B4DG79,YP_009227201,1
P62487,P06427,1
P78362,P03427,1
Q8WVC0,P06935-PRO_0000037753,1
O15514,Q98140,1
P16989,P03433,1
P63010,P14357,1
Q99961,P03332,1
A2RUB6,P29991-PRO_0000037941,1
P02768-1,P88993,1
P42330,P03508,1
Q9Y230,P03220,1
O94973,P03508,1
E9PLL6,P03508,1
Q496F6,P36810,1
O15173,Q9WMX2-PRO_0000037552,1
P20963,Q02840,1
Q10589,A9QPL9,1
P05783,P15659,1
Q9UHX1,P15682,1
Q9Y2G8,B4URF0,1
Q9UJX4,P29991-PRO_0000308465,1
Q8N5G0,A0A024B7W1-PRO_0000443029,1
Q8NBM4,P69901,1
Q9H8H2,Q32ZE1-PRO_0000435829,1
Q8NFQ8,YP_009227203,1
Q13105,P03496,1
Q9Y678,P03468,1
Q14318,Q66479-PRO_0000039499,1
Q14653,Q77M20,1
Q6P1W5,P03508,1
Q9UHE5,P29996,1
O60825,P03427,1
Q07817,P06921,1
Q13547,P03129,1
Q9Y487,YP_009227196,1
Q01130,YP_009227196,1
Q9BRS2,P05777,1
O95757,Q77M19,1
P84103,P03430,1
P35219,P06430,1
P14618,P05777,1
P35998,Q77M19,1
Q92564,P05780,1
O43719,A4ZNP8,1
Q14258,F1BA49,1
Q8N448,Q85601,1
O43251,P03452,1
Q96HR9,A0A024B7W1-PRO_0000443029,1
Q15166,NP_751926,1
Q10471,P06460,1
P27105,P06792,1
Q9NP72,P03182,1
Q9Y230,P03427,1
Q71U36,B9VXK6,1
P32519,P06428,1
Q9HB07,P24835,1
F8WB74,P36817,1
P05787,NP_751919,1
P11166,P0C739,1
E9PMD8,P03427,1
P0DP23,P15659,1
P35613,K9UT94,1
Q9UHC7,P03427,1
Q15434,Q2MG95,1
Q9Y512,P29991-PRO_0000037944,1
Q9Y2R9,P29991-PRO_0000037936,1
P38936,P27958-PRO_0000037566,1
P24468,YP_009227202,1
Q9Y3Q8,Q3KSQ2,1
P46108,P29996,1
P02545-1,P03247,1
A6NCC3,P29991-PRO_0000308465,1
P49755,P06788,1
P46783,P05777,1
Q96AA3,P06460,1
Q9H1C4,P0C739,1
O95810,B8ZX42,1
O43521,P24356,1
O95817,P05780,1
Q17RD7,P03129,1
P61956,P19893,1
Q92688,P29991-PRO_0000037946,1
Q9NPA0,Q9WMX2-PRO_0000037550,1
C9JYA1,A0A288CFT1,1
Q01130,P03427,1
Q96BA8,P69901,1
Q9Y241,Q1I2B2,1
P61978,NP_740671,1
A0A0C4DGQ5,P06430,1
P35453,Q1K9H5,1
Q9NRW3,P89903,1
P62888,P03470,1
O15226,O56264,1
Q9NVM1,P0C739,1
P27694,P09992,1
Q8WU76,YP_009227196,1
Q7L4I2,P06428,1
P01889,P06821,1
Q99623,P69901,1
Q16891,P05780,1
Q8TED0,P15682,1
P23528,P05777,1
P61978,P19712-PRO_0000038050,1
Q9Y230,P03433,1
Q14257,P17386,1
Q04917,P0CK58,1
Q9H6L5,YP_009227203,1
Q13907,YP_009227197,1
P46779,P05780,1
Q12849,P05777,1
Q9Y287,Q1K9H5,1
Q13263,Q8JPQ9,1
P63010,P04601,1
Q16611,P03126,1
Q9NPD8,P24830,1
Q14512,P06428,1
P51572,P06428,1
Q8NBJ5,YP_009227200,1
P62333,P29990-PRO_0000037929,1
Q12797,P0CK48,1
Q70UQ0,YP_009227200,1
P02760,P14335-PRO_0000037710,1
Q71UM5,P06464,1
P98179,P15682,1
P23528,P03427,1
Q14186,P03070,1
P05161,P0C739,1
P56537,P06423,1
Q8IWB1,P04578,1
P18887,P03126,1
P23381,P36801,1
P61962,P03431,1
Q9NXV2,Q98143,1
Q03519,P06792,1
Q99614,P29991-PRO_0000037946,1
Q9NXW2,P05780,1
Q12959,Q06093,1
P62917,P03470,1
O75396,P03468,1
Q96SB4,P03211,1
Q71U36,P09992,1
P98175,P17383,1
Q9Y4P3,P06927,1
P31943,P05780,1
Q9NZC7,F5HE15,1
Q8N9N2,YP_009227202,1
Q4U2R8,P29996,1
Q9P2Y4,P03129,1
Q9UHY1,P36778,1
Q96KC8,P03246,1
Q8WWH5,P36778,1
Q9UI10,P12792,1
Q96JJ7,YP_009227200,1
O60888,P36801,1
Q9UIK5,P14335-PRO_0000037713,1
P27105,Q8JSN8,1
O00391,P03182,1
P48643,Q6VGS8,1
O43731,P06460,1
Q9NQ92,P03496,1
Q86UA1,B4URF7,1
Q9H496,P0CK57,1
P29084,Q69022,1
Q9NRJ3,O57300,1
O75460,YP_009227203,1
P39023,P06461,1
Q14566,P03470,1
P05141,P03470,1
P98194,P06927,1
P35659,P03470,1
Q13151,P03427,1
Q99653,P06460,1
Q9HAV7,Q8AZK7,1
P14625,P05777,1
P62847,P03454,1
O75190,Q8AZK7,1
Q5T4F4,P29996,1
P19838,Q76VT2,1
Q8IUX4,NP_579881,1
Q8N5P1,O92597,1
Q15006,YP_009227198,1
Q13616,Q83730,1
O00560,Q2KRY7,1
Q9Y6N5,P06788,1
P31946,P15659,1
P03923,Q8JSN8,1
O00505,P16727,1
Q8NBS9,Q99IB8-PRO_0000045602,1
P50995,P36817,1
P09543,P0C739,1
O75306,NP_751919,1
P19404,YP_009227201,1
P49069,F5HDA4,1
P25686,P15659,1
Q14872,Q58HT7-PRO_0000268112,1
Q9NSC5,P0CK47,1
P84077,P05777,1
O60762,P0CK56,1
Q9NYF8,P05777,1
Q9UK99,P21698,1
P62333,P03255,1
Q9UBF2,Q77M19,1
Q9NZL4,Q77M19,1
P52298,P03496,1
P07355,P27958-PRO_0000037575,1
P30519,P69901,1
Q13950,P03118,1
Q7Z4H7,P10211,1
P62701,Q82506,1
Q9H307,Q1K9H2,1
Q99615,I6T1Z2,1
P61978,P03430,1
Q9BY27,P03410,1
P15880,Q8AZK7,1
P55209,P04608,1
P07900,P03129,1
K7ERV3,P68563,1
Q8NHQ9,Q32ZE1-PRO_0000435829,1
P52429,YP_009227196,1
P60604,Q99IB8-PRO_0000045600,1
O95905,P36810,1
Q96QF0,P06423,1
Q01831,C5E522,1
P15529,Q3KSV2,1
O75526,Q1K9H2,1
Q8TD20,P15659,1
O43617,P06821,1
Q06787,Q58HT7-PRO_0000268116,1
Q9BVG9,P06792,1
P48047,Q2MG95,1
P22736,P06422,1
Q9NYQ3,P27958-PRO_0000037576,1
Q8WWH5,P24830,1
P22087,P03430,1
Q9Y383,Q1K9H2,1
Q9NWS8,P29991-PRO_0000037944,1
Q13829,P03129,1
Q8N7H5,P09866-PRO_0000038010,1
Q15629,P0CK56,1
Q9Y2J4,Q2KRY7,1
Q8WWY3,P05777,1
P50281,P0C739,1
Q9BUL8,P06788,1
Q9BVC6,P06461,1
P01130,Q20MH8,1
P46977,C5E526,1
Q86XP3,P06788,1
O96006,P03185,1
Q96GM8,P04620,1
O75306,P03431,1
P48551,NP_740302,1
O95674,P06461,1
P57735,P08563-PRO_0000041303,1
P31274,P36778,1
Q8NFF5,Q9Q2G4,1
P14314,YP_009227197,1
P00403,P36801,1
P24864,P03129,1
P12931,Q9WNA9,1
Q6ZW76,A0A024B7W1-PRO_0000443032,1
Q7Z7M9,P06430,1
P19784,Q1HVF7,1
O14633,Q86500-PRO_0000041225,1
Q96K49,P06463,1
P13489,P03126,1
A0A0U1RQC9,AP_000529,1
Q7LGA3,Q99IB8-PRO_0000045600,1
O95433,P06821,1
P35544,P05777,1
Q9H1Y0,Q30NB4,1
Q96AY3,Q98138,1
P0DPH7,P03129,1
Q15165,P04578,1
P14618,P0C706,1
Q53H82,P36801,1
O15371,P15682,1
Q9Y287,P04578,1
O75396,P04578,1
O00559,P27958-PRO_0000037566,1
P22736,P36791,1
P38646,P03430,1
Q14739,P29990-PRO_0000037929,1
P50402,P05780,1
Q96EE3,P04578-PRO_0000038427,1
P35250,Q1K9H5,1
Q8N5K1,YP_009227201,1
Q5H9I0,P17387,1
Q14141,P27958-PRO_0000037577,1
Q8NGL6,P05780,1
Q8TCJ2,P06460,1
Q13111,Q1K9H5,1
P26599,P05777,1
Q6IBJ0,P36780,1
Q9Y3B3,P26672,1
P26045,P03126,1
P36542,P03427,1
Q13077,Q98325,1
Q96MD7,P10204,1
Q92783,YP_009227203,1
Q8WUJ0,P36817,1
Q4KMQ2,YP_009227200,1
O15269,I6T1Z2,1
Q15084,P23372,1
P62269,Q8AZK7,1
Q96GM8,A0A024B7W1-PRO_0000443019,1
O95251,P36827,1
P05455,P03430,1
Q96MM3,P36801,1
J3KN59,P04492,1
Q05D60,Q8AZK7,1
Q06330,P12978,1
P10809,P05777,1
Q8IYB3,P03211,1
Q12824,H9XIJ5,1
Q8WV24,Q805H7,1
Q96MX6,P17383,1
Q6NSJ2,B4URF7,1
P62899,Q77M19,1
O75947,P29990-PRO_0000037929,1
Q92841,O56264,1
Q9P253,P05780,1
P00414,P06428,1
Q9BY27,P14079,1
Q04837,Q99IB8-PRO_0000045596,1
P48426,P04578-PRO_0000038428,1
Q9Y2Z4,Q1K9H2,1
P30837,P03452,1
Q8N5C6,P15682,1
P24534,Q69117,1
P35610,O36551,1
P62273,P03454,1
P29508,Q99IB8-PRO_0000045595,1
P60468,P0CK56,1
Q9GZS3,B4URF7,1
Q8NHL6,M0QVV7,1
O14545,P0CK56,1
Q02539,P03485,1
B7ZKJ8,Q76R62,1
Q5VV42,YP_009227197,1
P62807,P03470,1
Q9ULR0,Q20MH3,1
Q5GH72,Q99IB8-PRO_0000045600,1
O14744,P05777,1
Q00325,P03427,1
O00571,O56264,1
Q8WVX9,P69901,1
P62244,P03427,1
O14733,P20505,1
Q969Q5,A0A288CFT1,1
Q8NFQ8,Q20MH8,1
Q8WW12,P10240,1
Q6P587,O40948,1
Q9NV96,P03246,1
Q9NRN7,P03454,1
P50991,Q20MH8,1
P49137,P15682,1
P31151,Q1K9G9,1
Q9UBB9,YP_009227196,1
Q96IZ2,P29996,1
Q9NZF1,P03431,1
Q10471,Q76SF8,1
H0YKY3,P03129,1
Q8N998,P06477,1
P62851,P03454,1
Q53HI1,P17385,1
Q9P013,P17386,1
Q9BRK5,P04578-PRO_0000038427,1
P40227,P0CK56,1
Q9NWC5,Q9WH76,1
Q07065,YP_009227203,1
Q9P0I2,YP_009227201,1
P07437,P10225,1
Q92905,O41946,1
P27797,P14079,1
P61163,P06821,1
Q16533,P06429,1
P20807,P06429,1
P55060,P29990-PRO_0000037929,1
Q8NBN7,P0DOE9,1
Q96AQ6,YP_009227200,1
Q93062,P03428,1
O14744,Q5MJ03,1
P0C0S5,P05777,1
P00395,P06428,1
Q9UNL2,P06927,1
P51665,P03452,1
Q9P270,P0CK58,1
P17980,P06485,1
Q8TD31,Q8JSN5,1
P16070,P0CK56,1
P15498,P04601,1
Q01094,P06788,1
Q5HYI8,P06792,1
P19634,YP_009227200,1
Q56VL3,Q8JPQ9,1
O95793,O92551,1
O43866,Q3KSV2,1
Q86WV6,YP_009227203,1
P24941,Q9DUG7,1
Q12933,Q80908,1
P62834,P05777,1
O43865,P04288,1
Q07666,Q9WMX2-PRO_0000037548,1
Q13227,P06790,1
Q96EY8,Q194T2,1
Q8N5R6,P03508,1
P63220,Q0HD54,1
Q9HD26,P03126,1
Q15365,P06423,1
P04792,Q20MH0,1
Q15366,Q8AZK7,1
O95478,O40939,1
A8MYV6,Q69027,1
P08754,Q9WMX2-PRO_0000037551,1
Q9BU76,YP_009227205,1
Q9UKV5,YP_009227204,1
Q14393,P0CK49,1
Q9Y230,P17383,1
O14907,P06930,1
P08240,P03182,1
P46776,P09992,1
Q9UHQ4,P03433,1
Q9UM00,P15659,1
P62491,P04578,1
P40937,I6T1Z2,1
Q7L2H7,P15659,1
Q6PF05,P0C206,1
Q9BRK0,YP_009227203,1
P09234,P03470,1
P13760,P03437,1
P04792,P03454,1
Q9HDC9,P06461,1
Q8NFQ8,P04578-PRO_0000038427,1
P22087,Q773G3,1
Q9Y6N5,Q2MG95,1
Q76M96,P23372,1
P27449,Q66479-PRO_0000039499,1
Q96BJ3,P36778,1
P52294,F5HE15,1
P26196,P03070,1
P50222,P03431,1
P63279,O41969,1
O14828,Q77M19,1
O75352,P03087,1
